true_label,predicted_label,confidence
likely_real,likely_real,0.9798125834751176
likely_real,likely_real,0.8509821626493557
likely_real,likely_real,0.8086815527007153
likely_real,likely_real,0.7808017646435763
likely_real,likely_real,0.985231469611186
likely_real,likely_real,0.9821984892041533
likely_real,likely_real,0.9895979280531926
likely_real,likely_real,0.9400125961369098
likely_real,likely_real,0.9493051516915801
likely_real,likely_real,0.8597827822650326
likely_real,likely_real,0.8827496950150479
likely_real,likely_real,0.8845127249535706
likely_real,likely_real,0.9460743815169327
likely_real,likely_real,0.923609442903568
likely_real,likely_real,0.9860961829420803
likely_real,likely_real,0.951324166084042
likely_real,likely_real,0.9285300487773417
likely_real,likely_real,0.9581189735421856
likely_real,likely_real,0.9823731381306344
likely_real,likely_real,0.9767526449559947
likely_real,likely_real,0.9933723370658128
likely_real,likely_real,0.9697561792387107
likely_real,likely_real,0.9390528453450238
likely_real,likely_real,0.8086805305937137
likely_real,likely_real,0.9830608897154679
likely_real,likely_real,0.9666959951785373
likely_real,likely_real,0.9753756626166978
likely_real,likely_real,0.9283952577793599
likely_real,likely_real,0.9883135906748752
likely_real,likely_real,0.9555005774526503
likely_real,likely_real,0.9660361424124492
likely_real,likely_real,0.9773898031283207
likely_real,likely_real,0.9810860146695783
likely_real,likely_real,0.9754724946203014
likely_real,likely_real,0.9617885753003983
likely_real,likely_real,0.9719466635165205
likely_real,likely_real,0.97756959579568
likely_real,likely_real,0.957714819018822
likely_real,likely_real,0.920588103744565
likely_real,likely_real,0.9582920656079773
likely_real,likely_real,0.9610081698078362
likely_real,likely_real,0.9302700081524732
likely_real,likely_real,0.9154618953550642
likely_real,likely_real,0.9580614164398554
likely_real,likely_real,0.9894624169085638
likely_real,likely_real,0.957845458740024
likely_real,likely_real,0.9890734952667953
likely_real,likely_real,0.949552220351933
likely_real,likely_real,0.7554307283301022
likely_real,likely_real,0.9795196817767149
likely_real,likely_real,0.8552029136871424
likely_real,likely_real,0.9638624380660104
likely_real,likely_real,0.9514068071235791
likely_real,likely_real,0.979615006833573
likely_real,likely_real,0.6191963823701755
likely_real,likely_real,0.8627204709469858
likely_real,likely_real,0.9924882368637977
likely_real,likely_real,0.964680675774938
likely_real,likely_real,0.9658959478577728
likely_real,likely_real,0.9964929201125939
likely_real,likely_real,0.9590087256752144
likely_real,likely_real,0.9853712135188267
likely_real,likely_real,0.9162531720733018
likely_real,likely_real,0.943689025901203
likely_real,likely_real,0.9878755333194436
likely_real,likely_real,0.9674871105644323
likely_real,likely_real,0.8982953619541457
likely_real,likely_real,0.898942233601592
likely_real,likely_real,0.9931080946381324
likely_real,likely_real,0.9876278754737131
likely_real,likely_real,0.9735567653492669
likely_real,likely_real,0.9528738603562338
likely_real,likely_real,0.9909354431169621
likely_real,likely_real,0.9238813938638585
likely_real,likely_real,0.9459647077314488
likely_real,likely_real,0.9590739799834054
likely_real,likely_real,0.9240961241707282
likely_real,likely_real,0.9285446765594495
likely_real,likely_fake,0.5483741741455721
likely_real,likely_real,0.9415105405083217
likely_real,likely_real,0.9579676675884451
likely_real,likely_real,0.9799916518316709
likely_real,likely_real,0.976172813519222
likely_real,likely_real,0.9736302560776129
likely_real,likely_real,0.9962542967017975
likely_real,likely_real,0.9798125834751176
likely_real,likely_real,0.9456043020293353
likely_real,likely_real,0.9790623148819108
likely_real,likely_real,0.9561768226771473
likely_real,likely_real,0.9268416349655809
likely_real,likely_real,0.9297465361336145
likely_real,likely_real,0.8663456600145143
likely_real,likely_real,0.9621665836819567
likely_real,likely_real,0.9237027375334773
likely_real,likely_real,0.9905592231942879
likely_real,likely_real,0.9100538381161913
likely_real,likely_real,0.9557504578372056
likely_real,likely_real,0.9094831639956773
likely_real,likely_real,0.9575431930763986
likely_real,likely_real,0.9387587266511564
likely_real,likely_real,0.9779786867710935
likely_real,likely_real,0.9727917429665872
likely_real,likely_real,0.9704992620111684
likely_real,likely_real,0.9840037292683783
likely_real,likely_real,0.9745003013437319
likely_real,likely_real,0.8513154926881191
likely_real,likely_real,0.9528934281444356
likely_real,likely_real,0.9902688148820403
likely_real,likely_real,0.9558748473316305
likely_fake,likely_fake,0.962996610374943
likely_fake,likely_fake,0.9200680354693568
likely_fake,likely_fake,0.9836716256830316
likely_fake,likely_fake,0.8989740419639465
likely_fake,likely_fake,0.9670032089708256
likely_fake,likely_fake,0.6205368072327746
likely_fake,likely_fake,0.8432006495013855
likely_fake,likely_fake,0.9317551402131656
likely_real,likely_real,0.8370556501638186
likely_real,likely_real,0.9731565065969936
likely_real,likely_real,0.9802912099912637
likely_real,likely_real,0.9966614015455622
likely_real,likely_real,0.9609848514043337
likely_real,likely_real,0.981507209696239
likely_real,likely_real,0.9503330933821617
likely_real,likely_real,0.7389295650325759
likely_real,likely_real,0.9469835006918442
likely_real,likely_real,0.8537087226778173
likely_real,likely_real,0.9769961756901234
likely_real,likely_real,0.9568434660511441
likely_real,likely_real,0.9674425529499615
likely_real,likely_real,0.9677344229253969
likely_real,likely_real,0.926537898543283
likely_real,likely_real,0.9737368783580025
likely_real,likely_real,0.9833243487256066
likely_real,likely_real,0.9865946591697438
likely_real,likely_real,0.9735515836531521
likely_real,likely_real,0.9848799093453195
likely_real,likely_real,0.9781130407758776
likely_real,likely_real,0.9338120409865018
likely_real,likely_real,0.9581784440343507
likely_real,likely_real,0.9049866784417389
likely_real,likely_real,0.9410252353925396
likely_real,likely_real,0.9790382621784868
likely_real,likely_real,0.9749646444752333
likely_real,likely_real,0.9854905062923284
likely_real,likely_real,0.9874665445692522
likely_real,likely_real,0.9966614015455622
likely_real,likely_real,0.9809270623701506
likely_real,likely_real,0.9661683970784777
likely_real,likely_real,0.7350959757948777
likely_real,likely_real,0.741848131847168
likely_real,likely_real,0.893518369938465
likely_real,likely_real,0.9890425912007024
likely_real,likely_real,0.9892948727590395
likely_real,likely_real,0.9647494014794694
likely_real,likely_real,0.8976533869496853
likely_real,likely_real,0.828262327305458
likely_real,likely_real,0.9307891532935876
likely_real,likely_real,0.9673633439521028
likely_real,likely_real,0.8898282030197142
likely_real,likely_real,0.9493590792331468
likely_real,likely_real,0.984145095381156
likely_real,likely_real,0.9825974211331489
likely_real,likely_real,0.9931661650404828
likely_real,likely_real,0.9196847257135282
likely_real,likely_real,0.8960468259170081
likely_real,likely_real,0.9650122146015389
likely_real,likely_real,0.9590878097309358
likely_real,likely_real,0.9482519900574972
likely_real,likely_real,0.7613502716607704
likely_real,likely_real,0.9623426928120871
likely_real,likely_real,0.9171392589693703
likely_real,likely_real,0.9760324781896946
likely_real,likely_real,0.981507209696239
likely_real,likely_real,0.7155885047800474
likely_real,likely_real,0.9707630715545902
likely_real,likely_real,0.9466050866443192
likely_real,likely_real,0.9754160479136335
likely_real,likely_real,0.9410724993919183
likely_real,likely_real,0.9855360257270107
likely_real,likely_real,0.9525100671665369
likely_real,likely_real,0.8691386395587362
likely_real,likely_real,0.8981489617567356
likely_real,likely_real,0.9657381825879181
likely_real,likely_real,0.9926987076587641
likely_real,likely_real,0.8949637908425262
likely_real,likely_real,0.9790952665916994
likely_real,likely_real,0.9641677201464481
likely_real,likely_real,0.9464584187605669
likely_real,likely_real,0.9815102585569419
likely_real,likely_real,0.9076493481569973
likely_real,likely_real,0.9167408410727915
likely_real,likely_real,0.9841636780597479
likely_real,likely_real,0.8688803959197349
likely_real,likely_real,0.8487488139154471
likely_real,likely_real,0.9348404093609374
likely_real,likely_real,0.9448448352296169
likely_real,likely_real,0.9171889153534527
likely_real,likely_real,0.6043185542255125
likely_real,likely_real,0.9115139225364819
likely_real,likely_real,0.812992047003748
likely_real,likely_real,0.9444533763438582
likely_real,likely_real,0.9803713350085147
likely_real,likely_real,0.8161374084760382
likely_real,likely_real,0.9428069777918635
likely_real,likely_real,0.9592581870412418
likely_real,likely_real,0.9780146602993863
likely_real,likely_real,0.8964278630641334
likely_real,likely_real,0.9095014912301953
likely_real,likely_real,0.9664576436017418
likely_real,likely_real,0.9341530888564935
likely_real,likely_real,0.9269473906539087
likely_real,likely_real,0.9678227422998246
likely_real,likely_real,0.8504723366497108
likely_real,likely_real,0.9821538995653608
likely_real,likely_real,0.9760534003419266
likely_real,likely_real,0.966809751095431
likely_real,likely_real,0.9628725835456947
likely_real,likely_real,0.9798803988913392
likely_real,likely_real,0.9233479068073875
likely_real,likely_real,0.9203724050577068
likely_real,likely_real,0.9147553571112941
likely_real,likely_real,0.9743366758744275
likely_real,likely_real,0.9843025101850983
likely_real,likely_real,0.9660677665469855
likely_real,likely_real,0.7885646498879699
likely_real,likely_real,0.9907265301679087
likely_real,likely_real,0.9904046191728533
likely_real,likely_real,0.848880839002404
likely_real,likely_real,0.8923460619483665
likely_real,likely_real,0.9794942664821038
likely_real,likely_real,0.9889860982336415
likely_real,likely_real,0.9613465306297748
likely_real,likely_real,0.9341901590934516
likely_real,likely_real,0.9508655904061913
likely_real,likely_real,0.9778017147812774
likely_real,likely_real,0.9431928714924498
likely_fake,likely_fake,0.9976244036074434
likely_fake,likely_fake,0.9858910788082047
likely_fake,likely_fake,0.992919295732392
likely_fake,likely_fake,0.9706195372528109
likely_real,likely_real,0.7486989481822882
likely_real,likely_real,0.961924253543424
likely_real,likely_real,0.8437625342307422
likely_real,likely_real,0.9665978444939669
likely_real,likely_real,0.7195687403422908
likely_real,likely_real,0.941971452201227
likely_real,likely_real,0.9225747110034747
likely_real,likely_real,0.9893069385186941
likely_real,likely_real,0.9732361490425768
likely_real,likely_real,0.9354312138711939
likely_real,likely_real,0.9873549588585327
likely_real,likely_real,0.9946464168401055
likely_real,likely_real,0.9113727104343671
likely_real,likely_real,0.94048605398416
likely_real,likely_real,0.9620901384395499
likely_real,likely_real,0.9842963076365135
likely_real,likely_real,0.9870226141309999
likely_real,likely_real,0.9562298169844533
likely_real,likely_real,0.9801199063082295
likely_real,likely_real,0.9919603603421236
likely_real,likely_real,0.9871827190677444
likely_real,likely_real,0.9627453321606986
likely_real,likely_real,0.7664744794732467
likely_real,likely_real,0.9712921261710845
likely_real,likely_real,0.8926909096933296
likely_real,likely_real,0.9418414099785287
likely_real,likely_real,0.9783287177922793
likely_real,likely_real,0.9765295527053761
likely_real,likely_real,0.855731571362181
likely_real,likely_real,0.9719216229995296
likely_real,likely_real,0.9641042112429242
likely_real,likely_real,0.9299836099222992
likely_real,likely_real,0.9919447667330118
likely_real,likely_real,0.91694989774825
likely_real,likely_real,0.948655503566304
likely_real,likely_real,0.9737999975582269
likely_real,likely_real,0.9036024260490216
likely_real,likely_real,0.6120358253608784
likely_real,likely_real,0.7073993042784009
likely_real,likely_real,0.8670681504610818
likely_real,likely_real,0.9809734601794153
likely_real,likely_real,0.9696229283720958
likely_real,likely_real,0.9681222955522896
likely_real,likely_real,0.9679670084150569
likely_real,likely_real,0.825643554086573
likely_real,likely_real,0.9872022249215526
likely_real,likely_real,0.8734927201266265
likely_real,likely_real,0.9640245110669831
likely_real,likely_real,0.9857979849599555
likely_real,likely_real,0.937756693310844
likely_real,likely_real,0.926811560825573
likely_real,likely_real,0.9246408873367774
likely_real,likely_real,0.9946579466927826
likely_real,likely_real,0.9931609585096657
likely_real,likely_real,0.9577906783142413
likely_real,likely_real,0.9306600441117412
likely_real,likely_real,0.9255950791043975
likely_real,likely_real,0.9704193364846622
likely_real,likely_real,0.8584682602822655
likely_real,likely_real,0.986895469655545
likely_real,likely_real,0.7755303050669358
likely_real,likely_real,0.9816965513333888
likely_real,likely_real,0.9418958415147435
likely_real,likely_real,0.9749819258520503
likely_real,likely_real,0.9194642818238068
likely_real,likely_real,0.8822271060916632
likely_real,likely_real,0.982498604849622
likely_real,likely_real,0.972067087332014
likely_real,likely_real,0.7710555471484424
likely_real,likely_real,0.995008386944913
likely_real,likely_real,0.9131337045261916
likely_real,likely_real,0.9711608727679409
likely_real,likely_real,0.9480393263988518
likely_real,likely_real,0.9549763622087328
likely_real,likely_real,0.9585410824605769
likely_real,likely_real,0.9678361393680119
likely_real,likely_real,0.95505004459917
likely_real,likely_real,0.8740212183754655
likely_real,likely_real,0.982550811445097
likely_real,likely_real,0.929746147091771
likely_real,likely_real,0.990180059800666
likely_real,likely_real,0.9644122497951376
likely_real,likely_real,0.943275727597516
likely_real,likely_real,0.8283691890344986
likely_real,likely_real,0.8905761440116469
likely_real,likely_real,0.9894835353858186
likely_real,likely_real,0.9706360793811207
likely_real,likely_real,0.9779065487439069
likely_real,likely_real,0.9820955775962831
likely_real,likely_real,0.9930682844502067
likely_real,likely_real,0.8379582441752411
likely_real,likely_real,0.9591109790590887
likely_real,likely_real,0.8897899691795939
likely_real,likely_real,0.9766684979439163
likely_real,likely_real,0.8578064874847258
likely_fake,likely_fake,0.9255114752104837
likely_fake,likely_fake,0.9859728672118022
likely_fake,likely_fake,0.9616189172351971
likely_fake,likely_fake,0.9902241327107087
likely_fake,likely_fake,0.9897054945485197
likely_fake,likely_fake,0.9568268405068556
likely_real,likely_real,0.9437564546871986
likely_real,likely_real,0.9877709370591784
likely_real,likely_real,0.9985502702152957
likely_real,likely_real,0.9443711500348947
likely_real,likely_real,0.9922517286572068
likely_real,likely_real,0.9653676224463211
likely_real,likely_real,0.9217845421207989
likely_real,likely_real,0.9843163261808219
likely_real,likely_real,0.9577352253255742
likely_real,likely_real,0.8880982919913448
likely_real,likely_real,0.9819048171751352
likely_real,likely_real,0.8610655165266174
likely_real,likely_real,0.9777016175665962
likely_real,likely_real,0.8768361971844626
likely_real,likely_real,0.9645472252497281
likely_real,likely_real,0.9832073034677139
likely_real,likely_real,0.9329167410699039
likely_real,likely_real,0.9821810899412332
likely_real,likely_real,0.9669531427028382
likely_real,likely_real,0.9869744032687439
likely_real,likely_real,0.9901996168041584
likely_real,likely_real,0.9889059539183906
likely_real,likely_real,0.7745727537346373
likely_real,likely_real,0.9805932632728327
likely_real,likely_real,0.9129594391738486
likely_real,likely_real,0.9613697843307191
likely_real,likely_real,0.951944670819127
likely_real,likely_real,0.970107712006331
likely_real,likely_real,0.9773230361571854
likely_real,likely_real,0.8430086053209488
likely_real,likely_real,0.855905844652609
likely_real,likely_real,0.8642289619634519
likely_real,likely_real,0.9696360764238005
likely_real,likely_real,0.9580040715769291
likely_real,likely_real,0.9916597912660896
likely_real,likely_real,0.7382755929669933
likely_real,likely_real,0.9828200014826777
likely_real,likely_real,0.8196131796173116
likely_real,likely_real,0.77387048267182
likely_real,likely_real,0.8420185989806902
likely_real,likely_real,0.9406985169989992
likely_real,likely_real,0.971888803075971
likely_real,likely_real,0.8974732287460427
likely_real,likely_real,0.9891253378232403
likely_real,likely_real,0.9738078309103699
likely_real,likely_real,0.9932622925363336
likely_real,likely_real,0.801015018227154
likely_real,likely_real,0.9743892527796195
likely_real,likely_real,0.9389893588400002
likely_real,likely_real,0.9477617258250576
likely_real,likely_real,0.9726856524836618
likely_real,likely_real,0.9224016199437425
likely_real,likely_real,0.975019012010151
likely_real,likely_real,0.9537840139494446
likely_real,likely_real,0.9917765543496612
likely_real,likely_real,0.9885957127919716
likely_real,likely_real,0.9757739161102551
likely_real,likely_real,0.9527097926041068
likely_real,likely_real,0.9780430534207393
likely_real,likely_real,0.8488111757079784
likely_real,likely_real,0.9835504859974004
likely_real,likely_real,0.8782161248015496
likely_real,likely_real,0.9750038360489978
likely_real,likely_real,0.9763610257952756
likely_real,likely_real,0.8772371916349619
likely_real,likely_real,0.9768927947162063
likely_real,likely_real,0.9527549370658063
likely_real,likely_real,0.8233102747621273
likely_real,likely_real,0.9663453095035943
likely_real,likely_real,0.9764581349110021
likely_real,likely_real,0.9076897143959175
likely_real,likely_real,0.956479499995855
likely_real,likely_real,0.9348840753648839
likely_real,likely_real,0.8427165858286905
likely_real,likely_real,0.9281074351651962
likely_real,likely_real,0.9675863545796902
likely_real,likely_real,0.9826531910469927
likely_real,likely_real,0.9627609295879946
likely_real,likely_real,0.9709704563626097
likely_real,likely_real,0.887407318847209
likely_real,likely_real,0.9034836432789431
likely_real,likely_real,0.922618278475305
likely_real,likely_real,0.9275659482126796
likely_real,likely_real,0.7081632315781861
likely_real,likely_real,0.7463491977842758
likely_real,likely_fake,0.5044167488941597
likely_real,likely_real,0.9361054858545
likely_real,likely_real,0.902403555581686
likely_real,likely_real,0.9706277562564879
likely_real,likely_real,0.9900965753007024
likely_real,likely_real,0.9623465711742647
likely_real,likely_real,0.9692504839860613
likely_real,likely_real,0.9793988463808599
likely_real,likely_real,0.9715230460199358
likely_real,likely_real,0.9728430660915086
likely_real,likely_real,0.9614672907874068
likely_real,likely_real,0.9454107783237428
likely_real,likely_real,0.9864025615744146
likely_real,likely_real,0.8918543356539003
likely_real,likely_real,0.9694964401233593
likely_real,likely_real,0.9396630546178224
likely_real,likely_real,0.9879196782025587
likely_real,likely_real,0.9818352058758466
likely_real,likely_real,0.8611702222525267
likely_real,likely_real,0.9296608556887472
likely_real,likely_real,0.951881658264741
likely_real,likely_real,0.8598094527884592
likely_real,likely_real,0.9647719604072077
likely_real,likely_real,0.9424768061658416
likely_real,likely_real,0.9297986439894458
likely_real,likely_real,0.9328246406160908
likely_real,likely_real,0.9381860085190264
likely_real,likely_real,0.9792149803408359
likely_real,likely_real,0.7978818454077433
likely_real,likely_real,0.970416913471707
likely_real,likely_real,0.9221777317865617
likely_real,likely_real,0.9433480115599147
likely_real,likely_real,0.9585365188131622
likely_real,likely_real,0.9349032464339891
likely_real,likely_real,0.9028391583354201
likely_real,likely_real,0.9767256797077842
likely_real,likely_real,0.9744447257687158
likely_real,likely_real,0.9057131910060433
likely_fake,likely_fake,0.9902292596194611
likely_fake,likely_fake,0.9879168067902323
likely_fake,likely_fake,0.9966718601679458
likely_fake,likely_fake,0.9954901629271592
likely_fake,likely_fake,0.7439683645851561
likely_fake,likely_fake,0.9432198823262423
likely_fake,likely_fake,0.8835346363129726
likely_fake,likely_fake,0.7852521555186054
likely_fake,likely_fake,0.8844645243171075
likely_fake,likely_fake,0.9878466644274253
likely_real,likely_real,0.9854787625739277
likely_real,likely_real,0.9942378847760176
likely_real,likely_real,0.9500587785110504
likely_real,likely_real,0.9082907359030592
likely_real,likely_real,0.991088155319869
likely_real,likely_real,0.984881245515818
likely_real,likely_real,0.9413741398006958
likely_real,likely_real,0.8836948622193649
likely_real,likely_real,0.8575693205489203
likely_real,likely_real,0.9684721861922588
likely_real,likely_real,0.9223620293544134
likely_real,likely_real,0.9890261652965493
likely_real,likely_real,0.9813409038807581
likely_real,likely_real,0.9884250634455485
likely_real,likely_real,0.9893810403813529
likely_real,likely_real,0.8491174170886688
likely_real,likely_real,0.9084097497836151
likely_real,likely_real,0.9887508455801365
likely_real,likely_real,0.8892473516995347
likely_real,likely_real,0.9506760785921349
likely_real,likely_real,0.8924027956797986
likely_real,likely_real,0.961736518434327
likely_real,likely_real,0.8682851240275985
likely_real,likely_real,0.9599067982773822
likely_real,likely_real,0.9434382390618147
likely_real,likely_real,0.9952675836430402
likely_real,likely_real,0.9708656170478989
likely_real,likely_real,0.9239929005616883
likely_real,likely_real,0.964682451139131
likely_real,likely_real,0.8955170818404872
likely_real,likely_real,0.9415664340439587
likely_real,likely_real,0.9689843655794163
likely_real,likely_real,0.9540231890104237
likely_real,likely_real,0.9808784510481396
likely_real,likely_real,0.9279210797353955
likely_fake,likely_fake,0.9220655188485374
likely_fake,likely_fake,0.9859927556114146
likely_fake,likely_fake,0.9110079229269357
likely_fake,likely_fake,0.9640104947602526
likely_fake,likely_fake,0.5889845470619571
likely_fake,likely_real,0.5190932181991492
likely_fake,likely_fake,0.8885211147116437
likely_fake,likely_fake,0.901268289137928
likely_fake,likely_fake,0.9710309420958687
likely_fake,likely_fake,0.8399673233484657
likely_fake,likely_fake,0.9809495679228484
likely_real,likely_real,0.7603487070038596
likely_real,likely_real,0.9648700106639482
likely_real,likely_real,0.8812124062224239
likely_real,likely_real,0.9939449203420855
likely_real,likely_real,0.9796391004083087
likely_real,likely_real,0.9084932456565644
likely_real,likely_real,0.9394146848448224
likely_real,likely_real,0.9857845495353723
likely_real,likely_real,0.9147951219912999
likely_real,likely_real,0.9680232954303402
likely_real,likely_real,0.9795344062670963
likely_real,likely_real,0.8545007329288923
likely_real,likely_real,0.9201476650390102
likely_real,likely_real,0.9870784402574299
likely_real,likely_real,0.753226625480105
likely_real,likely_real,0.9763080542711882
likely_real,likely_real,0.9775165657646383
likely_real,likely_real,0.9673738966176793
likely_real,likely_real,0.944126636559786
likely_real,likely_real,0.9308426620311339
likely_real,likely_real,0.9435027305953595
likely_real,likely_real,0.9398509809273371
likely_real,likely_real,0.9875596325024283
likely_real,likely_real,0.9609430538684434
likely_real,likely_real,0.9020598026884119
likely_real,likely_real,0.9709922812012697
likely_real,likely_real,0.859199025510509
likely_real,likely_real,0.9791927439560282
likely_real,likely_real,0.971760383976502
likely_real,likely_real,0.9782968544241297
likely_real,likely_real,0.9737158339969563
likely_real,likely_real,0.9706832298473953
likely_real,likely_real,0.9786995969200066
likely_real,likely_real,0.7104247951824577
likely_real,likely_real,0.9781580216691484
likely_real,likely_real,0.9630008548357663
likely_real,likely_real,0.9564147725859504
likely_real,likely_real,0.9553358675368983
likely_real,likely_real,0.9622872601878836
likely_real,likely_real,0.9455473877828565
likely_real,likely_real,0.9477766667275123
likely_fake,likely_fake,0.9862642165209077
likely_fake,likely_fake,0.9962556721355705
likely_fake,likely_fake,0.9875825061118255
likely_fake,likely_fake,0.964090521660458
likely_fake,likely_fake,0.9572085313984399
likely_fake,likely_fake,0.8942735657096889
likely_fake,likely_fake,0.9963126214853955
likely_fake,likely_fake,0.9429773766565367
likely_fake,likely_fake,0.9800501747259125
likely_fake,likely_fake,0.9019219757793976
likely_fake,likely_fake,0.9830706915915004
likely_fake,likely_fake,0.9884350624877394
likely_fake,likely_fake,0.8859109581730134
likely_fake,likely_fake,0.9100223851102691
likely_fake,likely_fake,0.8411914965727785
likely_fake,likely_fake,0.9905474659881264
likely_real,likely_real,0.9756672883974736
likely_real,likely_real,0.9665716416202541
likely_real,likely_real,0.9911233375314051
likely_real,likely_real,0.9157576413786201
likely_real,likely_real,0.9740262190935812
likely_real,likely_real,0.985929193711006
likely_real,likely_real,0.9318555737375942
likely_real,likely_real,0.7803707453926549
likely_real,likely_real,0.8632070265840913
likely_real,likely_real,0.9352194898097289
likely_real,likely_real,0.9066675384634851
likely_real,likely_real,0.978048761061529
likely_real,likely_real,0.9753445158135308
likely_real,likely_real,0.9925095908521879
likely_real,likely_real,0.9521301349218405
likely_real,likely_real,0.9571910669801208
likely_real,likely_real,0.94276611258215
likely_real,likely_real,0.9773764637314868
likely_real,likely_real,0.9867567887024293
likely_real,likely_real,0.9672760293588384
likely_real,likely_real,0.8934334010750191
likely_real,likely_real,0.984672464749038
likely_real,likely_real,0.9668379851196627
likely_real,likely_real,0.9867504868234943
likely_real,likely_real,0.9309102720356166
likely_real,likely_real,0.9009257448873155
likely_real,likely_real,0.967256280634688
likely_real,likely_real,0.9848252839983223
likely_real,likely_real,0.784337023541601
likely_real,likely_real,0.5396826702537687
likely_real,likely_fake,0.6312556418802219
likely_real,likely_real,0.8364268259383985
likely_real,likely_real,0.66562082497507
likely_real,likely_real,0.8799258666756201
likely_real,likely_real,0.9336001937879538
likely_real,likely_real,0.9746217801889595
likely_real,likely_real,0.9735683920929112
likely_real,likely_real,0.9903303533390463
likely_real,likely_real,0.9889488024684336
likely_real,likely_real,0.9739896546450442
likely_real,likely_real,0.956316492049694
likely_real,likely_real,0.9750831809040286
likely_real,likely_real,0.9853261060193133
likely_real,likely_real,0.9482639691146517
likely_real,likely_real,0.9118176513781895
likely_real,likely_real,0.9866497048607729
likely_real,likely_real,0.9837163673472963
likely_real,likely_real,0.9061548690847329
likely_real,likely_real,0.960722660725946
likely_real,likely_real,0.9815089775211333
likely_real,likely_real,0.9872760481594112
likely_real,likely_real,0.9808908769356239
likely_real,likely_real,0.9786248229099719
likely_real,likely_real,0.967524429372295
likely_real,likely_real,0.9702177157951919
likely_real,likely_real,0.9905441123420035
likely_real,likely_real,0.8011542050124052
likely_real,likely_real,0.9404636569087798
likely_real,likely_real,0.8502457923365535
likely_real,likely_real,0.9395385887363467
likely_real,likely_real,0.9248472361515834
likely_real,likely_real,0.993831886018737
likely_real,likely_real,0.8133880967467473
likely_real,likely_real,0.9688401950191172
likely_real,likely_real,0.9160110642293241
likely_real,likely_real,0.848042178840479
likely_real,likely_real,0.9467544708933681
likely_real,likely_real,0.9361648903658838
likely_real,likely_real,0.790464735877026
likely_real,likely_fake,0.7090768958881685
likely_real,likely_real,0.9281490143880089
likely_real,likely_real,0.9528993172452183
likely_real,likely_real,0.955718999511954
likely_real,likely_real,0.905636627412737
likely_real,likely_real,0.959372087117633
likely_real,likely_real,0.9857872384949654
likely_real,likely_real,0.9772988061843763
likely_real,likely_real,0.9825285599345034
likely_real,likely_real,0.9338717490982671
likely_real,likely_real,0.8732667800771516
likely_real,likely_real,0.9750812194972416
likely_real,likely_real,0.9267287599133031
likely_real,likely_real,0.8751115478439135
likely_real,likely_real,0.9827080583617792
likely_real,likely_real,0.9689026552817543
likely_real,likely_real,0.9757430783049177
likely_real,likely_real,0.972173386312405
likely_real,likely_real,0.9786665619627111
likely_real,likely_real,0.9757642734247041
likely_real,likely_real,0.5323727060576675
likely_real,likely_real,0.9145963675134511
likely_real,likely_real,0.9562578959203223
likely_real,likely_real,0.9568611862393482
likely_real,likely_real,0.9746092491695508
likely_real,likely_real,0.9040859928138817
likely_real,likely_real,0.9387981802309572
likely_real,likely_real,0.9832686245908917
likely_real,likely_real,0.9813441817839605
likely_real,likely_real,0.9211232166821397
likely_real,likely_real,0.9791075837150947
likely_real,likely_real,0.987800301738624
likely_real,likely_real,0.9108707020516856
likely_real,likely_real,0.8949893303234
likely_real,likely_real,0.9326675232703503
likely_real,likely_real,0.9025431212381201
likely_real,likely_real,0.9493547116497133
likely_real,likely_real,0.9862356479930353
likely_real,likely_real,0.7729116847173106
likely_real,likely_real,0.9240802308946447
likely_real,likely_real,0.8724652532501649
likely_real,likely_real,0.9820324434995091
likely_real,likely_real,0.9768890366468964
likely_real,likely_real,0.8380446152118441
likely_real,likely_real,0.8299894368029558
likely_real,likely_real,0.8991244828471469
likely_real,likely_real,0.8913423537517812
likely_fake,likely_fake,0.9978449460970087
likely_fake,likely_fake,0.9827997243022348
likely_fake,likely_fake,0.9960055551478232
likely_fake,likely_fake,0.9915059211094043
likely_fake,likely_fake,0.9808350377929984
likely_fake,likely_fake,0.9321670894079339
likely_fake,likely_fake,0.9879859618756681
likely_fake,likely_fake,0.9670807280590026
likely_fake,likely_fake,0.9878228616140191
likely_fake,likely_fake,0.9268609889545995
likely_fake,likely_fake,0.9153664832358488
likely_fake,likely_fake,0.9795015962146695
likely_fake,likely_fake,0.9886396815645937
likely_fake,likely_fake,0.9964812230768393
likely_fake,likely_fake,0.9038989808848044
likely_real,likely_real,0.9867808053037109
likely_real,likely_real,0.9577905590393316
likely_real,likely_real,0.9804177054833868
likely_real,likely_real,0.9840925187444807
likely_real,likely_real,0.9891335246404318
likely_real,likely_real,0.9727829817394409
likely_real,likely_real,0.9823318739318192
likely_real,likely_real,0.9792905305739904
likely_real,likely_real,0.8102157010855466
likely_real,likely_real,0.9819050530487924
likely_real,likely_real,0.9096754048393056
likely_real,likely_real,0.9927583889418482
likely_real,likely_real,0.9788657880903057
likely_real,likely_real,0.9840431311870457
likely_real,likely_real,0.8504803915290297
likely_real,likely_real,0.9908130819656775
likely_real,likely_real,0.7976507125485128
likely_real,likely_real,0.9710173976108758
likely_real,likely_real,0.9884542763294872
likely_real,likely_real,0.9889286606981387
likely_real,likely_real,0.9503839076849266
likely_real,likely_real,0.9706300826040355
likely_real,likely_real,0.9749523814823566
likely_real,likely_real,0.9041466845190098
likely_real,likely_real,0.8326870859279268
likely_real,likely_real,0.9733251287148806
likely_real,likely_real,0.9619009927812978
likely_real,likely_real,0.9815301442652632
likely_real,likely_real,0.6633892252567308
likely_real,likely_real,0.9878797604675102
likely_real,likely_real,0.9366765544416874
likely_real,likely_real,0.9857535157697424
likely_real,likely_real,0.9207188658892262
likely_real,likely_real,0.975128379062702
likely_real,likely_real,0.9824468421777474
likely_real,likely_real,0.973888088408413
likely_real,likely_real,0.9929701313228092
likely_real,likely_real,0.9139819624044773
likely_real,likely_real,0.9652783418744612
likely_real,likely_real,0.919808368381324
likely_real,likely_real,0.9312454760304367
likely_real,likely_real,0.9332850859199106
likely_real,likely_real,0.9873557635678086
likely_real,likely_real,0.9766561725179813
likely_real,likely_real,0.9329277247307581
likely_real,likely_real,0.976355170492041
likely_real,likely_real,0.9771048649627302
likely_real,likely_real,0.9484040518941216
likely_real,likely_real,0.9377660278607277
likely_real,likely_real,0.9646421402710281
likely_real,likely_real,0.940061480899162
likely_real,likely_real,0.9387881197752727
likely_real,likely_real,0.9705292375141223
likely_real,likely_real,0.9536511140446621
likely_real,likely_real,0.973529798695539
likely_real,likely_real,0.9489370706244793
likely_real,likely_real,0.9649212903818528
likely_real,likely_real,0.9062546719678162
likely_real,likely_real,0.9779810966688534
likely_real,likely_real,0.94184524215841
likely_real,likely_real,0.9843359200394318
likely_real,likely_real,0.980719463115683
likely_real,likely_real,0.985064331044372
likely_real,likely_real,0.9350999392468636
likely_real,likely_real,0.8997433907452387
likely_real,likely_real,0.9856775013582815
likely_real,likely_real,0.7476133394837121
likely_real,likely_real,0.96775158415485
likely_real,likely_real,0.9646181148195861
likely_real,likely_real,0.9002569428543767
likely_real,likely_real,0.8754900554703587
likely_real,likely_real,0.9795325368450152
likely_real,likely_real,0.9483934397820022
likely_real,likely_real,0.933291929790603
likely_real,likely_real,0.9272245078329552
likely_real,likely_real,0.9817981999741399
likely_real,likely_real,0.9680746616362588
likely_real,likely_real,0.9661287435529632
likely_real,likely_real,0.9093905340907873
likely_real,likely_real,0.9375365666270606
likely_real,likely_real,0.9761045379471947
likely_real,likely_real,0.9772385513507729
likely_real,likely_real,0.9050354730792592
likely_real,likely_real,0.5704631363526074
likely_real,likely_real,0.9903244985195327
likely_real,likely_real,0.9851695180625794
likely_real,likely_real,0.9578488865888979
likely_real,likely_real,0.9575402340092578
likely_real,likely_real,0.900730609054007
likely_real,likely_real,0.9880135518897499
likely_real,likely_real,0.9938940162511233
likely_real,likely_real,0.849537081089759
likely_real,likely_real,0.6659812691749432
likely_real,likely_real,0.9428413937383724
likely_real,likely_real,0.8564759241584841
likely_real,likely_real,0.9675452338242164
likely_real,likely_real,0.8961639209825252
likely_real,likely_real,0.744230872197944
likely_real,likely_real,0.9736060166263706
likely_real,likely_real,0.9208695504250327
likely_real,likely_real,0.7703785309554145
likely_real,likely_real,0.9658681141557005
likely_real,likely_real,0.9692796865025891
likely_real,likely_real,0.9362596704506848
likely_real,likely_real,0.838454767730647
likely_real,likely_real,0.9908282523383086
likely_real,likely_real,0.9557766712024868
likely_real,likely_real,0.9749034969005692
likely_real,likely_real,0.9490574632174219
likely_real,likely_real,0.9645013914406417
likely_real,likely_real,0.8213076524005521
likely_real,likely_real,0.9942381229984474
likely_real,likely_real,0.985863160235139
likely_real,likely_real,0.9365531711418795
likely_real,likely_real,0.9635886663218285
likely_real,likely_real,0.9730399525468972
likely_real,likely_real,0.9676738282931556
likely_real,likely_real,0.9460045665106722
likely_real,likely_real,0.9708508393814199
likely_real,likely_real,0.9707953762082567
likely_real,likely_real,0.9369481540674501
likely_real,likely_real,0.9547714259420047
likely_real,likely_real,0.8797692612055431
likely_real,likely_real,0.9582467605376316
likely_real,likely_real,0.912502446227955
likely_fake,likely_fake,0.9265095577286381
likely_fake,likely_fake,0.9460683007254872
likely_fake,likely_fake,0.9945670002489301
likely_fake,likely_fake,0.9909319533457834
likely_fake,likely_fake,0.929084914119498
likely_fake,likely_fake,0.9745357997485429
likely_fake,likely_fake,0.7554857698956089
likely_fake,likely_fake,0.9442984977425055
likely_fake,likely_fake,0.9862847154122211
likely_fake,likely_fake,0.9682804149897842
likely_fake,likely_fake,0.9816470985314154
likely_fake,likely_fake,0.9919874070918074
likely_fake,likely_fake,0.9755237693074998
likely_fake,likely_fake,0.9461007709283471
likely_real,likely_real,0.953892732792225
likely_real,likely_real,0.7628329182631935
likely_real,likely_real,0.837426498770437
likely_real,likely_real,0.9772936888475116
likely_real,likely_real,0.9247040613518932
likely_real,likely_real,0.9429438683688809
likely_real,likely_real,0.9907722884345855
likely_real,likely_real,0.9533074241871624
likely_real,likely_real,0.9610328334836206
likely_real,likely_real,0.6342984858260249
likely_real,likely_real,0.9905374712804688
likely_real,likely_real,0.9578575012001446
likely_real,likely_real,0.9462878012957041
likely_real,likely_real,0.9525979731091805
likely_real,likely_real,0.9983421346750635
likely_real,likely_real,0.9932512195391909
likely_real,likely_real,0.986071991347224
likely_real,likely_real,0.9313303196145191
likely_real,likely_real,0.9563129322431738
likely_real,likely_real,0.9349725862133531
likely_real,likely_real,0.9572927438512195
likely_real,likely_real,0.9266952070562549
likely_real,likely_real,0.9852898065967031
likely_real,likely_real,0.8684678579070249
likely_real,likely_real,0.9575793285497513
likely_real,likely_real,0.953892732792225
likely_real,likely_real,0.945802326532627
likely_real,likely_real,0.9755745691645529
likely_real,likely_real,0.9389286787826732
likely_real,likely_real,0.9832076217040738
likely_real,likely_real,0.9098065388355738
likely_real,likely_real,0.9244315046613826
likely_real,likely_real,0.9779227135116706
likely_real,likely_real,0.959059601307269
likely_real,likely_real,0.7808225456972336
likely_real,likely_real,0.9135976071463352
likely_real,likely_real,0.9844804482811742
likely_real,likely_real,0.9443614827102766
likely_real,likely_real,0.9805327764444451
likely_real,likely_real,0.9771729765073298
likely_real,likely_real,0.9663321152385853
likely_real,likely_real,0.9801757532670675
likely_real,likely_real,0.9692256591339091
likely_real,likely_real,0.923979284550146
likely_real,likely_real,0.9737684479797866
likely_real,likely_real,0.8372518130566156
likely_real,likely_real,0.9665650538878569
likely_real,likely_real,0.9450749642149152
likely_real,likely_real,0.9532059911201541
likely_real,likely_real,0.9899328695919699
likely_real,likely_real,0.9507889733810926
likely_real,likely_real,0.9473584090519197
likely_real,likely_real,0.9773194642746394
likely_real,likely_real,0.7615639335669517
likely_real,likely_real,0.8192663059398899
likely_real,likely_real,0.9572812067891917
likely_real,likely_real,0.9841395181822952
likely_real,likely_real,0.9785933277311484
likely_real,likely_real,0.9904568437519813
likely_real,likely_real,0.930425064061496
likely_real,likely_real,0.9439309671645951
likely_real,likely_real,0.9482610941567889
likely_real,likely_real,0.9884835127945618
likely_real,likely_real,0.9535401238660595
likely_real,likely_real,0.998379641915137
likely_real,likely_real,0.9517772620311512
likely_real,likely_real,0.9784407973093836
likely_real,likely_real,0.9825517049142529
likely_real,likely_real,0.9808519405737843
likely_real,likely_real,0.8493957991852135
likely_real,likely_real,0.9117686583872185
likely_real,likely_real,0.9554652063251736
likely_real,likely_real,0.8221959660359563
likely_real,likely_real,0.9691753357901954
likely_real,likely_real,0.9572927438512195
likely_real,likely_real,0.8685548316716997
likely_real,likely_real,0.969709638891659
likely_real,likely_real,0.9487120968991996
likely_real,likely_real,0.9637327113766385
likely_real,likely_real,0.9025622630919066
likely_real,likely_real,0.9861685165112102
likely_real,likely_real,0.9896006281889964
likely_real,likely_real,0.9417975323626401
likely_real,likely_real,0.9534631256915754
likely_real,likely_real,0.9289613676970705
likely_real,likely_real,0.8903850841256463
likely_real,likely_real,0.9805279325238802
likely_real,likely_real,0.9944912193083958
likely_real,likely_real,0.9688960943179812
likely_real,likely_real,0.9800118647229389
likely_real,likely_real,0.8684678579070249
likely_real,likely_real,0.9977614426167716
likely_real,likely_real,0.9540542401161838
likely_real,likely_real,0.844652469568528
likely_real,likely_real,0.9561428200676437
likely_real,likely_real,0.7466331201728602
likely_real,likely_real,0.8157363438111203
likely_real,likely_real,0.929447362465539
likely_real,likely_real,0.9606660708469089
likely_real,likely_real,0.9569703684358254
likely_real,likely_real,0.9640093407151342
likely_real,likely_real,0.9608463229306099
likely_real,likely_real,0.8738140827127441
likely_real,likely_real,0.971493713643981
likely_real,likely_real,0.8896627374164806
likely_real,likely_real,0.9360959523236723
likely_real,likely_real,0.98960448396347
likely_real,likely_real,0.9794942513554349
likely_real,likely_real,0.991027154694897
likely_real,likely_real,0.9725651112184037
likely_real,likely_real,0.9135615306244202
likely_real,likely_real,0.9857892506036142
likely_real,likely_real,0.9322223915643923
likely_real,likely_real,0.953622323073987
likely_real,likely_real,0.9813002259449984
likely_real,likely_real,0.8946635181179697
likely_real,likely_real,0.8597909217803039
likely_real,likely_real,0.9629947473200784
likely_real,likely_real,0.9854846771510309
likely_real,likely_real,0.9042193902608565
likely_real,likely_real,0.9293303868451464
likely_real,likely_real,0.9417500741634158
likely_real,likely_real,0.9570803872111822
likely_real,likely_real,0.8352269135687962
likely_real,likely_real,0.9368176237395823
likely_real,likely_real,0.9873580414683849
likely_real,likely_real,0.9017490144893676
likely_real,likely_real,0.8801162579197734
likely_real,likely_real,0.9697190022311034
likely_real,likely_real,0.89306615525665
likely_real,likely_real,0.9255820250499888
likely_real,likely_real,0.9542482143727269
likely_real,likely_real,0.9761079962367541
likely_fake,likely_fake,0.9808101306731434
likely_fake,likely_fake,0.9889872447955095
likely_fake,likely_fake,0.8212856271655417
likely_fake,likely_fake,0.9169683377838842
likely_fake,likely_fake,0.8253354480822964
likely_fake,likely_fake,0.9456861549187355
likely_fake,likely_fake,0.9779852968660758
likely_fake,likely_fake,0.9671218532435295
likely_fake,likely_fake,0.901284547416188
likely_fake,likely_fake,0.9600518174232715
likely_fake,likely_fake,0.97622053255638
likely_fake,likely_fake,0.9911146769190275
likely_real,likely_real,0.8087229609674238
likely_real,likely_real,0.9827423110378256
likely_real,likely_real,0.9432739287169772
likely_real,likely_real,0.9647565575262045
likely_real,likely_real,0.9451401640264157
likely_real,likely_real,0.9889982332326817
likely_real,likely_real,0.9359960316302661
likely_real,likely_real,0.8800052831732811
likely_real,likely_real,0.930857944830036
likely_real,likely_real,0.9419648365124218
likely_real,likely_real,0.9792348497207886
likely_real,likely_real,0.9892079159340269
likely_real,likely_real,0.9952867376552852
likely_real,likely_real,0.9281805974063218
likely_real,likely_real,0.873330590987211
likely_real,likely_real,0.9893245346793289
likely_real,likely_real,0.926205980276862
likely_real,likely_real,0.9594932643844714
likely_real,likely_real,0.9658450048694487
likely_real,likely_real,0.8581039643535983
likely_real,likely_real,0.9187446044454689
likely_real,likely_real,0.9797709506456884
likely_real,likely_real,0.9330805864931515
likely_real,likely_real,0.8871567460395056
likely_real,likely_real,0.9772782822755395
likely_real,likely_real,0.9351788486491546
likely_real,likely_real,0.9633692075320932
likely_real,likely_real,0.9078854851415095
likely_real,likely_real,0.9329765564830675
likely_real,likely_real,0.9781657819433749
likely_real,likely_real,0.8468400495737701
likely_real,likely_real,0.9078285802785132
likely_real,likely_real,0.9749402270744281
likely_real,likely_real,0.9057629152330364
likely_real,likely_real,0.9879173862768519
likely_real,likely_real,0.9707622074759686
likely_real,likely_real,0.9053475367240703
likely_real,likely_real,0.9917803261329451
likely_real,likely_real,0.8838898152318787
likely_real,likely_real,0.9719005197171631
likely_real,likely_real,0.882088182289022
likely_real,likely_real,0.9484495361278646
likely_real,likely_real,0.9854611305113994
likely_real,likely_real,0.8994588838829941
likely_real,likely_real,0.9883311182491522
likely_real,likely_real,0.9864358411919274
likely_real,likely_real,0.962301144377821
likely_real,likely_real,0.9350716437741078
likely_real,likely_real,0.9829409468227684
likely_real,likely_real,0.9432739287169772
likely_real,likely_real,0.973711925222048
likely_real,likely_real,0.9909869625935755
likely_real,likely_real,0.9676689864232374
likely_real,likely_real,0.9250707070042347
likely_real,likely_real,0.8896903526653884
likely_real,likely_real,0.9791958386989839
likely_real,likely_real,0.986989599308619
likely_real,likely_real,0.9568661844025087
likely_real,likely_real,0.9777754280074359
likely_real,likely_real,0.9171654890384249
likely_real,likely_real,0.9036742037064265
likely_real,likely_real,0.9747454752947372
likely_real,likely_real,0.9839666887176745
likely_real,likely_real,0.9799964535628504
likely_real,likely_real,0.9771359553104534
likely_real,likely_real,0.8964820513417573
likely_real,likely_real,0.9075895659761614
likely_real,likely_real,0.9672806611962721
likely_real,likely_real,0.9129138147869743
likely_real,likely_real,0.9316939306294552
likely_real,likely_real,0.9449093012482633
likely_real,likely_real,0.8816732694453695
likely_real,likely_real,0.8310086727634068
likely_real,likely_real,0.9549050575813747
likely_real,likely_real,0.9693996986256063
likely_real,likely_real,0.8826259205528902
likely_real,likely_real,0.9893674511047554
likely_real,likely_real,0.9868191618457927
likely_real,likely_real,0.9481902101224075
likely_real,likely_real,0.9697656349252578
likely_real,likely_real,0.7019085699224428
likely_real,likely_real,0.9758474347741467
likely_real,likely_real,0.9751467389742471
likely_real,likely_real,0.8600438675733874
likely_real,likely_real,0.9931655299950297
likely_real,likely_real,0.9313305405084974
likely_real,likely_real,0.9440040570794033
likely_real,likely_real,0.9804534126077097
likely_real,likely_real,0.9927689069164466
likely_real,likely_fake,0.566410912050531
likely_real,likely_real,0.9731774198811823
likely_real,likely_real,0.9333386427955197
likely_real,likely_real,0.8394167264885141
likely_real,likely_real,0.9781657819433749
likely_real,likely_real,0.8468400495737701
likely_real,likely_real,0.9627511128928758
likely_real,likely_real,0.9637679062573203
likely_real,likely_real,0.8575648207031001
likely_real,likely_real,0.9759175315607693
likely_real,likely_real,0.9555618780462958
likely_real,likely_real,0.9726078864514194
likely_real,likely_real,0.9739874999314541
likely_real,likely_real,0.8595902904974617
likely_real,likely_real,0.9436567309189453
likely_real,likely_real,0.9755582866425749
likely_real,likely_real,0.9720954637394021
likely_real,likely_real,0.9057629152330364
likely_real,likely_real,0.9646167767060007
likely_real,likely_real,0.9025310371402533
likely_real,likely_real,0.9613724245962766
likely_real,likely_real,0.8732466152408837
likely_real,likely_real,0.9864548284038416
likely_real,likely_real,0.9592359887642989
likely_real,likely_real,0.871664269575226
likely_real,likely_real,0.9092048548147094
likely_real,likely_real,0.875327921218716
likely_real,likely_real,0.9879173862768519
likely_real,likely_real,0.947904857873466
likely_real,likely_real,0.8786522206789515
likely_real,likely_real,0.9759841426160347
likely_real,likely_real,0.9371329103706182
likely_real,likely_real,0.9739946099416972
likely_real,likely_real,0.9873952875955253
likely_real,likely_real,0.981420225375687
likely_real,likely_real,0.6380958341875098
likely_real,likely_real,0.9795152985519026
likely_real,likely_real,0.9747956060251737
likely_real,likely_real,0.9425989696827214
likely_real,likely_real,0.8901439106258295
likely_real,likely_real,0.9053475367240703
likely_real,likely_real,0.9577133932011304
likely_real,likely_real,0.9157021421555498
likely_real,likely_real,0.9755107391535205
likely_real,likely_real,0.8700425538958363
likely_real,likely_real,0.8636249438320373
likely_real,likely_fake,0.5013369266108834
likely_real,likely_real,0.9917803261329451
likely_real,likely_real,0.9014311935577751
likely_real,likely_real,0.9673703736108533
likely_real,likely_real,0.9436279996348709
likely_real,likely_real,0.9363977347910037
likely_real,likely_real,0.9622365868031051
likely_real,likely_fake,0.625609544002159
likely_real,likely_real,0.8951228838190832
likely_real,likely_real,0.9755130126907388
likely_real,likely_real,0.9476225708856106
likely_real,likely_real,0.9760439857429716
likely_real,likely_real,0.6433987946899822
likely_real,likely_real,0.9602708902627114
likely_real,likely_real,0.9860665390822045
likely_real,likely_real,0.9480744389195344
likely_real,likely_real,0.9784584192915406
likely_real,likely_real,0.8838898152318787
likely_real,likely_real,0.8775629574731677
likely_real,likely_real,0.9308442352010594
likely_real,likely_real,0.9444371057220327
likely_real,likely_real,0.9649438119840242
likely_real,likely_real,0.9730179966929277
likely_real,likely_real,0.882088182289022
likely_real,likely_real,0.8162040435825318
likely_fake,likely_fake,0.9970888324360695
likely_fake,likely_fake,0.7574821206351483
likely_fake,likely_fake,0.9578540923758587
likely_fake,likely_fake,0.9746570776500372
likely_fake,likely_fake,0.9920224392177914
likely_fake,likely_fake,0.9835646482563575
likely_fake,likely_fake,0.8788585131158217
likely_fake,likely_fake,0.8900393831374946
likely_fake,likely_fake,0.9741881387974154
likely_fake,likely_fake,0.9759922994980958
likely_fake,likely_fake,0.9685423385377644
likely_fake,likely_fake,0.7759372728929839
likely_fake,likely_fake,0.7531316110345734
likely_fake,likely_fake,0.9813825756774255
likely_real,likely_real,0.973068636486221
likely_real,likely_real,0.8610661120313297
likely_real,likely_real,0.9856809419887458
likely_real,likely_real,0.9947156597760682
likely_real,likely_real,0.8956617947620874
likely_real,likely_real,0.9888946659283941
likely_real,likely_real,0.823175357901711
likely_real,likely_real,0.9444439651625315
likely_real,likely_real,0.9917628368890888
likely_real,likely_real,0.9486824746645212
likely_real,likely_real,0.8333633851672533
likely_real,likely_real,0.9704886772617684
likely_real,likely_real,0.9637209856777919
likely_real,likely_real,0.9890697774629346
likely_real,likely_real,0.9598449328099028
likely_real,likely_real,0.947841255697982
likely_real,likely_real,0.9957156356230328
likely_real,likely_real,0.9927644066566496
likely_real,likely_real,0.9467833338695119
likely_real,likely_real,0.9685151288537212
likely_real,likely_real,0.9505667690761069
likely_real,likely_real,0.8710682295756591
likely_real,likely_real,0.9919855237736376
likely_real,likely_real,0.975708946826735
likely_real,likely_real,0.9810394127486621
likely_real,likely_real,0.986437563089099
likely_real,likely_real,0.9777741052575344
likely_real,likely_real,0.9404846729867119
likely_real,likely_real,0.9770804741134032
likely_real,likely_real,0.9449845046733748
likely_real,likely_real,0.8986543340423104
likely_real,likely_real,0.9033662039873274
likely_real,likely_real,0.936683276375324
likely_real,likely_real,0.9807339006655856
likely_real,likely_real,0.9688458837338614
likely_real,likely_real,0.9952528805431019
likely_real,likely_real,0.9886657438703106
likely_real,likely_real,0.9069946507245474
likely_real,likely_real,0.9384605185093922
likely_real,likely_real,0.9836798237066755
likely_real,likely_real,0.9888946659283941
likely_real,likely_real,0.970679063551158
likely_real,likely_real,0.9644736063961907
likely_real,likely_real,0.9439188928084267
likely_real,likely_real,0.9933824248890406
likely_real,likely_real,0.8935691522648644
likely_real,likely_real,0.9673263237131285
likely_real,likely_real,0.9817010217297792
likely_real,likely_real,0.9506210696081926
likely_real,likely_real,0.9563319876864025
likely_real,likely_real,0.9521203221741504
likely_real,likely_real,0.9491045445258776
likely_real,likely_real,0.8998622536026357
likely_real,likely_real,0.9721080576979085
likely_real,likely_real,0.9516763640695335
likely_real,likely_real,0.9812917794012934
likely_real,likely_real,0.9812134228849178
likely_real,likely_real,0.9848528614060321
likely_real,likely_real,0.9602769191855276
likely_real,likely_real,0.9763997945636443
likely_real,likely_real,0.9291243314850168
likely_real,likely_real,0.7824798679475223
likely_real,likely_real,0.9020243406320225
likely_real,likely_real,0.9777741052575344
likely_real,likely_real,0.9834933808088583
likely_real,likely_real,0.9589934680039383
likely_real,likely_real,0.9782720196109942
likely_real,likely_real,0.9624621903061946
likely_real,likely_real,0.9910571534458708
likely_real,likely_real,0.9548599153827501
likely_real,likely_real,0.9492971951336003
likely_real,likely_real,0.9474483950840198
likely_real,likely_real,0.907425167454194
likely_real,likely_real,0.9774404632179277
likely_real,likely_real,0.9105365349829304
likely_real,likely_real,0.7456326523947676
likely_real,likely_real,0.9450026377427702
likely_real,likely_real,0.9748717254656
likely_real,likely_real,0.8782951209790516
likely_real,likely_real,0.9652745370616099
likely_real,likely_real,0.8964598191627302
likely_real,likely_real,0.80934483560621
likely_real,likely_real,0.939775598635469
likely_real,likely_real,0.884598945246872
likely_real,likely_real,0.9810776469744099
likely_real,likely_real,0.977598742084267
likely_real,likely_real,0.9587200483406667
likely_real,likely_real,0.9830926921892796
likely_real,likely_real,0.9654776420154921
likely_real,likely_real,0.5987250691149991
likely_real,likely_real,0.8681863710569528
likely_real,likely_real,0.9483522343631374
likely_real,likely_real,0.9518546015393828
likely_real,likely_real,0.9410159087812378
likely_real,likely_real,0.937684114375219
likely_real,likely_real,0.9295867172181935
likely_real,likely_real,0.9725571074834297
likely_real,likely_real,0.9760636179195222
likely_real,likely_real,0.9621004207485687
likely_real,likely_real,0.971279027013121
likely_real,likely_real,0.9398113867641693
likely_real,likely_real,0.9670321390374421
likely_real,likely_real,0.9219760956608548
likely_real,likely_real,0.9383147445394158
likely_real,likely_real,0.9003547784414168
likely_real,likely_real,0.9767805189157286
likely_real,likely_real,0.78173122174528
likely_real,likely_real,0.9564443000793039
likely_real,likely_real,0.6009417586571255
likely_real,likely_real,0.9143844294766347
likely_real,likely_real,0.9092914145665945
likely_real,likely_real,0.9830798424158055
likely_real,likely_real,0.952924447950837
likely_real,likely_real,0.9644286644281402
likely_real,likely_real,0.9455343894741793
likely_real,likely_real,0.9568960651845992
likely_real,likely_real,0.9706313434909021
likely_real,likely_real,0.947031436247645
likely_real,likely_real,0.8140436777113337
likely_real,likely_real,0.9077705996473805
likely_real,likely_real,0.9830416968579762
likely_fake,likely_fake,0.9213343164370458
likely_fake,likely_fake,0.9030733946295489
likely_fake,likely_fake,0.9768144927299767
likely_fake,likely_fake,0.8854197241189294
likely_fake,likely_fake,0.8371941157671461
likely_fake,likely_fake,0.9810410024019665
likely_fake,likely_fake,0.840600270261654
likely_fake,likely_fake,0.9354189737689051
likely_fake,likely_fake,0.9871334539346764
likely_fake,likely_fake,0.9812986748420806
likely_fake,likely_fake,0.9363445769438647
likely_real,likely_real,0.971791256955197
likely_real,likely_real,0.9664336957116014
likely_real,likely_real,0.9305398538185335
likely_real,likely_real,0.955171226829438
likely_real,likely_real,0.9704472226001881
likely_real,likely_real,0.9697912069230221
likely_real,likely_real,0.8592503397211035
likely_real,likely_real,0.9709257967970669
likely_real,likely_real,0.9582917511860483
likely_real,likely_real,0.9847645390847041
likely_real,likely_real,0.9245388882067649
likely_real,likely_real,0.9809949550725363
likely_real,likely_real,0.9854200344084706
likely_real,likely_real,0.9592719527084443
likely_real,likely_real,0.9087649576311086
likely_real,likely_real,0.8773151803877608
likely_real,likely_real,0.9244712630664073
likely_real,likely_real,0.8710281459434592
likely_real,likely_real,0.9856867952392752
likely_real,likely_real,0.9242070090948614
likely_real,likely_real,0.9597162522276793
likely_real,likely_real,0.9765843787201017
likely_real,likely_real,0.9852305529045141
likely_real,likely_real,0.8904471534670497
likely_real,likely_real,0.9654504604498334
likely_real,likely_real,0.8946420412125422
likely_real,likely_real,0.9937974540604255
likely_real,likely_real,0.9238275070919446
likely_real,likely_real,0.7068136599649851
likely_real,likely_real,0.9290956332100995
likely_real,likely_real,0.8631796935839812
likely_real,likely_real,0.8762745535381237
likely_real,likely_real,0.9262323876940219
likely_real,likely_real,0.9039954982720323
likely_real,likely_real,0.926432354590212
likely_real,likely_real,0.9263515422384998
likely_real,likely_real,0.8726471564054501
likely_real,likely_real,0.9748657995681782
likely_real,likely_real,0.9724788254162556
likely_real,likely_real,0.7806876088799964
likely_fake,likely_fake,0.9724456276233451
likely_fake,likely_fake,0.9810356564644176
likely_fake,likely_fake,0.9899405338863312
likely_fake,likely_fake,0.9956057527726108
likely_fake,likely_fake,0.9782435104884258
likely_fake,likely_fake,0.931890425362067
likely_fake,likely_fake,0.8546210470666643
likely_fake,likely_fake,0.9668383657124158
likely_fake,likely_fake,0.9372017336183289
likely_fake,likely_fake,0.9735147407749434
likely_fake,likely_fake,0.9951868017118666
likely_fake,likely_fake,0.8748152182584557
likely_real,likely_real,0.9682069873150514
likely_real,likely_real,0.9848754685420968
likely_real,likely_real,0.9688850828980834
likely_real,likely_real,0.9723491718919683
likely_real,likely_real,0.9821548505874867
likely_real,likely_real,0.9689830998222535
likely_real,likely_real,0.8632049496406026
likely_real,likely_real,0.9545307663246162
likely_real,likely_real,0.9376911987569418
likely_real,likely_real,0.9335752315613501
likely_real,likely_real,0.9850450121780457
likely_real,likely_real,0.988515906906569
likely_real,likely_real,0.9833744508047845
likely_real,likely_real,0.9841994036810287
likely_real,likely_real,0.9742730668371339
likely_real,likely_real,0.9324706584754204
likely_real,likely_real,0.9639169560243463
likely_real,likely_real,0.8743712746489661
likely_real,likely_real,0.9841379279005887
likely_real,likely_real,0.8672283756315784
likely_real,likely_real,0.9696441546237294
likely_real,likely_real,0.9747392985809237
likely_real,likely_real,0.9389599954950728
likely_real,likely_real,0.8250141538981567
likely_real,likely_real,0.9828225286508184
likely_real,likely_real,0.8458792045390425
likely_real,likely_real,0.9331525842805785
likely_real,likely_real,0.928754864382548
likely_real,likely_real,0.9724595182091847
likely_real,likely_real,0.9821548505874867
likely_real,likely_real,0.9830091250871652
likely_real,likely_real,0.9249241563595758
likely_real,likely_real,0.9614253560738266
likely_real,likely_real,0.8905528610352567
likely_real,likely_real,0.9632153386246513
likely_real,likely_real,0.9722568664147008
likely_real,likely_real,0.9840196343894341
likely_real,likely_real,0.9622526057967963
likely_real,likely_real,0.9822136232105076
likely_real,likely_real,0.9395497451497824
likely_real,likely_real,0.9828050663948388
likely_real,likely_real,0.9470681151182047
likely_real,likely_real,0.988277337699789
likely_real,likely_real,0.9848664278250575
likely_real,likely_real,0.9706718758015216
likely_real,likely_real,0.8844824619369503
likely_real,likely_real,0.8612858219276516
likely_real,likely_real,0.9067731419305068
likely_real,likely_real,0.9311095312703542
likely_real,likely_real,0.8766687623031392
likely_real,likely_real,0.9183613478948743
likely_real,likely_real,0.7482694048979187
likely_real,likely_real,0.9705778700640877
likely_fake,likely_fake,0.9796170662564846
likely_fake,likely_fake,0.9851811508692804
likely_fake,likely_fake,0.9386744992661449
likely_fake,likely_fake,0.9826211853062438
likely_fake,likely_real,0.733736440739384
likely_fake,likely_fake,0.7853455853200009
likely_fake,likely_fake,0.9799634428531091
likely_fake,likely_fake,0.7907387469044762
likely_fake,likely_fake,0.994634113189461
likely_fake,likely_fake,0.9884264013503791
likely_fake,likely_fake,0.8962836057474255
likely_fake,likely_fake,0.989644912771571
likely_real,likely_real,0.963068853306068
likely_real,likely_real,0.9876660858716846
likely_real,likely_real,0.8993591897947127
likely_real,likely_real,0.9944631216944191
likely_real,likely_real,0.9162211717867325
likely_real,likely_real,0.9744794186464507
likely_real,likely_real,0.9443474417410184
likely_real,likely_real,0.9477877043645814
likely_real,likely_real,0.9915950431161706
likely_real,likely_real,0.981552045524503
likely_real,likely_real,0.962166511463491
likely_real,likely_real,0.972714185627902
likely_real,likely_real,0.9889631839201158
likely_real,likely_real,0.9768052423200516
likely_real,likely_real,0.9396286572483568
likely_real,likely_real,0.9486819022330487
likely_real,likely_real,0.9868168631721062
likely_real,likely_real,0.9855930849778934
likely_real,likely_real,0.8901311343159191
likely_real,likely_real,0.9736356885256148
likely_real,likely_real,0.8423468673456498
likely_real,likely_real,0.96152095871122
likely_real,likely_real,0.9469886662066145
likely_real,likely_real,0.9361644179419751
likely_real,likely_real,0.9670263661813551
likely_real,likely_real,0.7791782753437066
likely_real,likely_real,0.9814773592597429
likely_real,likely_real,0.9701392657521761
likely_real,likely_real,0.9884053491493744
likely_real,likely_real,0.9406014430036903
likely_real,likely_real,0.9477877043645814
likely_real,likely_real,0.9007012531697925
likely_real,likely_real,0.9307446993611874
likely_real,likely_real,0.9859026934335494
likely_real,likely_real,0.9440493175268321
likely_real,likely_real,0.9823367356303291
likely_real,likely_real,0.9801305545144869
likely_real,likely_real,0.9528359050926113
likely_real,likely_real,0.7733244968150624
likely_real,likely_real,0.9587991148033761
likely_real,likely_real,0.9791418854717201
likely_real,likely_real,0.9654786031182919
likely_real,likely_real,0.9224560931316481
likely_real,likely_real,0.972714185627902
likely_real,likely_real,0.9614842333210643
likely_real,likely_real,0.9747587686246604
likely_real,likely_real,0.9768052423200516
likely_real,likely_real,0.9508503635790647
likely_real,likely_real,0.9867676870980355
likely_real,likely_real,0.9850476815026337
likely_real,likely_real,0.9523570485833822
likely_real,likely_real,0.9894407185946478
likely_real,likely_real,0.9732351765156024
likely_real,likely_real,0.9663007090055881
likely_real,likely_real,0.9147077263232027
likely_real,likely_real,0.9648439171113363
likely_real,likely_real,0.8855226579697102
likely_real,likely_real,0.9758393818174312
likely_real,likely_real,0.7211300404476533
likely_real,likely_real,0.8884778832472475
likely_real,likely_real,0.8696328342283192
likely_real,likely_real,0.9126135904574617
likely_real,likely_real,0.914680893709858
likely_real,likely_real,0.9734722021312144
likely_real,likely_real,0.9724223788197752
likely_real,likely_real,0.9563231606440624
likely_real,likely_real,0.99434936729286
likely_real,likely_real,0.9491883133368662
likely_real,likely_real,0.9244181129085306
likely_real,likely_real,0.9493596372347416
likely_real,likely_real,0.9670243601604198
likely_real,likely_real,0.8462568506846353
likely_real,likely_real,0.9773636649616894
likely_real,likely_real,0.7789144296748941
likely_real,likely_real,0.9448789921086781
likely_real,likely_real,0.9436007971202376
likely_real,likely_real,0.9361956522138514
likely_real,likely_real,0.9891312529340115
likely_real,likely_real,0.9184658298677659
likely_real,likely_real,0.8629728332698097
likely_real,likely_real,0.9567501322474952
likely_real,likely_real,0.9096325707372755
likely_real,likely_real,0.9265862450489336
likely_real,likely_real,0.9413375856558825
likely_real,likely_real,0.9856847063573414
likely_real,likely_real,0.9468989678717468
likely_real,likely_real,0.9773261209574682
likely_real,likely_real,0.9554126560222919
likely_real,likely_real,0.9691593113112156
likely_real,likely_real,0.9182456014860519
likely_real,likely_real,0.9745513986539799
likely_real,likely_real,0.8524634264401215
likely_real,likely_real,0.9728534766800753
likely_real,likely_real,0.9425774293770464
likely_real,likely_real,0.9713711925977264
likely_real,likely_real,0.9691602964329515
likely_real,likely_real,0.8103667097274933
likely_real,likely_real,0.8686391926960559
likely_real,likely_real,0.9908608622186784
likely_real,likely_real,0.7227786844036299
likely_real,likely_real,0.9792394234186137
likely_real,likely_real,0.9851089847421297
likely_real,likely_real,0.9404342913348527
likely_real,likely_real,0.9488762443223284
likely_real,likely_real,0.948080364102867
likely_real,likely_real,0.7590361485368238
likely_real,likely_real,0.9324349861286261
likely_real,likely_real,0.9816670616061964
likely_real,likely_real,0.9094115270161481
likely_real,likely_real,0.8892414947046863
likely_fake,likely_fake,0.9482653342639397
likely_fake,likely_fake,0.9812901197544803
likely_fake,likely_fake,0.9916527875887077
likely_fake,likely_fake,0.9856901132786801
likely_fake,likely_fake,0.5129647624012798
likely_fake,likely_fake,0.9545444930940854
likely_fake,likely_real,0.5854286501863277
likely_fake,likely_fake,0.9133082458044618
likely_fake,likely_fake,0.9829304869987973
likely_fake,likely_fake,0.9268509816642895
likely_fake,likely_fake,0.9124042758980775
likely_fake,likely_fake,0.8309095943725956
likely_fake,likely_fake,0.9948637059639089
likely_fake,likely_fake,0.8605896131366851
likely_fake,likely_fake,0.9136336859759475
likely_fake,likely_fake,0.9804131473536115
likely_fake,likely_fake,0.9887381829383644
likely_real,likely_real,0.9778293196593257
likely_real,likely_real,0.9700895262083605
likely_real,likely_real,0.9902326278355377
likely_real,likely_real,0.9837786804257288
likely_real,likely_real,0.9864404815814745
likely_real,likely_real,0.9412166861873447
likely_real,likely_real,0.8958750353756688
likely_real,likely_real,0.9554169739018599
likely_real,likely_real,0.9332118071560347
likely_real,likely_real,0.9349917502307173
likely_real,likely_real,0.9944927785620561
likely_real,likely_real,0.9772261415128601
likely_real,likely_real,0.9520277564211674
likely_real,likely_real,0.9259411032952584
likely_real,likely_real,0.9555511444002818
likely_real,likely_fake,0.5469226132365967
likely_real,likely_real,0.9883430967103385
likely_real,likely_real,0.9629484946936677
likely_real,likely_real,0.9050596297665291
likely_real,likely_real,0.9905808289577094
likely_real,likely_real,0.9887576977931891
likely_real,likely_real,0.9799792765743891
likely_real,likely_real,0.9708668548222507
likely_real,likely_real,0.9898401355176001
likely_real,likely_real,0.9836639631921978
likely_real,likely_real,0.9095650722883454
likely_real,likely_real,0.9513441727173307
likely_real,likely_real,0.9757984827276164
likely_real,likely_real,0.9769215905584271
likely_real,likely_real,0.9524254271904214
likely_real,likely_real,0.9592286161758017
likely_real,likely_real,0.9957208650151359
likely_real,likely_real,0.9909604673080729
likely_real,likely_real,0.9390811679483023
likely_real,likely_real,0.8931294240610671
likely_real,likely_real,0.9859695935221182
likely_real,likely_real,0.957183814426443
likely_real,likely_real,0.9554143352788586
likely_real,likely_real,0.9737507782645679
likely_real,likely_real,0.9661504374678859
likely_real,likely_real,0.9758750261978015
likely_real,likely_real,0.871268946673963
likely_real,likely_real,0.8911011371333464
likely_real,likely_real,0.9971129023813683
likely_real,likely_real,0.9769842510829149
likely_real,likely_real,0.9373481183221799
likely_real,likely_real,0.8763226143800964
likely_real,likely_real,0.9820611131772401
likely_real,likely_real,0.9840966081983826
likely_real,likely_real,0.6539083519328555
likely_real,likely_real,0.9190485237093979
likely_real,likely_real,0.9745677252919586
likely_real,likely_real,0.9909898248265818
likely_real,likely_real,0.8710531314228679
likely_real,likely_real,0.9452011910923193
likely_real,likely_real,0.920745382956635
likely_real,likely_real,0.9520277564211674
likely_real,likely_real,0.9487238666711331
likely_real,likely_real,0.927912294102565
likely_real,likely_real,0.9825501874843946
likely_real,likely_real,0.9885981176660845
likely_real,likely_real,0.9846596098869315
likely_real,likely_real,0.8693695035513632
likely_real,likely_real,0.8892846034586283
likely_real,likely_real,0.8603871613477733
likely_real,likely_real,0.8575892490895838
likely_real,likely_real,0.9515967126039824
likely_real,likely_real,0.9856935088623454
likely_real,likely_real,0.9642456199400581
likely_real,likely_real,0.9852656482070733
likely_real,likely_real,0.9711594706111395
likely_real,likely_real,0.8854072433637865
likely_real,likely_real,0.8895451195869518
likely_real,likely_real,0.9699150289692157
likely_real,likely_real,0.9210870137185065
likely_real,likely_real,0.9927102500803162
likely_real,likely_real,0.9214271246118707
likely_real,likely_real,0.975903881669694
likely_real,likely_real,0.6513723327924776
likely_real,likely_real,0.972570396896479
likely_real,likely_real,0.9627238497320132
likely_real,likely_real,0.8950484045727647
likely_real,likely_real,0.9807634872412104
likely_real,likely_real,0.9734909084974612
likely_real,likely_real,0.9688610062167646
likely_real,likely_real,0.8435900685031055
likely_real,likely_real,0.9665422603628654
likely_real,likely_real,0.8224225796920658
likely_real,likely_real,0.9547922370505905
likely_real,likely_real,0.9912949170831422
likely_real,likely_real,0.8979642786546831
likely_real,likely_real,0.959436641479622
likely_real,likely_real,0.9632232832832529
likely_real,likely_real,0.9498172796368903
likely_real,likely_real,0.986992686331361
likely_real,likely_real,0.8815981573150624
likely_real,likely_real,0.9450180459062707
likely_real,likely_real,0.9781219088277732
likely_real,likely_real,0.9708668548222507
likely_real,likely_real,0.948620507346029
likely_real,likely_real,0.8230199875645187
likely_real,likely_real,0.8849254511684039
likely_real,likely_real,0.9627359001173926
likely_real,likely_real,0.9755562043869145
likely_real,likely_real,0.9702816686990557
likely_real,likely_real,0.9796237950796197
likely_real,likely_real,0.9723174968193643
likely_real,likely_real,0.5939624627952393
likely_real,likely_real,0.8809488079755243
likely_real,likely_real,0.9799600316010113
likely_real,likely_real,0.9584703521616578
likely_real,likely_real,0.9525252617217036
likely_real,likely_real,0.9900072790502844
likely_real,likely_real,0.9624739614016115
likely_real,likely_real,0.9484049891643184
likely_real,likely_real,0.9900476504725426
likely_real,likely_real,0.9466263391533728
likely_real,likely_real,0.8311623271472548
likely_real,likely_real,0.9765252362335834
likely_real,likely_real,0.9354178174186573
likely_real,likely_real,0.9791766271216554
likely_real,likely_real,0.9776992339078971
likely_real,likely_real,0.9444843659907655
likely_real,likely_real,0.9744557390961981
likely_real,likely_real,0.7978060515698351
likely_real,likely_real,0.8968848126635542
likely_real,likely_real,0.9729623023134542
likely_real,likely_real,0.8817576394537956
likely_real,likely_real,0.9534857828643055
likely_fake,likely_fake,0.9167756210852629
likely_fake,likely_fake,0.9374610973253344
likely_fake,likely_fake,0.738012443292021
likely_fake,likely_fake,0.8968588924820505
likely_fake,likely_fake,0.9484545617346899
likely_fake,likely_fake,0.8179857806310623
likely_fake,likely_fake,0.9926811652149252
likely_fake,likely_fake,0.844849360134305
likely_fake,likely_fake,0.8899417456395883
likely_fake,likely_fake,0.7847684528732167
likely_fake,likely_fake,0.9650275604818207
likely_real,likely_real,0.9727617040640588
likely_real,likely_real,0.9819449734375065
likely_real,likely_real,0.9757438816795635
likely_real,likely_real,0.915697780963471
likely_real,likely_real,0.9297236580277386
likely_real,likely_real,0.9695410921529063
likely_real,likely_real,0.9896805390127457
likely_real,likely_real,0.9926660416816934
likely_real,likely_real,0.8471998081936676
likely_real,likely_real,0.9908452779011299
likely_real,likely_real,0.97930801488337
likely_real,likely_real,0.996845715619497
likely_real,likely_real,0.9909832878152368
likely_real,likely_real,0.9013912128002066
likely_real,likely_real,0.9644675954453118
likely_real,likely_real,0.9330872877764291
likely_real,likely_real,0.9304478846075184
likely_real,likely_real,0.94161589168216
likely_real,likely_real,0.8639160102250325
likely_real,likely_real,0.9254453257282371
likely_real,likely_real,0.9877246712337349
likely_real,likely_real,0.9357620453530302
likely_real,likely_real,0.8151663708785349
likely_real,likely_real,0.9635516174873767
likely_real,likely_real,0.9946218600232158
likely_real,likely_real,0.9730507625259902
likely_real,likely_real,0.9714251127964303
likely_real,likely_real,0.9681764753028844
likely_real,likely_real,0.7911378029018935
likely_real,likely_real,0.9811813355246833
likely_real,likely_real,0.9878374617620341
likely_real,likely_real,0.9947235275101702
likely_real,likely_real,0.9759769154419605
likely_real,likely_real,0.941048887461718
likely_real,likely_real,0.8165469113182838
likely_real,likely_real,0.8935618403216177
likely_real,likely_real,0.9465312254986228
likely_real,likely_real,0.950446822530214
likely_real,likely_real,0.9393542058239966
likely_real,likely_real,0.9677402606828857
likely_real,likely_real,0.968068152626124
likely_real,likely_real,0.9922444564912959
likely_real,likely_real,0.9881973607356407
likely_real,likely_real,0.9763253866866317
likely_real,likely_real,0.9754791798153443
likely_real,likely_real,0.9840601897932225
likely_real,likely_real,0.9784138741990637
likely_real,likely_real,0.9332594020710777
likely_real,likely_real,0.926882678563971
likely_real,likely_real,0.9860900025704757
likely_real,likely_real,0.9454494412252586
likely_real,likely_real,0.9421758490717723
likely_real,likely_real,0.9290921179830032
likely_real,likely_real,0.9706335341951065
likely_real,likely_real,0.796332100273306
likely_real,likely_real,0.9855954880708248
likely_real,likely_real,0.6561075108856878
likely_real,likely_real,0.931313158632012
likely_real,likely_real,0.8617923052698124
likely_real,likely_real,0.8642920598734527
likely_real,likely_real,0.9636444661499675
likely_real,likely_real,0.9666221572229595
likely_real,likely_real,0.9662659055884688
likely_real,likely_real,0.9871581581224632
likely_real,likely_real,0.9004323570789068
likely_real,likely_real,0.9833465981086102
likely_real,likely_real,0.8782571410399143
likely_real,likely_real,0.9834663645548997
likely_real,likely_real,0.9605425355639938
likely_real,likely_real,0.9727863911652623
likely_real,likely_real,0.8266991656164931
likely_real,likely_real,0.9087649050985984
likely_real,likely_real,0.9495714938711984
likely_real,likely_real,0.9657375934139274
likely_real,likely_real,0.8795635728665173
likely_real,likely_real,0.9819665728398841
likely_real,likely_real,0.9547895577840648
likely_real,likely_real,0.9833852036361913
likely_real,likely_fake,0.6081228725292025
likely_real,likely_real,0.941310065024866
likely_real,likely_real,0.8928231877198792
likely_real,likely_real,0.9618280521734413
likely_real,likely_real,0.9383144625711981
likely_real,likely_real,0.9232880711789376
likely_real,likely_real,0.9574708060025893
likely_real,likely_real,0.9739425029154164
likely_real,likely_real,0.8547890553273215
likely_real,likely_real,0.9776862342727679
likely_real,likely_real,0.741066179248233
likely_real,likely_real,0.9744802262082618
likely_real,likely_real,0.9709633927448734
likely_real,likely_real,0.9569736584829882
likely_real,likely_real,0.851837432597865
likely_real,likely_real,0.8200482686025072
likely_real,likely_real,0.9679340667633531
likely_real,likely_real,0.9866802943665605
likely_real,likely_real,0.9337760840478271
likely_real,likely_real,0.9621706674524726
likely_real,likely_real,0.9956134680644023
likely_real,likely_real,0.9626418714713054
likely_real,likely_real,0.9819720107597373
likely_real,likely_real,0.9937454471587797
likely_real,likely_real,0.9301095116365264
likely_real,likely_real,0.9894070614699328
likely_real,likely_real,0.9925785509707733
likely_real,likely_real,0.9090843331043132
likely_real,likely_real,0.943506057158693
likely_real,likely_real,0.9480227201787712
likely_real,likely_real,0.9662915374706019
likely_real,likely_real,0.9666876008779463
likely_real,likely_real,0.8851349213273113
likely_real,likely_real,0.9566119009364044
likely_real,likely_real,0.9835662167265679
likely_real,likely_real,0.9846751243838168
likely_real,likely_real,0.6223581062668343
likely_real,likely_real,0.8542607583617894
likely_real,likely_real,0.9549985964979327
likely_real,likely_real,0.9620761331772155
likely_real,likely_real,0.9459595475159208
likely_real,likely_real,0.9542669604100354
likely_real,likely_real,0.918545025128035
likely_real,likely_real,0.9860068073834259
likely_real,likely_real,0.929495467450498
likely_real,likely_real,0.6608444183158192
likely_real,likely_real,0.7562130735662124
likely_real,likely_real,0.8864733955323361
likely_real,likely_real,0.834294686473707
likely_real,likely_real,0.9779707866762177
likely_real,likely_real,0.978236241950601
likely_real,likely_real,0.9885831106905616
likely_real,likely_real,0.974674780158808
likely_real,likely_real,0.8776067720420929
likely_real,likely_real,0.895889470477866
likely_real,likely_real,0.9315116061309964
likely_real,likely_real,0.937678134611744
likely_real,likely_real,0.9198488085677311
likely_real,likely_real,0.965531514444311
likely_real,likely_real,0.6864982928606574
likely_real,likely_real,0.9728599858464921
likely_real,likely_real,0.9089817689629365
likely_real,likely_real,0.8434362663878547
likely_real,likely_real,0.8721528605642075
likely_real,likely_real,0.9312325853115758
likely_real,likely_real,0.9840397883981018
likely_real,likely_real,0.9806790161366529
likely_real,likely_real,0.9564883772204683
likely_real,likely_real,0.9293423986179528
likely_real,likely_real,0.9658766603712632
likely_real,likely_real,0.9907630609472997
likely_real,likely_real,0.9708656992888591
likely_real,likely_real,0.9743656103959275
likely_real,likely_real,0.9621175264204611
likely_real,likely_real,0.9694813002311927
likely_real,likely_real,0.9744364992853685
likely_real,likely_real,0.9853573231440035
likely_real,likely_real,0.9336045016624582
likely_real,likely_real,0.9572751987040522
likely_real,likely_real,0.9593961380514335
likely_real,likely_real,0.9676830673735068
likely_real,likely_real,0.9297025339187375
likely_real,likely_real,0.9182342659537348
likely_real,likely_real,0.9648669306804132
likely_real,likely_real,0.942140702896064
likely_real,likely_real,0.9827842730641114
likely_real,likely_real,0.9619075055130787
likely_real,likely_real,0.8974034871331475
likely_fake,likely_fake,0.9925462627496292
likely_fake,likely_fake,0.9949994133926209
likely_fake,likely_fake,0.9205176963334787
likely_fake,likely_fake,0.8235641804374089
likely_fake,likely_fake,0.9933227551200217
likely_fake,likely_real,0.5381830597206689
likely_fake,likely_fake,0.990350568702947
likely_fake,likely_fake,0.9345903506986273
likely_fake,likely_fake,0.8804148682437377
likely_fake,likely_fake,0.9885995577854213
likely_fake,likely_fake,0.9763437265681338
likely_real,likely_real,0.9888568479652463
likely_real,likely_real,0.9903817807362048
likely_real,likely_real,0.9891385913060465
likely_real,likely_real,0.993048196638622
likely_real,likely_real,0.6559787079736893
likely_real,likely_real,0.985705983488546
likely_real,likely_real,0.9467817805182158
likely_real,likely_real,0.9588413707562645
likely_real,likely_real,0.9675925072607356
likely_real,likely_real,0.9672076318560414
likely_real,likely_real,0.9203145003439901
likely_real,likely_real,0.9780850856432021
likely_real,likely_real,0.9839437892644856
likely_real,likely_real,0.9336253409872423
likely_real,likely_real,0.9200267911751685
likely_real,likely_real,0.8432955670302938
likely_real,likely_real,0.9806847725843411
likely_real,likely_real,0.936732039563404
likely_real,likely_real,0.9624082690394016
likely_real,likely_real,0.7299258728897775
likely_real,likely_real,0.9546688594244475
likely_real,likely_real,0.9257212999874611
likely_real,likely_real,0.9564007029409946
likely_real,likely_real,0.9484872367193751
likely_real,likely_real,0.9557493059637496
likely_real,likely_real,0.9644723954230566
likely_real,likely_real,0.8945657270524211
likely_real,likely_real,0.9832225550421
likely_real,likely_real,0.9715703660502746
likely_real,likely_real,0.9962144462967857
likely_real,likely_real,0.9846403271690716
likely_real,likely_real,0.9875361564896413
likely_real,likely_real,0.9906459150061662
likely_real,likely_real,0.9924788176440019
likely_real,likely_real,0.8479025578784968
likely_real,likely_real,0.9158694941543317
likely_real,likely_real,0.911587368616631
likely_real,likely_real,0.9593814894624643
likely_real,likely_real,0.9690325928718182
likely_real,likely_real,0.9848772980040791
likely_real,likely_real,0.9035265839015421
likely_real,likely_real,0.9899675117365743
likely_real,likely_real,0.9400659971563907
likely_real,likely_real,0.6085585867692289
likely_real,likely_real,0.9675687056644117
likely_real,likely_real,0.9345863130511511
likely_real,likely_real,0.9839437892644856
likely_real,likely_real,0.984256750648463
likely_real,likely_real,0.9826055793408544
likely_real,likely_real,0.9557789447073123
likely_real,likely_real,0.963578874543507
likely_real,likely_real,0.864348351768157
likely_real,likely_real,0.9917980532196845
likely_real,likely_real,0.9893869228235879
likely_real,likely_real,0.9576656729398931
likely_real,likely_real,0.974822105361264
likely_real,likely_real,0.9706972803216816
likely_real,likely_real,0.9863011586177998
likely_real,likely_real,0.9758323634491449
likely_real,likely_real,0.946401939631667
likely_real,likely_real,0.8770572128132303
likely_real,likely_real,0.7093618250549695
likely_real,likely_real,0.9412065628844932
likely_real,likely_real,0.9665725800219637
likely_real,likely_real,0.9758840698857445
likely_real,likely_real,0.8900656155966975
likely_real,likely_real,0.7395045859935271
likely_real,likely_real,0.9438032475385174
likely_real,likely_real,0.9029369577319715
likely_real,likely_real,0.9342845680298464
likely_real,likely_real,0.9639205489094052
likely_real,likely_real,0.941752842526937
likely_real,likely_real,0.9211018535655505
likely_real,likely_real,0.9493332319856698
likely_real,likely_real,0.9680128954010057
likely_real,likely_real,0.9516869243533996
likely_real,likely_real,0.9823514019590697
likely_real,likely_real,0.8860557021287302
likely_real,likely_real,0.8689114551526821
likely_real,likely_real,0.9231609625342532
likely_real,likely_real,0.9389413118815124
likely_real,likely_real,0.9309237984203734
likely_real,likely_real,0.9741610292870067
likely_real,likely_real,0.6948653914952773
likely_real,likely_real,0.9890689587147782
likely_real,likely_real,0.9352298101678621
likely_real,likely_real,0.8205628777538252
likely_real,likely_real,0.9848008930826321
likely_real,likely_real,0.9066614283712398
likely_real,likely_real,0.9757678390536928
likely_real,likely_real,0.9868899936832043
likely_real,likely_real,0.9054450845223732
likely_real,likely_real,0.9841370392792073
likely_real,likely_real,0.9851232101522348
likely_real,likely_real,0.6513829469483432
likely_real,likely_real,0.8949134867949691
likely_real,likely_real,0.9599929418569287
likely_real,likely_real,0.9679966788077752
likely_real,likely_real,0.8478768327696702
likely_real,likely_real,0.9614405706153659
likely_real,likely_real,0.9702192696287831
likely_real,likely_real,0.9825691951499912
likely_real,likely_real,0.9619399463922215
likely_real,likely_real,0.9173300824351666
likely_real,likely_real,0.9675289968872808
likely_real,likely_real,0.9664424541754024
likely_real,likely_real,0.8935979173701721
likely_real,likely_real,0.8472078670362135
likely_real,likely_real,0.9382371810295855
likely_real,likely_real,0.8779492114227726
likely_real,likely_real,0.963001501761849
likely_real,likely_real,0.984279231304923
likely_real,likely_real,0.8137551964111303
likely_real,likely_real,0.9028701464214093
likely_real,likely_real,0.9618796571828624
likely_real,likely_real,0.9810402748337417
likely_real,likely_real,0.9817739748255532
likely_real,likely_real,0.96423771618448
likely_real,likely_real,0.9567210571715236
likely_real,likely_real,0.9811672121410103
likely_real,likely_real,0.9798607379591207
likely_real,likely_real,0.9432173143366372
likely_real,likely_real,0.8355107652686811
likely_real,likely_real,0.9347973723560875
likely_real,likely_real,0.9396875785828077
likely_real,likely_real,0.9753864679997561
likely_real,likely_real,0.9384242384244347
likely_real,likely_real,0.9539761796035071
likely_real,likely_real,0.9699640091796432
likely_real,likely_real,0.8472468497489136
likely_real,likely_real,0.8709072819266755
likely_real,likely_real,0.7985846309079144
likely_real,likely_real,0.9878201092070735
likely_real,likely_real,0.9563466501487297
likely_real,likely_real,0.8986575095315104
likely_real,likely_real,0.8068755760523487
likely_real,likely_real,0.9112637642480544
likely_real,likely_real,0.8842972833554319
likely_real,likely_real,0.8556479851245243
likely_real,likely_real,0.9794794633804749
likely_fake,likely_fake,0.7595336004896627
likely_fake,likely_fake,0.9133675891188305
likely_fake,likely_fake,0.9359586287258036
likely_fake,likely_fake,0.8720225377469498
likely_fake,likely_fake,0.9895459536682789
likely_fake,likely_fake,0.7491243972848287
likely_fake,likely_fake,0.9934531598783298
likely_fake,likely_fake,0.9657199715015201
likely_fake,likely_fake,0.9737966125687991
likely_real,likely_real,0.972958750139599
likely_real,likely_real,0.9183494172087094
likely_real,likely_real,0.9028740222108964
likely_real,likely_real,0.6631162993641377
likely_real,likely_real,0.9336495591732806
likely_real,likely_real,0.9131736051084476
likely_real,likely_real,0.969938248576842
likely_real,likely_real,0.8475787289723146
likely_real,likely_real,0.9035073649752838
likely_real,likely_real,0.9854167813465716
likely_real,likely_real,0.9916111069779256
likely_real,likely_real,0.9569582435640662
likely_real,likely_real,0.9678458593375767
likely_real,likely_real,0.9844988732619577
likely_real,likely_real,0.9708272298462792
likely_real,likely_real,0.9759859287209237
likely_real,likely_real,0.9472823724750684
likely_real,likely_real,0.9891385913060465
likely_real,likely_real,0.8081537837651007
likely_real,likely_real,0.8310893953428895
likely_real,likely_real,0.9561863266841522
likely_real,likely_real,0.9653107090866326
likely_real,likely_real,0.7996427696547727
likely_real,likely_real,0.9725667371067339
likely_real,likely_real,0.988483602536608
likely_real,likely_real,0.9819368810685883
likely_real,likely_real,0.9693088489278028
likely_real,likely_real,0.9714977299873984
likely_real,likely_real,0.9393641304541644
likely_real,likely_real,0.945257161387713
likely_real,likely_real,0.9706022600899693
likely_real,likely_real,0.9759206790430618
likely_real,likely_real,0.9791210568577208
likely_real,likely_real,0.9498286396416841
likely_real,likely_real,0.9921119262230192
likely_real,likely_real,0.9863793842793543
likely_real,likely_real,0.9877103832611118
likely_real,likely_real,0.9219206006771634
likely_real,likely_real,0.9758743841861606
likely_real,likely_real,0.9526675021207108
likely_real,likely_real,0.9477888226262569
likely_real,likely_real,0.9683632150674285
likely_real,likely_real,0.8843474697219953
likely_real,likely_real,0.9377951218494619
likely_real,likely_real,0.9888067572830885
likely_real,likely_real,0.9427774813939542
likely_real,likely_real,0.96092379196364
likely_real,likely_real,0.9874266896092982
likely_real,likely_real,0.980208239800185
likely_real,likely_real,0.993624485601877
likely_real,likely_real,0.84187148722587
likely_real,likely_real,0.7011048805071068
likely_real,likely_real,0.9519227235218519
likely_real,likely_real,0.9720099359820867
likely_real,likely_real,0.937240115290926
likely_real,likely_real,0.9485338799666113
likely_real,likely_real,0.9753465573042859
likely_real,likely_real,0.9012069649851938
likely_real,likely_real,0.6717014574344397
likely_real,likely_real,0.9835942579836924
likely_real,likely_real,0.9898225552161902
likely_real,likely_real,0.9754472204803364
likely_real,likely_real,0.9329796295779172
likely_real,likely_real,0.8113083443328032
likely_real,likely_real,0.9560966478428026
likely_real,likely_real,0.9621470304147184
likely_real,likely_real,0.9675852432828594
likely_real,likely_real,0.9767094981268605
likely_real,likely_real,0.9829557608632292
likely_real,likely_real,0.91986166457765
likely_real,likely_real,0.9608241537764435
likely_real,likely_real,0.975071236365088
likely_real,likely_real,0.9459325259395757
likely_real,likely_real,0.9720860435437308
likely_real,likely_real,0.9567441364639591
likely_real,likely_real,0.9829616617114718
likely_real,likely_real,0.9702187644472857
likely_real,likely_real,0.9645609552760547
likely_real,likely_real,0.9880092227698597
likely_real,likely_real,0.9703008260254243
likely_real,likely_real,0.9627740450532852
likely_real,likely_real,0.9686200715362705
likely_real,likely_real,0.8680981101411065
likely_real,likely_real,0.9650698721032319
likely_real,likely_real,0.940760056076819
likely_real,likely_real,0.9555324050513088
likely_real,likely_real,0.6157514674603254
likely_real,likely_real,0.8839092123106933
likely_real,likely_real,0.8868657592533808
likely_real,likely_real,0.8635757781453796
likely_real,likely_real,0.8431838328755761
likely_real,likely_real,0.960861222666459
likely_real,likely_real,0.9808703487032583
likely_real,likely_real,0.797526439027028
likely_real,likely_real,0.942224329270913
likely_real,likely_real,0.9656265014297956
likely_real,likely_real,0.8131091295971841
likely_real,likely_real,0.9477009846642991
likely_real,likely_real,0.9678475499671519
likely_real,likely_real,0.9569041792777764
likely_real,likely_real,0.8966959635914045
likely_real,likely_real,0.9688161420868175
likely_real,likely_real,0.8898050797334135
likely_real,likely_real,0.9692885684559654
likely_real,likely_real,0.7560405689913811
likely_real,likely_real,0.8867736629370698
likely_real,likely_real,0.8478710739142249
likely_real,likely_real,0.9786910727974024
likely_real,likely_real,0.9135099575246135
likely_real,likely_real,0.9301645192391623
likely_real,likely_real,0.9579842508176633
likely_real,likely_real,0.9701815504300414
likely_real,likely_real,0.9388704984474983
likely_real,likely_real,0.9185847490862297
likely_real,likely_real,0.9830692646425635
likely_real,likely_real,0.8268165465377457
likely_real,likely_real,0.9198589701434191
likely_real,likely_real,0.9377193217828075
likely_real,likely_real,0.936749491213959
likely_real,likely_real,0.9641878487815624
likely_real,likely_real,0.9432851700767325
likely_real,likely_real,0.9504300894690726
likely_real,likely_real,0.9640320272409086
likely_real,likely_real,0.9589971716686894
likely_real,likely_real,0.9118432515021616
likely_real,likely_real,0.9503790679278165
likely_real,likely_real,0.9824914133654173
likely_real,likely_real,0.9566528787290516
likely_real,likely_real,0.7876026197514943
likely_real,likely_real,0.9796525793464778
likely_real,likely_real,0.9943599663256708
likely_real,likely_real,0.9360446828190955
likely_real,likely_real,0.948829012837177
likely_fake,likely_fake,0.980256583612418
likely_fake,likely_fake,0.9899183114866354
likely_fake,likely_fake,0.9774435307231225
likely_fake,likely_fake,0.9927381623140757
likely_fake,likely_fake,0.7568828877449596
likely_fake,likely_fake,0.8853304771426149
likely_fake,likely_fake,0.94136645783483
likely_fake,likely_fake,0.9705659740322299
likely_fake,likely_fake,0.8567357313694566
likely_real,likely_real,0.9629199176613801
likely_real,likely_real,0.9234491525290359
likely_real,likely_real,0.9549250028982534
likely_real,likely_real,0.9845497504157477
likely_real,likely_real,0.9965431280298358
likely_real,likely_real,0.9791569836608958
likely_real,likely_real,0.9863359634693788
likely_real,likely_real,0.8873376746490237
likely_real,likely_real,0.8789243379338143
likely_real,likely_real,0.95192436957008
likely_real,likely_real,0.944424035617927
likely_real,likely_real,0.92981618625459
likely_real,likely_real,0.9878001063828702
likely_real,likely_real,0.9285876328266643
likely_real,likely_real,0.9685339986695563
likely_real,likely_real,0.9185655431055428
likely_real,likely_real,0.9900244637987496
likely_real,likely_real,0.9560534349403506
likely_real,likely_real,0.9938888566533344
likely_real,likely_real,0.9407696124451874
likely_real,likely_real,0.8590738858229556
likely_real,likely_real,0.9778568030331305
likely_real,likely_real,0.9720888337673825
likely_real,likely_real,0.9082204296048653
likely_real,likely_real,0.9846908209001904
likely_real,likely_real,0.9233050694653635
likely_real,likely_real,0.8355651417306773
likely_real,likely_real,0.9590335026026514
likely_real,likely_real,0.9897241327889027
likely_real,likely_real,0.9284373564328725
likely_real,likely_real,0.9116901699877776
likely_real,likely_real,0.9247412766034169
likely_real,likely_real,0.950063203935706
likely_real,likely_real,0.9462975944800753
likely_real,likely_real,0.914272747363358
likely_real,likely_real,0.8929365224899268
likely_real,likely_real,0.9778842965835511
likely_real,likely_real,0.9632740651815591
likely_real,likely_real,0.9358049897831314
likely_real,likely_real,0.8914703973515986
likely_fake,likely_fake,0.9904042521983119
likely_fake,likely_fake,0.9833979543331633
likely_fake,likely_fake,0.8734446110455973
likely_fake,likely_fake,0.9915201806700328
likely_fake,likely_real,0.7400180782777501
likely_real,likely_real,0.9004999800044469
likely_real,likely_real,0.9653118674343286
likely_real,likely_real,0.9328705849120419
likely_real,likely_real,0.9714299063761049
likely_real,likely_real,0.9641483208032757
likely_real,likely_real,0.991898228490341
likely_real,likely_real,0.9589057258191322
likely_real,likely_real,0.9470670563404684
likely_real,likely_real,0.9191104041620397
likely_real,likely_real,0.8991311491915288
likely_real,likely_real,0.9913408874191568
likely_real,likely_real,0.9766719848992622
likely_real,likely_real,0.8560640758214505
likely_real,likely_real,0.93830852488055
likely_real,likely_real,0.9524523339521268
likely_real,likely_real,0.9708032013213063
likely_real,likely_real,0.9342185093624882
likely_real,likely_real,0.9862885510962696
likely_real,likely_real,0.814894148039384
likely_real,likely_real,0.9083007017405053
likely_real,likely_real,0.9918214623169801
likely_real,likely_real,0.9112500677823042
likely_real,likely_real,0.973806110444166
likely_real,likely_real,0.9728675535984713
likely_real,likely_real,0.9843973759461025
likely_real,likely_real,0.9498846941306893
likely_real,likely_real,0.9556424696514165
likely_real,likely_real,0.9645272979948755
likely_real,likely_real,0.9493018340753153
likely_real,likely_real,0.9160268935635255
likely_real,likely_real,0.9205021863087958
likely_real,likely_real,0.9729468121846561
likely_real,likely_real,0.9764696163113058
likely_real,likely_real,0.9240458766569095
likely_real,likely_real,0.9762374352131128
likely_real,likely_real,0.8884861848442737
likely_real,likely_real,0.8803144065583915
likely_real,likely_real,0.9327813068269393
likely_real,likely_real,0.9626660586122172
likely_real,likely_real,0.9821855587220429
likely_real,likely_real,0.96946515944323
likely_real,likely_real,0.9570999455992419
likely_real,likely_real,0.9719945315363873
likely_real,likely_real,0.9772095965620802
likely_fake,likely_fake,0.9901689659394894
likely_fake,likely_fake,0.9297742121384548
likely_fake,likely_fake,0.7356116823145407
likely_fake,likely_fake,0.9618878297962888
likely_fake,likely_fake,0.9583916946508688
likely_fake,likely_fake,0.9534657765808531
likely_fake,likely_fake,0.9518435836275557
likely_fake,likely_fake,0.7389638958357497
likely_fake,likely_fake,0.8490661261011652
likely_fake,likely_fake,0.9915828670408247
likely_fake,likely_fake,0.9647187628591125
likely_real,likely_real,0.9191144149629955
likely_real,likely_real,0.9647510681391207
likely_real,likely_real,0.8900627473534799
likely_real,likely_real,0.9707275717138868
likely_real,likely_real,0.9540835900369936
likely_real,likely_real,0.992052659642714
likely_real,likely_real,0.9081089021517974
likely_real,likely_real,0.6693045073996804
likely_real,likely_real,0.9805949919165003
likely_real,likely_real,0.9858887985688835
likely_real,likely_real,0.9930867748428582
likely_real,likely_real,0.9431800760358238
likely_real,likely_real,0.9499030106554234
likely_real,likely_real,0.9587568682624467
likely_real,likely_real,0.9170152417924803
likely_real,likely_real,0.9044426413268434
likely_real,likely_real,0.9610693900332548
likely_real,likely_real,0.948934842798778
likely_real,likely_real,0.9846131706093535
likely_real,likely_real,0.9879358676086901
likely_real,likely_real,0.9797166536629913
likely_real,likely_real,0.9653197310955506
likely_real,likely_real,0.9401660282514808
likely_real,likely_real,0.9494623701408368
likely_real,likely_real,0.9772685887234094
likely_real,likely_real,0.9244183589124617
likely_real,likely_real,0.9936063220279108
likely_real,likely_real,0.931441213601396
likely_real,likely_real,0.9577087061760989
likely_real,likely_real,0.9817240398573771
likely_real,likely_real,0.9871642607645678
likely_real,likely_real,0.9584521287002962
likely_real,likely_real,0.9629241928162704
likely_real,likely_real,0.9823954502166325
likely_real,likely_real,0.8540767389012599
likely_real,likely_real,0.9502778618084562
likely_real,likely_real,0.9788703736840573
likely_real,likely_real,0.981007672556515
likely_real,likely_real,0.9299241717882155
likely_real,likely_real,0.9698162616591981
likely_real,likely_real,0.9234817266378168
likely_real,likely_real,0.8776324862921453
likely_real,likely_real,0.7828647852142854
likely_real,likely_real,0.8687185762448572
likely_real,likely_real,0.959593362016545
likely_real,likely_real,0.9581695991203467
likely_real,likely_real,0.9657895266101585
likely_real,likely_real,0.9573280780238608
likely_real,likely_real,0.9827614807113189
likely_real,likely_real,0.6263284575414301
likely_real,likely_real,0.9751495030121757
likely_real,likely_real,0.9533859291815602
likely_real,likely_real,0.9810078223768289
likely_real,likely_real,0.9795555638113358
likely_real,likely_real,0.9867014782325025
likely_real,likely_real,0.9183420254243412
likely_real,likely_real,0.9660537710602497
likely_real,likely_real,0.8863159820219145
likely_real,likely_real,0.9640119085748023
likely_real,likely_real,0.8639313371574182
likely_real,likely_real,0.9771566403859644
likely_real,likely_real,0.9494644503048364
likely_real,likely_real,0.8592181054863395
likely_real,likely_real,0.898792601545398
likely_real,likely_real,0.9340621167093227
likely_real,likely_real,0.9677621273347424
likely_real,likely_real,0.9459583327809973
likely_real,likely_real,0.9808711187245912
likely_real,likely_fake,0.820206848816565
likely_real,likely_real,0.9753547721390678
likely_real,likely_real,0.7109538850929907
likely_real,likely_real,0.8109975072760417
likely_real,likely_real,0.9310961578659641
likely_real,likely_real,0.9779341566909667
likely_real,likely_real,0.9777982419039482
likely_real,likely_real,0.8583465324439603
likely_real,likely_real,0.9820783723217285
likely_real,likely_real,0.8954283120406159
likely_real,likely_real,0.9089212415118316
likely_real,likely_real,0.9858323720427979
likely_real,likely_real,0.9816857384304176
likely_real,likely_real,0.9571120784990881
likely_real,likely_real,0.9276303066599537
likely_real,likely_real,0.9403350742559609
likely_real,likely_real,0.9659778821760857
likely_real,likely_real,0.9674777252452688
likely_real,likely_real,0.8768179560100715
likely_real,likely_real,0.947185038796053
likely_real,likely_real,0.9471506691686202
likely_real,likely_real,0.9849188512070747
likely_real,likely_real,0.721349516305199
likely_real,likely_real,0.8916653836544763
likely_real,likely_real,0.9143025467731881
likely_real,likely_real,0.9475329977538377
likely_real,likely_real,0.9723884776762944
likely_real,likely_real,0.9048592992365707
likely_real,likely_real,0.9441047427585814
likely_fake,likely_fake,0.9574044196641552
likely_fake,likely_fake,0.9532836586007043
likely_fake,likely_fake,0.9744884958523794
likely_fake,likely_fake,0.9931476565865547
likely_fake,likely_fake,0.8635754347736606
likely_fake,likely_fake,0.9433453255903423
likely_fake,likely_fake,0.9930440925141275
likely_fake,likely_fake,0.9424301066029157
likely_fake,likely_fake,0.9849363782159919
likely_fake,likely_fake,0.6719889082317546
likely_fake,likely_fake,0.9363122499055601
likely_fake,likely_fake,0.9657019353639718
likely_real,likely_real,0.968974569389119
likely_real,likely_real,0.9884573310148205
likely_real,likely_real,0.8104785874488223
likely_real,likely_real,0.9491584245862936
likely_real,likely_real,0.9800847806936022
likely_real,likely_real,0.973633543516813
likely_real,likely_real,0.9788935149573421
likely_real,likely_real,0.9789224648788155
likely_real,likely_real,0.9357396428882303
likely_real,likely_real,0.9768524876862067
likely_real,likely_real,0.9852338907968019
likely_real,likely_real,0.9763538249123953
likely_real,likely_real,0.9491224339624631
likely_real,likely_real,0.9540861793519936
likely_real,likely_real,0.962597888387361
likely_real,likely_real,0.9940146322205575
likely_real,likely_real,0.9563205694713104
likely_real,likely_real,0.9651889613106736
likely_real,likely_real,0.9626973667340332
likely_real,likely_real,0.9769901793462504
likely_real,likely_real,0.9627933631754142
likely_real,likely_real,0.9926779373802397
likely_real,likely_real,0.9014532485402165
likely_real,likely_real,0.9429256319939638
likely_real,likely_real,0.9533192173429129
likely_real,likely_real,0.9866672648897756
likely_real,likely_real,0.954743532094596
likely_real,likely_real,0.9580594369570069
likely_real,likely_real,0.9570464147323762
likely_real,likely_real,0.9594232750070893
likely_real,likely_real,0.6860727100874906
likely_real,likely_real,0.9648530664209165
likely_real,likely_real,0.9390523236315949
likely_real,likely_real,0.9509598100543637
likely_real,likely_real,0.9857151535479174
likely_real,likely_real,0.6064876155792795
likely_real,likely_real,0.9845630425899093
likely_real,likely_real,0.9871703726623805
likely_real,likely_real,0.9296160410597339
likely_real,likely_real,0.981509338260854
likely_real,likely_real,0.8128648280957194
likely_real,likely_real,0.9221639790843014
likely_real,likely_real,0.9488735628250455
likely_real,likely_real,0.9163521206260791
likely_real,likely_real,0.9709715133653847
likely_real,likely_real,0.892786145818655
likely_real,likely_real,0.9785592163162847
likely_real,likely_real,0.9892276633852748
likely_real,likely_real,0.9859741235702203
likely_real,likely_real,0.9687147326050237
likely_real,likely_real,0.9422649063200859
likely_real,likely_real,0.9654949916648123
likely_real,likely_real,0.849800117292198
likely_real,likely_real,0.8857522529239317
likely_real,likely_real,0.8286896840270935
likely_real,likely_real,0.9493697648819005
likely_real,likely_real,0.8278506577918655
likely_real,likely_real,0.9901742327644876
likely_real,likely_real,0.9248707735857796
likely_real,likely_real,0.9419829627889649
likely_real,likely_real,0.8706057427563835
likely_real,likely_real,0.9633283035560756
likely_real,likely_real,0.5833104437448041
likely_real,likely_real,0.9803416984918223
likely_real,likely_real,0.935586930050338
likely_real,likely_real,0.9502372707619512
likely_real,likely_real,0.9729525431067398
likely_real,likely_real,0.914730537223263
likely_real,likely_real,0.9651393049120028
likely_real,likely_real,0.9483416710553144
likely_real,likely_real,0.9626973667340332
likely_real,likely_real,0.9629665845255001
likely_real,likely_real,0.9850432130566701
likely_real,likely_real,0.9329556417438931
likely_real,likely_real,0.9720505362856527
likely_real,likely_real,0.9222348462566201
likely_real,likely_real,0.9490913257399051
likely_real,likely_real,0.8867255228328769
likely_real,likely_real,0.9419005627705986
likely_real,likely_real,0.5937382853621902
likely_real,likely_real,0.8289009284213933
likely_real,likely_real,0.9906136696449244
likely_real,likely_real,0.9861362975282542
likely_real,likely_real,0.9709130074133284
likely_real,likely_real,0.9903140323391031
likely_real,likely_real,0.9738036961798878
likely_real,likely_real,0.9928021772574233
likely_real,likely_real,0.9934913156245361
likely_real,likely_real,0.9787206867865029
likely_real,likely_real,0.9785916204564701
likely_real,likely_real,0.9758668347364347
likely_real,likely_real,0.9651475472012917
likely_real,likely_real,0.9792646947230255
likely_fake,likely_fake,0.9845930561730094
likely_fake,likely_fake,0.9822600035495276
likely_fake,likely_fake,0.8327160158156398
likely_fake,likely_fake,0.9911736986226286
likely_fake,likely_fake,0.9751085635428909
likely_fake,likely_fake,0.9599903655855752
likely_fake,likely_fake,0.9906115754261064
likely_fake,likely_fake,0.9736789398592867
likely_fake,likely_fake,0.969995585058383
likely_real,likely_real,0.9920761276304595
likely_real,likely_real,0.9933771906684171
likely_real,likely_real,0.9897956223581134
likely_real,likely_real,0.9051569918309117
likely_real,likely_real,0.9883087265108715
likely_real,likely_real,0.8962332616496842
likely_real,likely_real,0.9253526489785212
likely_real,likely_real,0.9806878539800463
likely_real,likely_real,0.9813739072174761
likely_real,likely_real,0.9167707967129187
likely_real,likely_real,0.6929491644457879
likely_real,likely_real,0.9295426282358868
likely_real,likely_real,0.9631879522516243
likely_real,likely_real,0.973299929625467
likely_real,likely_real,0.9815209962569956
likely_real,likely_real,0.9842922057968579
likely_real,likely_real,0.987532244483156
likely_real,likely_real,0.9580550326924426
likely_real,likely_real,0.9744869864269325
likely_real,likely_real,0.9698730786180072
likely_real,likely_real,0.7460363520126304
likely_real,likely_real,0.970929620263712
likely_real,likely_real,0.8410389770334783
likely_real,likely_real,0.9497779654448061
likely_real,likely_real,0.9270473544577267
likely_real,likely_real,0.9353234234398293
likely_real,likely_real,0.8454207579069444
likely_real,likely_real,0.9900885473767617
likely_real,likely_real,0.9776723089347404
likely_real,likely_real,0.9254872427769281
likely_real,likely_real,0.9440696369240821
likely_real,likely_real,0.9900428018384878
likely_real,likely_real,0.9700292822584146
likely_real,likely_real,0.9831300633176854
likely_real,likely_real,0.9331660777630036
likely_real,likely_real,0.9424974408896412
likely_real,likely_real,0.9951168296722567
likely_real,likely_real,0.8831880806055002
likely_real,likely_real,0.9534394365961181
likely_real,likely_real,0.9904006848045375
likely_real,likely_real,0.9614188363477097
likely_real,likely_real,0.97421590712901
likely_real,likely_real,0.9076174554207608
likely_real,likely_real,0.9167707967129187
likely_real,likely_real,0.9931700164189112
likely_real,likely_real,0.9210463362089878
likely_real,likely_real,0.9716077507564087
likely_real,likely_real,0.9819280631520397
likely_real,likely_real,0.9927916265734232
likely_real,likely_real,0.9828208959871007
likely_real,likely_real,0.9800352653673678
likely_real,likely_real,0.9595058881718338
likely_real,likely_real,0.9772497784822473
likely_real,likely_real,0.8734562832229402
likely_real,likely_real,0.8610849340119799
likely_real,likely_real,0.9700770064924651
likely_real,likely_real,0.9426095157534169
likely_real,likely_real,0.9514115562345277
likely_real,likely_real,0.9558489506889716
likely_real,likely_real,0.9335858801906112
likely_real,likely_real,0.7677177935652324
likely_real,likely_real,0.9803827942883598
likely_real,likely_real,0.9452494141367148
likely_real,likely_real,0.9812928683918578
likely_real,likely_real,0.8656652520503553
likely_real,likely_real,0.9548449520628979
likely_real,likely_real,0.9636564503774627
likely_real,likely_real,0.9793635671744231
likely_real,likely_real,0.9757807622588444
likely_real,likely_real,0.9314600914738902
likely_real,likely_real,0.9695155124306843
likely_real,likely_real,0.9468972548874992
likely_real,likely_real,0.976137125510419
likely_real,likely_real,0.8794195574622706
likely_real,likely_real,0.9979000292299348
likely_real,likely_real,0.9606864134879906
likely_real,likely_real,0.8903586124271844
likely_real,likely_real,0.9914263821675304
likely_real,likely_real,0.909959413187599
likely_real,likely_real,0.961278203819105
likely_real,likely_real,0.9624437063495146
likely_real,likely_real,0.9768152174658203
likely_real,likely_real,0.9876729348279237
likely_real,likely_real,0.969329498103282
likely_real,likely_real,0.8286157560829973
likely_real,likely_real,0.9865918168843454
likely_real,likely_real,0.9438486865419952
likely_real,likely_real,0.93632666336348
likely_real,likely_real,0.9430203703668861
likely_real,likely_real,0.935947778152859
likely_real,likely_real,0.9275333149299702
likely_real,likely_real,0.916786125968346
likely_real,likely_real,0.8441094456622857
likely_real,likely_real,0.9223846485095974
likely_real,likely_real,0.9641574944680558
likely_real,likely_real,0.8410691456632375
likely_real,likely_real,0.9425269400851518
likely_real,likely_real,0.942724282175071
likely_real,likely_real,0.9335238322067482
likely_real,likely_real,0.8081395428411577
likely_real,likely_real,0.977984177657454
likely_real,likely_real,0.968743002750656
likely_real,likely_real,0.9948125875229956
likely_real,likely_real,0.9871889975674085
likely_real,likely_real,0.9462862003794711
likely_real,likely_real,0.9915292195494114
likely_real,likely_real,0.9450607742027202
likely_real,likely_real,0.9756974912384315
likely_real,likely_real,0.9419778918229403
likely_real,likely_real,0.963435500144595
likely_real,likely_real,0.984483716534681
likely_real,likely_real,0.9611958150954981
likely_real,likely_real,0.9682221828183505
likely_real,likely_real,0.8092884434385215
likely_real,likely_real,0.9581277630080698
likely_real,likely_real,0.9693948898766782
likely_real,likely_real,0.9433428630790468
likely_real,likely_real,0.9821425311091252
likely_real,likely_real,0.9264840662225547
likely_real,likely_real,0.9194393404263379
likely_real,likely_real,0.9850145626945087
likely_real,likely_real,0.9753987309182365
likely_real,likely_real,0.9651933468914097
likely_real,likely_real,0.9852812620005609
likely_real,likely_real,0.955457382122533
likely_fake,likely_fake,0.9314560254573869
likely_fake,likely_real,0.8447802873243243
likely_fake,likely_real,0.78869437882097
likely_fake,likely_fake,0.9948362723112251
likely_fake,likely_fake,0.9180373796584658
likely_fake,likely_fake,0.8815730509040828
likely_fake,likely_fake,0.9619576400781691
likely_fake,likely_fake,0.9225601684564878
likely_fake,likely_fake,0.9952348606956871
likely_fake,likely_fake,0.9912876141760327
likely_fake,likely_fake,0.923171626037497
likely_fake,likely_fake,0.9888475083907373
likely_real,likely_real,0.9312680324436478
likely_real,likely_real,0.9730824838530525
likely_real,likely_real,0.9791445027577207
likely_real,likely_real,0.93312465288521
likely_real,likely_real,0.9479321457417289
likely_real,likely_real,0.9804290968413051
likely_real,likely_real,0.9791175522127965
likely_real,likely_real,0.9495943008634701
likely_real,likely_real,0.9903738517123598
likely_real,likely_real,0.9439381405628885
likely_real,likely_real,0.9413153736302579
likely_real,likely_real,0.9663531847152338
likely_real,likely_real,0.9541686659025734
likely_real,likely_real,0.9668086251399108
likely_real,likely_real,0.9690839629507251
likely_real,likely_real,0.9842262036657042
likely_real,likely_real,0.9853459191563528
likely_real,likely_real,0.6788103552670235
likely_real,likely_real,0.9893289236055792
likely_real,likely_real,0.7127402262357128
likely_real,likely_real,0.940956246349526
likely_real,likely_real,0.9444148386158727
likely_real,likely_real,0.9481930047399194
likely_real,likely_real,0.9016429888371652
likely_real,likely_real,0.8425841410220923
likely_real,likely_real,0.9569925816581042
likely_real,likely_real,0.9985196479197187
likely_real,likely_real,0.9416576854692865
likely_real,likely_real,0.9228921530086727
likely_real,likely_real,0.8712990473985537
likely_real,likely_real,0.9915588888213326
likely_real,likely_real,0.906271074271775
likely_real,likely_real,0.9831631210323339
likely_real,likely_real,0.9097124846512082
likely_real,likely_real,0.9229647051741672
likely_real,likely_real,0.9529586611763481
likely_real,likely_real,0.9569711225960014
likely_real,likely_real,0.9866312015167845
likely_real,likely_real,0.8415934498064207
likely_real,likely_real,0.8774174801000586
likely_real,likely_real,0.9469386685266208
likely_real,likely_real,0.9868587176861233
likely_real,likely_real,0.9218398763291185
likely_real,likely_real,0.9684351140973119
likely_real,likely_real,0.9001409169358916
likely_real,likely_real,0.9525433324850164
likely_real,likely_real,0.9636180077605705
likely_real,likely_real,0.983532830102202
likely_real,likely_real,0.8774709809534514
likely_real,likely_real,0.9799505223656061
likely_real,likely_real,0.923692878295905
likely_real,likely_real,0.9530435298820874
likely_real,likely_real,0.9704556861243167
likely_real,likely_real,0.8728784764843047
likely_real,likely_real,0.8604342979227637
likely_real,likely_real,0.9902374658226621
likely_real,likely_real,0.8658586697689998
likely_real,likely_real,0.9728772649818201
likely_real,likely_real,0.9547398020455471
likely_real,likely_real,0.9732789616505749
likely_real,likely_real,0.9792988818563374
likely_real,likely_real,0.9592450284644118
likely_real,likely_real,0.970618971693195
likely_real,likely_real,0.8957486115900597
likely_real,likely_real,0.9291335226113461
likely_real,likely_real,0.920325284536111
likely_real,likely_real,0.8072434377866317
likely_real,likely_real,0.97528783135032
likely_real,likely_real,0.9817082459004892
likely_real,likely_real,0.9263040420165672
likely_real,likely_real,0.8619305990262947
likely_real,likely_real,0.9682527393185314
likely_real,likely_real,0.9842762392490432
likely_real,likely_real,0.6025284948777205
likely_real,likely_real,0.968628595773216
likely_real,likely_real,0.9265319224624154
likely_real,likely_real,0.9164165564343739
likely_real,likely_real,0.9397753658355683
likely_real,likely_real,0.9654931901374463
likely_real,likely_real,0.5507934608404615
likely_real,likely_real,0.8181944235697023
likely_real,likely_real,0.9523715758130259
likely_real,likely_real,0.8337768679475513
likely_real,likely_real,0.9911207521673246
likely_real,likely_real,0.9810699463942617
likely_real,likely_real,0.8211689703860643
likely_real,likely_real,0.975589111157889
likely_real,likely_real,0.7760285536946261
likely_real,likely_real,0.9500021251772787
likely_real,likely_real,0.9799446635560837
likely_real,likely_real,0.9639265387140398
likely_real,likely_real,0.9368213925894973
likely_real,likely_real,0.990334262569879
likely_real,likely_real,0.8426699735628693
likely_real,likely_real,0.9461100936525599
likely_real,likely_real,0.7127402262357128
likely_real,likely_real,0.9397296594500834
likely_real,likely_real,0.9123746296577868
likely_real,likely_real,0.7651671808215373
likely_real,likely_real,0.8015710568549366
likely_real,likely_real,0.9692802317678546
likely_real,likely_real,0.9799328018455715
likely_real,likely_real,0.9719369586204882
likely_real,likely_real,0.958156090927005
likely_real,likely_real,0.9843266436914798
likely_real,likely_real,0.9855244550220154
likely_real,likely_real,0.9500294921296238
likely_real,likely_real,0.9741942841653444
likely_real,likely_real,0.8568202588765288
likely_real,likely_real,0.8812252990464673
likely_real,likely_real,0.7776563861946498
likely_real,likely_real,0.9597486857138051
likely_real,likely_real,0.9531698926099833
likely_real,likely_real,0.9726115514144736
likely_real,likely_real,0.9613815564020155
likely_real,likely_real,0.6721658170738198
likely_real,likely_real,0.9448284392663588
likely_real,likely_real,0.9761016095077745
likely_real,likely_real,0.9553546217384156
likely_real,likely_real,0.9798888703284584
likely_real,likely_real,0.9630126847434219
likely_real,likely_real,0.8271804225075363
likely_real,likely_real,0.9895662590060103
likely_real,likely_real,0.973326333985377
likely_real,likely_real,0.9538443034503794
likely_real,likely_real,0.9825566149128173
likely_real,likely_real,0.988529511183479
likely_real,likely_real,0.940623204990093
likely_real,likely_real,0.8704141324927327
likely_real,likely_real,0.9767325818043319
likely_real,likely_real,0.938144374757647
likely_real,likely_real,0.9873441234197303
likely_fake,likely_fake,0.9761542798749666
likely_fake,likely_fake,0.861914662075598
likely_fake,likely_fake,0.9722717930191389
likely_fake,likely_fake,0.9920838386795306
likely_fake,likely_fake,0.9825202775137828
likely_fake,likely_fake,0.9846125960982001
likely_real,likely_real,0.9842210311016016
likely_real,likely_real,0.8155312900921384
likely_real,likely_real,0.9170677980262789
likely_real,likely_real,0.9713554262049534
likely_real,likely_real,0.9859367595782483
likely_real,likely_real,0.9730506836753855
likely_real,likely_real,0.8580729968221887
likely_real,likely_real,0.9974029009973037
likely_real,likely_real,0.9495156019327877
likely_real,likely_real,0.9582698775667513
likely_real,likely_real,0.9901947985918685
likely_real,likely_real,0.9480456108253374
likely_real,likely_real,0.9707468612116386
likely_real,likely_real,0.9117689413539581
likely_real,likely_real,0.9744246746850188
likely_real,likely_real,0.9392374388164142
likely_real,likely_real,0.848804664236363
likely_real,likely_real,0.9763747132581003
likely_real,likely_real,0.95272586754734
likely_real,likely_real,0.92270182019485
likely_real,likely_real,0.976140369468249
likely_real,likely_real,0.9847960732740157
likely_real,likely_real,0.7868552563777835
likely_real,likely_real,0.9786305105889751
likely_real,likely_real,0.9115124872581346
likely_real,likely_real,0.9967240278174408
likely_real,likely_real,0.9899030024323128
likely_real,likely_real,0.9807958222615553
likely_real,likely_real,0.9953448640232203
likely_real,likely_real,0.9778404769754957
likely_real,likely_real,0.9541018378301054
likely_real,likely_real,0.960221359023433
likely_real,likely_real,0.9757575485866549
likely_real,likely_real,0.9567548305077982
likely_real,likely_real,0.9842850792382386
likely_real,likely_real,0.9254808054526883
likely_real,likely_real,0.8748183262189692
likely_real,likely_real,0.9012559484648912
likely_real,likely_real,0.6366391358108854
likely_real,likely_real,0.8812589033000005
likely_real,likely_real,0.7661404533656614
likely_real,likely_real,0.9617308954082213
likely_real,likely_real,0.8938728211935053
likely_real,likely_real,0.9836145312942132
likely_real,likely_real,0.955516735201597
likely_real,likely_real,0.968351477867753
likely_real,likely_real,0.9551235800405979
likely_real,likely_real,0.9688149930724372
likely_real,likely_real,0.7292985394495759
likely_real,likely_real,0.9872879469427298
likely_real,likely_real,0.9746542299722263
likely_real,likely_real,0.9599763955231297
likely_real,likely_real,0.9688165731964343
likely_real,likely_real,0.8416974510846995
likely_real,likely_real,0.9698948453654459
likely_real,likely_real,0.9310465223087182
likely_real,likely_real,0.9495760720707563
likely_real,likely_real,0.9574085389246589
likely_real,likely_real,0.9867533012258579
likely_real,likely_real,0.8028965009351228
likely_real,likely_real,0.6745372274050664
likely_real,likely_real,0.8899945780765932
likely_real,likely_real,0.8873283939855415
likely_real,likely_real,0.929033114012864
likely_real,likely_real,0.9810091351514256
likely_real,likely_real,0.9638691200159768
likely_real,likely_real,0.9811259134314182
likely_real,likely_real,0.9844776939530231
likely_real,likely_real,0.9798354721156303
likely_real,likely_real,0.948833061176821
likely_real,likely_real,0.8674290742771307
likely_real,likely_real,0.9778906712147312
likely_real,likely_real,0.9327961868975746
likely_real,likely_real,0.990851778546711
likely_real,likely_real,0.9764281667207508
likely_real,likely_real,0.925901321335707
likely_real,likely_real,0.8876121224332619
likely_real,likely_fake,0.5588227270655163
likely_real,likely_real,0.9367165815907955
likely_real,likely_real,0.9480642045168982
likely_real,likely_real,0.8041570534801098
likely_real,likely_real,0.871712337230875
likely_real,likely_real,0.9767671241742315
likely_real,likely_real,0.8283299589194594
likely_real,likely_real,0.8278564263993359
likely_real,likely_real,0.9537272069571282
likely_real,likely_real,0.9117229501561198
likely_real,likely_real,0.9216959091412499
likely_real,likely_real,0.98961862415815
likely_real,likely_real,0.9800904762015912
likely_real,likely_real,0.9680908031331332
likely_real,likely_real,0.962758052941691
likely_real,likely_real,0.9586346587764045
likely_real,likely_real,0.9534502759914584
likely_real,likely_real,0.9527580183714061
likely_real,likely_real,0.9760614982689009
likely_real,likely_real,0.7673668661839095
likely_real,likely_real,0.896714401334079
likely_real,likely_real,0.952612407883283
likely_real,likely_real,0.981666598739119
likely_real,likely_real,0.9620601740218384
likely_real,likely_real,0.8115484722440779
likely_real,likely_real,0.9751337527228036
likely_real,likely_real,0.9357881923405152
likely_real,likely_real,0.9533967000716325
likely_real,likely_real,0.9891084278121294
likely_real,likely_real,0.9757910352803527
likely_real,likely_real,0.776586305044138
likely_real,likely_real,0.9955681699162974
likely_real,likely_real,0.9596450652772754
likely_real,likely_real,0.9475911680726895
likely_real,likely_real,0.892216659694452
likely_real,likely_real,0.9891057672611441
likely_real,likely_real,0.9752920295201556
likely_fake,likely_fake,0.9742179466209545
likely_fake,likely_fake,0.9965779282331859
likely_fake,likely_fake,0.9236694470324616
likely_fake,likely_real,0.5180660553819793
likely_fake,likely_fake,0.9636735364100323
likely_fake,likely_fake,0.7634902707894555
likely_fake,likely_fake,0.9957123696907721
likely_fake,likely_fake,0.9872212717307047
likely_fake,likely_fake,0.9618638790267326
likely_fake,likely_fake,0.956894280788088
likely_fake,likely_fake,0.8143015142178988
likely_fake,likely_fake,0.9908804527227293
likely_fake,likely_fake,0.8596436528455051
likely_real,likely_real,0.8695446860498888
likely_real,likely_real,0.9382256413053783
likely_real,likely_real,0.9706128804848622
likely_real,likely_real,0.9654369506713282
likely_real,likely_real,0.9542839348943936
likely_real,likely_real,0.973787760637073
likely_real,likely_real,0.9840480168132376
likely_real,likely_real,0.9260375397339528
likely_real,likely_real,0.9505702976836675
likely_real,likely_real,0.7668132137773254
likely_real,likely_real,0.7334366955672349
likely_real,likely_real,0.9861175110076897
likely_real,likely_real,0.9794567313135918
likely_real,likely_real,0.9261063207278504
likely_real,likely_real,0.8936055302173497
likely_real,likely_real,0.9341077677199373
likely_real,likely_real,0.9706140450184046
likely_real,likely_real,0.9549367163815663
likely_real,likely_real,0.9292686260298467
likely_real,likely_real,0.9513243483627635
likely_real,likely_real,0.9777347031533044
likely_real,likely_real,0.8925778429133028
likely_real,likely_real,0.910708783758105
likely_real,likely_real,0.9660318344363295
likely_real,likely_real,0.9380067856749503
likely_real,likely_real,0.9255178775014814
likely_real,likely_real,0.9371709740019515
likely_real,likely_real,0.8592233153163534
likely_real,likely_real,0.8788894313133371
likely_real,likely_real,0.965731211415867
likely_real,likely_real,0.953446578963745
likely_real,likely_real,0.8959380540437484
likely_real,likely_real,0.936624851531935
likely_real,likely_real,0.9573223757140175
likely_real,likely_real,0.961226169224903
likely_real,likely_real,0.8703903320579056
likely_real,likely_real,0.8644316165143703
likely_real,likely_real,0.7955100262385397
likely_real,likely_real,0.9504608169693788
likely_real,likely_real,0.9538849203117272
likely_real,likely_real,0.749843140978458
likely_real,likely_real,0.8531016111731419
likely_real,likely_real,0.9151581231089659
likely_real,likely_real,0.8903402366195965
likely_real,likely_real,0.926166061595896
likely_real,likely_real,0.9503257541661151
likely_fake,likely_fake,0.8832039229622852
likely_fake,likely_fake,0.9855742943642983
likely_fake,likely_fake,0.9189120937931389
likely_fake,likely_fake,0.651993852319225
likely_fake,likely_fake,0.8757395986647832
likely_fake,likely_fake,0.9590787928430349
likely_fake,likely_fake,0.8922799110751034
likely_fake,likely_fake,0.786500460395164
likely_fake,likely_fake,0.7255227396334756
likely_fake,likely_fake,0.9973818656541591
likely_fake,likely_fake,0.9496852082324116
likely_real,likely_real,0.9843089396566232
likely_real,likely_real,0.979825655789593
likely_real,likely_real,0.9550280292629194
likely_real,likely_real,0.9255163895839945
likely_real,likely_real,0.9439470936163266
likely_real,likely_real,0.9658974640942912
likely_real,likely_real,0.9607280455624196
likely_real,likely_real,0.9594081160968502
likely_real,likely_real,0.9454792427568334
likely_real,likely_real,0.8689067192252202
likely_real,likely_real,0.9609207403252581
likely_real,likely_real,0.9064331781648864
likely_real,likely_real,0.9899103465448411
likely_real,likely_real,0.9699031939677103
likely_real,likely_real,0.8816694988642195
likely_real,likely_real,0.9864818940065657
likely_real,likely_real,0.8327921688293637
likely_real,likely_real,0.9146854640378584
likely_real,likely_real,0.8885020395061951
likely_real,likely_real,0.9769161829679036
likely_real,likely_real,0.8614247113497878
likely_real,likely_real,0.863900865725279
likely_real,likely_real,0.8912632102480563
likely_real,likely_real,0.9622329465175011
likely_real,likely_real,0.9666890606920728
likely_real,likely_real,0.968073919941157
likely_real,likely_real,0.9627434004452732
likely_real,likely_real,0.9696592549064611
likely_real,likely_real,0.8556551379049037
likely_real,likely_real,0.9677697809972076
likely_real,likely_real,0.9006364557811695
likely_real,likely_real,0.9869733970373277
likely_real,likely_real,0.8697512144786986
likely_real,likely_real,0.9102141215663431
likely_real,likely_real,0.8914215950746968
likely_real,likely_real,0.6777944112607167
likely_real,likely_real,0.9086203857801584
likely_real,likely_real,0.9645486635074944
likely_real,likely_real,0.9742454536814215
likely_real,likely_real,0.8725671541845971
likely_real,likely_real,0.96880674954628
likely_real,likely_real,0.9508920432042323
likely_real,likely_real,0.9735571305083781
likely_real,likely_real,0.7292386927468029
likely_real,likely_real,0.8355412482657649
likely_real,likely_real,0.6024339237882878
likely_real,likely_real,0.9505488426894013
likely_real,likely_real,0.8969049885631222
likely_real,likely_real,0.9704534005080828
likely_real,likely_real,0.9699782032039417
likely_real,likely_real,0.9641626941158865
likely_real,likely_real,0.8530612936587323
likely_real,likely_real,0.9118313499110421
likely_real,likely_real,0.9829489055590492
likely_fake,likely_fake,0.7832170155828121
likely_fake,likely_fake,0.8054650405824729
likely_fake,likely_fake,0.5278607969033775
likely_fake,likely_fake,0.9608100516868054
likely_fake,likely_fake,0.6215203734744126
likely_fake,likely_fake,0.9916005286418067
likely_fake,likely_fake,0.881528010250884
likely_fake,likely_fake,0.8618083542065336
likely_fake,likely_fake,0.7044219597929597
likely_fake,likely_fake,0.9980742901745621
likely_real,likely_real,0.9906656244257057
likely_real,likely_real,0.9874366875236807
likely_real,likely_real,0.6324871755739827
likely_real,likely_real,0.8941418179562145
likely_real,likely_real,0.9581723532893834
likely_real,likely_real,0.9836622182662554
likely_real,likely_real,0.9582892892464667
likely_real,likely_real,0.8240178491468537
likely_real,likely_real,0.9436821461057231
likely_real,likely_real,0.9714819139095024
likely_real,likely_real,0.918147562723573
likely_real,likely_real,0.9561339262995154
likely_real,likely_real,0.9833770071269814
likely_real,likely_real,0.9663021435155904
likely_real,likely_real,0.7501303063041411
likely_real,likely_real,0.9872468428638974
likely_real,likely_real,0.9799310872907455
likely_real,likely_real,0.986859472554571
likely_real,likely_real,0.9912882261303884
likely_real,likely_real,0.97374456502024
likely_real,likely_real,0.9646666157191767
likely_real,likely_real,0.9169214369487638
likely_real,likely_real,0.9880269067047495
likely_real,likely_real,0.992247751423615
likely_real,likely_real,0.9453950903978561
likely_real,likely_real,0.9774577828258975
likely_real,likely_real,0.9660399360063583
likely_real,likely_real,0.9132685811890744
likely_real,likely_real,0.98464128894628
likely_real,likely_real,0.9684758704946118
likely_real,likely_real,0.9758276759139219
likely_real,likely_real,0.9790002945849762
likely_real,likely_real,0.9423901371273189
likely_real,likely_real,0.9890635543474694
likely_real,likely_real,0.9714819139095024
likely_real,likely_real,0.9865023000239839
likely_real,likely_real,0.9899940496379217
likely_real,likely_real,0.9666993832926658
likely_real,likely_real,0.9100807173575339
likely_real,likely_real,0.9334045057647836
likely_real,likely_real,0.9547219263960655
likely_real,likely_real,0.9610334668104302
likely_real,likely_real,0.9701277487905855
likely_real,likely_real,0.9647246998047168
likely_real,likely_real,0.9817129035426801
likely_real,likely_real,0.9784280022885998
likely_real,likely_real,0.9445920357255926
likely_real,likely_real,0.9789014859806502
likely_real,likely_real,0.8835718343894405
likely_real,likely_real,0.8804928935153897
likely_real,likely_real,0.9570627242281148
likely_real,likely_real,0.9562296167602609
likely_real,likely_real,0.949305105450401
likely_real,likely_real,0.9946242775791714
likely_real,likely_real,0.9879642631421137
likely_real,likely_real,0.9599756334366849
likely_real,likely_real,0.9730913169244222
likely_real,likely_real,0.8511005418360278
likely_real,likely_real,0.9720498693153372
likely_real,likely_real,0.9879863994178926
likely_real,likely_real,0.9024449358493264
likely_real,likely_real,0.9250005620219971
likely_real,likely_real,0.9805206964923604
likely_real,likely_real,0.98920079766962
likely_real,likely_real,0.9387678928020151
likely_real,likely_real,0.9299554053668722
likely_real,likely_real,0.9755206102824768
likely_real,likely_real,0.9600224268173111
likely_real,likely_real,0.9788252420524362
likely_real,likely_real,0.9450309102434464
likely_real,likely_real,0.9308334260191341
likely_real,likely_real,0.9860984066183457
likely_real,likely_fake,0.5074511545847571
likely_real,likely_real,0.9249660782369982
likely_real,likely_real,0.9884963861311646
likely_real,likely_real,0.8538841964841712
likely_real,likely_real,0.7793251259022083
likely_real,likely_real,0.9572968346662064
likely_real,likely_real,0.9037611870023816
likely_real,likely_real,0.8816571485368503
likely_real,likely_real,0.7619971081992836
likely_real,likely_real,0.8921141240615705
likely_real,likely_fake,0.5474693483577655
likely_real,likely_real,0.9622451550767946
likely_real,likely_real,0.9920577638342409
likely_real,likely_real,0.9096774583736005
likely_real,likely_real,0.9529428206156583
likely_real,likely_real,0.9551346312890151
likely_real,likely_real,0.8407480705999578
likely_real,likely_real,0.9846586852725223
likely_real,likely_real,0.9619738926367694
likely_real,likely_real,0.9721102441364583
likely_real,likely_real,0.9530916188653127
likely_real,likely_real,0.972871057691334
likely_real,likely_real,0.9372526870189968
likely_real,likely_real,0.9529675558446629
likely_real,likely_real,0.914959988182161
likely_real,likely_real,0.9717415055006502
likely_real,likely_real,0.9456451531450605
likely_real,likely_real,0.9696249407456987
likely_real,likely_real,0.9926470076109257
likely_real,likely_real,0.9687594443739264
likely_real,likely_real,0.9828672022992662
likely_real,likely_real,0.9799310872907455
likely_real,likely_real,0.9020392312474973
likely_real,likely_real,0.9467214208735059
likely_real,likely_real,0.9568515837504202
likely_real,likely_real,0.949482935565634
likely_fake,likely_fake,0.9883282696203262
likely_fake,likely_fake,0.940640011376543
likely_fake,likely_fake,0.9035425144430426
likely_fake,likely_fake,0.9505406400416271
likely_fake,likely_fake,0.9050731775255749
likely_fake,likely_fake,0.6491943545610923
likely_fake,likely_fake,0.9698943595179245
likely_fake,likely_fake,0.9667752587424336
likely_fake,likely_fake,0.9836714515980063
likely_real,likely_real,0.9800085116669016
likely_real,likely_real,0.9420466680049805
likely_real,likely_real,0.9068986845224082
likely_real,likely_real,0.9632551984458214
likely_real,likely_real,0.9843190813191861
likely_real,likely_real,0.9812011668714965
likely_real,likely_real,0.9954870944082576
likely_real,likely_real,0.9552755623864934
likely_real,likely_real,0.9776847548503681
likely_real,likely_real,0.556160947464194
likely_real,likely_real,0.9835201969606558
likely_real,likely_real,0.9234683162109281
likely_real,likely_real,0.9550325400994991
likely_real,likely_real,0.9748897878093802
likely_real,likely_real,0.9829017889532353
likely_real,likely_real,0.9851333904091113
likely_real,likely_real,0.8432744902929709
likely_real,likely_real,0.9939235559574443
likely_real,likely_real,0.8652933473964923
likely_real,likely_real,0.9700202925362646
likely_real,likely_real,0.9647190912309049
likely_real,likely_real,0.9471819147795797
likely_real,likely_real,0.9390156521441086
likely_real,likely_real,0.8523962666307713
likely_real,likely_real,0.8954677772562266
likely_real,likely_real,0.9962736074095879
likely_real,likely_real,0.9827002724082855
likely_real,likely_real,0.8792092574003216
likely_real,likely_real,0.9435650745377326
likely_real,likely_real,0.9934820494104777
likely_real,likely_real,0.7119924794492501
likely_real,likely_real,0.979486058045157
likely_real,likely_real,0.944552669875876
likely_real,likely_real,0.9919734668599041
likely_real,likely_real,0.9002501451947459
likely_real,likely_real,0.9625632361510736
likely_real,likely_real,0.9774846478759974
likely_real,likely_real,0.9761083126887692
likely_real,likely_real,0.7756206442190343
likely_real,likely_real,0.5829601761671794
likely_real,likely_real,0.9394001377073069
likely_real,likely_real,0.9521992445823111
likely_real,likely_real,0.82540567263608
likely_real,likely_real,0.9205079639481584
likely_real,likely_real,0.9817086748711807
likely_real,likely_real,0.9929374398243702
likely_real,likely_real,0.8174438686970255
likely_real,likely_real,0.9327083250052776
likely_real,likely_real,0.9515232055517379
likely_real,likely_real,0.9655667690900692
likely_real,likely_real,0.9819870192776493
likely_real,likely_real,0.8430660936684884
likely_real,likely_real,0.9499678995019163
likely_real,likely_real,0.9712910465206634
likely_real,likely_real,0.7569053977100464
likely_real,likely_real,0.98163383172122
likely_real,likely_real,0.9952888822413691
likely_real,likely_real,0.9589159949864254
likely_real,likely_real,0.9720233522991282
likely_real,likely_real,0.9532486181057711
likely_real,likely_real,0.9755881392983938
likely_real,likely_real,0.9704620710548687
likely_real,likely_real,0.9662342287886524
likely_real,likely_real,0.9376923000992231
likely_real,likely_real,0.9590255677198865
likely_real,likely_real,0.9786208893549878
likely_real,likely_real,0.9392531635561414
likely_real,likely_real,0.989056259808274
likely_real,likely_real,0.9812881092182831
likely_real,likely_real,0.9557678466329886
likely_real,likely_real,0.8309494942485698
likely_real,likely_real,0.7586599942297753
likely_real,likely_real,0.9593784701205608
likely_real,likely_real,0.9314588395958451
likely_real,likely_real,0.9816182336408598
likely_real,likely_real,0.9895641080816914
likely_real,likely_real,0.9512301970839051
likely_real,likely_real,0.9279863646320377
likely_real,likely_real,0.8630801163259422
likely_real,likely_real,0.9848126069105768
likely_real,likely_real,0.9665145109804624
likely_real,likely_real,0.9829189007932978
likely_real,likely_real,0.98556564411871
likely_real,likely_real,0.9568008255283247
likely_real,likely_real,0.992290478891506
likely_real,likely_real,0.9113634567789103
likely_real,likely_real,0.961076966095609
likely_real,likely_real,0.9293145284490345
likely_real,likely_real,0.96356052058017
likely_real,likely_real,0.8995676689933048
likely_real,likely_real,0.9468382774422859
likely_real,likely_real,0.9255949291356043
likely_real,likely_real,0.9539260398060359
likely_real,likely_real,0.9680765136182964
likely_real,likely_real,0.9788726017828864
likely_real,likely_real,0.924248737035864
likely_real,likely_real,0.9723378694581479
likely_real,likely_real,0.978260297962535
likely_real,likely_real,0.9383557107386988
likely_real,likely_real,0.9504170186151831
likely_real,likely_real,0.9814437416429135
likely_real,likely_real,0.96292657215004
likely_real,likely_real,0.9585142836421048
likely_real,likely_real,0.9771677054144727
likely_real,likely_real,0.9847137449602272
likely_real,likely_real,0.9580569224821364
likely_real,likely_real,0.8621834816948213
likely_real,likely_real,0.9785257331059538
likely_real,likely_real,0.9411780738038672
likely_real,likely_real,0.8664915092306126
likely_real,likely_real,0.918761237359757
likely_real,likely_real,0.9610766122775825
likely_real,likely_real,0.9810712478135034
likely_real,likely_real,0.8453639800402236
likely_real,likely_real,0.9536943870462966
likely_real,likely_real,0.9621852653256707
likely_real,likely_real,0.9549827265065102
likely_real,likely_real,0.9177536711342278
likely_real,likely_real,0.976349669514009
likely_real,likely_real,0.9196469964064767
likely_real,likely_real,0.9785612286444373
likely_real,likely_real,0.9419252552250627
likely_fake,likely_fake,0.9957368012556598
likely_fake,likely_fake,0.9882346085011647
likely_fake,likely_fake,0.994361845800746
likely_fake,likely_fake,0.9287490039823869
likely_fake,likely_fake,0.939569816533
likely_fake,likely_fake,0.9249978646406251
likely_fake,likely_fake,0.9489832583792326
likely_fake,likely_fake,0.9911062133157856
likely_fake,likely_fake,0.8533114436315862
likely_fake,likely_fake,0.9849946871840168
likely_fake,likely_fake,0.8573069917899552
likely_fake,likely_fake,0.8219180375254022
likely_fake,likely_fake,0.8610360647833494
likely_real,likely_real,0.9508093890783453
likely_real,likely_real,0.9677789220228634
likely_real,likely_real,0.980723914578711
likely_real,likely_real,0.9548052331482721
likely_real,likely_real,0.9915734641134849
likely_real,likely_real,0.9885120041042947
likely_real,likely_real,0.8267721224885648
likely_real,likely_real,0.9513065781992645
likely_real,likely_real,0.9597541268526026
likely_real,likely_real,0.971319504952088
likely_real,likely_real,0.8145558471627404
likely_real,likely_real,0.9264351353316997
likely_real,likely_real,0.9805637551979888
likely_real,likely_real,0.869437420053546
likely_real,likely_real,0.9455461684458522
likely_real,likely_real,0.974332555091753
likely_real,likely_real,0.9516371559331958
likely_real,likely_real,0.9435234873595397
likely_real,likely_real,0.9571338036266339
likely_real,likely_real,0.9523534870333263
likely_real,likely_real,0.9718087354988449
likely_real,likely_real,0.9933201177841469
likely_real,likely_real,0.9470677666040959
likely_real,likely_real,0.9730937879190181
likely_real,likely_real,0.9941582179114185
likely_real,likely_real,0.9954717738396892
likely_real,likely_real,0.9472220090953524
likely_real,likely_real,0.982785984888805
likely_real,likely_real,0.9929585803518592
likely_real,likely_real,0.9837713189495647
likely_real,likely_real,0.9784529483929514
likely_real,likely_real,0.9259060335628091
likely_real,likely_real,0.9655790632558185
likely_real,likely_real,0.9805555451336972
likely_real,likely_real,0.9728583560477541
likely_real,likely_real,0.9170534545228733
likely_real,likely_real,0.9902405543345459
likely_real,likely_real,0.966442114855587
likely_real,likely_real,0.9818760959471577
likely_real,likely_real,0.954358889090228
likely_real,likely_real,0.9935634873789523
likely_real,likely_real,0.9369751507211467
likely_real,likely_real,0.9686779890976972
likely_real,likely_real,0.9606330643892541
likely_real,likely_real,0.9313977966966922
likely_real,likely_real,0.8599036743230037
likely_real,likely_real,0.8865689095708582
likely_real,likely_real,0.9303253041712601
likely_real,likely_real,0.9488695809067307
likely_real,likely_real,0.9500516003879845
likely_real,likely_real,0.9600045204512168
likely_real,likely_real,0.9788065963743138
likely_real,likely_real,0.8750917888801124
likely_real,likely_real,0.7538822856502431
likely_real,likely_real,0.7846444385837693
likely_real,likely_real,0.8090023348263228
likely_real,likely_real,0.9959362118488709
likely_real,likely_real,0.9694436534817304
likely_real,likely_real,0.988475627667965
likely_real,likely_real,0.9661508497121027
likely_real,likely_real,0.9899085067616445
likely_real,likely_real,0.9736349758375298
likely_real,likely_real,0.9909505901207286
likely_real,likely_real,0.9731618380701765
likely_real,likely_real,0.9703264382659296
likely_real,likely_real,0.9382354733591315
likely_real,likely_real,0.9850594810789064
likely_real,likely_real,0.9547203931554717
likely_real,likely_real,0.9630022757156301
likely_real,likely_real,0.926546899010425
likely_real,likely_real,0.9816022677939655
likely_real,likely_real,0.9654228231100123
likely_real,likely_real,0.9739887392104725
likely_real,likely_real,0.9623446646156237
likely_real,likely_real,0.8971267214531279
likely_real,likely_real,0.988652942484107
likely_real,likely_real,0.8818853130785141
likely_real,likely_real,0.9772803785654764
likely_real,likely_real,0.9966128213760941
likely_real,likely_real,0.9116182734609568
likely_real,likely_real,0.984448613100387
likely_real,likely_real,0.9363574957116702
likely_real,likely_real,0.985210457852448
likely_real,likely_real,0.8868058805640006
likely_real,likely_real,0.86864040535713
likely_real,likely_real,0.9729661574304976
likely_real,likely_real,0.9669413775177836
likely_real,likely_real,0.9224400309866208
likely_real,likely_fake,0.503535093388868
likely_real,likely_real,0.9469932632222129
likely_real,likely_real,0.9477204991725223
likely_real,likely_real,0.9350057936856341
likely_real,likely_real,0.9759740833383369
likely_real,likely_real,0.9262139974996717
likely_real,likely_real,0.7851688762844744
likely_real,likely_real,0.9710957007227498
likely_real,likely_real,0.9950175818981618
likely_real,likely_real,0.9876801738192403
likely_real,likely_real,0.7081768576203012
likely_real,likely_real,0.9818002317242106
likely_real,likely_real,0.9731178377513187
likely_real,likely_real,0.9438612546014336
likely_real,likely_real,0.9811281720700348
likely_real,likely_real,0.7851688762844744
likely_real,likely_real,0.9774907947609626
likely_real,likely_real,0.9313323775824588
likely_real,likely_real,0.9860153588890032
likely_real,likely_real,0.9938524537394029
likely_real,likely_real,0.9793658626448444
likely_real,likely_real,0.926999385704715
likely_real,likely_real,0.9966221001729001
likely_real,likely_real,0.9876220110940327
likely_real,likely_real,0.8737488270336985
likely_real,likely_real,0.9948420401626983
likely_real,likely_real,0.9835322156801918
likely_real,likely_real,0.9701846889732191
likely_real,likely_real,0.9768258644586142
likely_fake,likely_fake,0.9990535295602787
likely_fake,likely_fake,0.9948465447364453
likely_fake,likely_fake,0.9940743283753164
likely_fake,likely_fake,0.837093692842768
likely_fake,likely_fake,0.9519450921184742
likely_fake,likely_fake,0.9694029862524751
likely_fake,likely_fake,0.8910388350258107
likely_fake,likely_fake,0.971564790931134
likely_fake,likely_fake,0.9103955891314297
likely_fake,likely_fake,0.8736081131085794
likely_fake,likely_fake,0.9620811408726847
likely_fake,likely_fake,0.9813443216813974
likely_fake,likely_fake,0.8521918468954994
likely_fake,likely_fake,0.9047831601973445
likely_real,likely_real,0.7357530382291819
likely_real,likely_real,0.9657797224821036
likely_real,likely_real,0.964613458283682
likely_real,likely_real,0.9359089029044521
likely_real,likely_real,0.7454571835902466
likely_real,likely_real,0.9772088641176898
likely_real,likely_real,0.9755628408158878
likely_real,likely_real,0.9728738783081565
likely_real,likely_real,0.8963203140026436
likely_real,likely_real,0.9696027536338686
likely_real,likely_real,0.806053118023274
likely_real,likely_real,0.9440635070902059
likely_real,likely_real,0.9861601198591511
likely_real,likely_real,0.8825879254405953
likely_real,likely_real,0.9841825511552669
likely_real,likely_real,0.948828338512876
likely_real,likely_real,0.9502801759332974
likely_real,likely_real,0.9835978194288728
likely_real,likely_real,0.9649217063965768
likely_real,likely_real,0.8365635172912809
likely_real,likely_real,0.9197368423887893
likely_real,likely_real,0.9905391841410718
likely_real,likely_real,0.571805625274271
likely_real,likely_fake,0.5225703349289772
likely_real,likely_real,0.6969995631240108
likely_real,likely_real,0.9510803206131305
likely_real,likely_real,0.94890533041118
likely_real,likely_real,0.9938343704019688
likely_real,likely_real,0.9439298026534738
likely_real,likely_real,0.9506497754097663
likely_real,likely_real,0.9918961239948334
likely_real,likely_real,0.9363587824360164
likely_real,likely_real,0.9738171671126089
likely_real,likely_real,0.9726374219340418
likely_real,likely_real,0.9852029151304288
likely_real,likely_real,0.9599292439353545
likely_real,likely_real,0.9387870755745616
likely_real,likely_real,0.928619061251377
likely_real,likely_real,0.9728984117076919
likely_real,likely_real,0.9860756687480718
likely_real,likely_real,0.9640214085324398
likely_real,likely_real,0.9580147207219495
likely_real,likely_real,0.9748136217411767
likely_real,likely_real,0.9768227101856415
likely_real,likely_real,0.9202518745547558
likely_real,likely_real,0.9867582200765699
likely_real,likely_real,0.9847717933647936
likely_real,likely_real,0.8540504139234164
likely_real,likely_real,0.9472595850371932
likely_real,likely_real,0.9093879181109186
likely_real,likely_real,0.9872279769012555
likely_real,likely_real,0.8739541023358777
likely_real,likely_real,0.9649934648819178
likely_real,likely_real,0.9828421119515465
likely_real,likely_real,0.9529992051166793
likely_real,likely_real,0.9833889461520331
likely_real,likely_real,0.9138729747094627
likely_real,likely_real,0.9857453618694142
likely_real,likely_real,0.9433326493903202
likely_real,likely_real,0.9776839679085014
likely_real,likely_real,0.9581105101232354
likely_real,likely_real,0.9790337288388116
likely_real,likely_real,0.963126766519017
likely_real,likely_real,0.9806543256657908
likely_real,likely_real,0.9454781138305461
likely_real,likely_real,0.9401614390235671
likely_real,likely_real,0.7904029470063301
likely_real,likely_real,0.8493303399340385
likely_real,likely_real,0.8596682266397736
likely_real,likely_real,0.9796030364181411
likely_real,likely_real,0.9700267022895963
likely_real,likely_real,0.9689159585089977
likely_real,likely_real,0.9156551897353209
likely_real,likely_real,0.8749930218595664
likely_real,likely_real,0.9906085635377415
likely_real,likely_real,0.9814858033401171
likely_real,likely_real,0.9726163667732063
likely_real,likely_real,0.9893652065749495
likely_real,likely_real,0.9404486671408647
likely_real,likely_real,0.6417079923355664
likely_real,likely_real,0.9840715238664288
likely_real,likely_real,0.9334887138767615
likely_real,likely_real,0.8912605143539231
likely_real,likely_real,0.9784933241037186
likely_real,likely_real,0.9904748160283944
likely_real,likely_real,0.8580669394478265
likely_real,likely_real,0.9211369885438238
likely_real,likely_real,0.9836252658803253
likely_real,likely_real,0.9765670273408837
likely_real,likely_real,0.990389092393576
likely_real,likely_real,0.9587459380426279
likely_real,likely_real,0.9439366702125794
likely_real,likely_real,0.9830296888906037
likely_real,likely_real,0.940958802071254
likely_real,likely_real,0.9704277587505951
likely_real,likely_real,0.9774833100774055
likely_real,likely_real,0.856221035078286
likely_real,likely_real,0.9965657641643073
likely_real,likely_real,0.9241050431193468
likely_real,likely_real,0.7197273453591082
likely_real,likely_real,0.7778358770452101
likely_real,likely_real,0.9725755312343861
likely_real,likely_real,0.9646002943629414
likely_real,likely_real,0.9569477539361213
likely_real,likely_real,0.9005210957260429
likely_real,likely_real,0.9435189010100663
likely_real,likely_real,0.9293037349987262
likely_real,likely_real,0.7395849128463211
likely_real,likely_real,0.8719012408882415
likely_real,likely_real,0.8274364986658437
likely_real,likely_real,0.9903902977779502
likely_real,likely_real,0.9835489579568663
likely_real,likely_real,0.804397314544544
likely_real,likely_real,0.8574317463037006
likely_real,likely_real,0.9828469104758929
likely_real,likely_real,0.9402617968885373
likely_real,likely_real,0.9092521648123479
likely_real,likely_real,0.9724372398773501
likely_real,likely_real,0.8490752161132212
likely_real,likely_real,0.9590408307704188
likely_real,likely_real,0.9276038635045674
likely_fake,likely_fake,0.9902668067841407
likely_fake,likely_fake,0.9628211227088406
likely_fake,likely_fake,0.959547642444649
likely_fake,likely_fake,0.7538733848412165
likely_fake,likely_fake,0.9632666113249159
likely_real,likely_real,0.987665881321286
likely_real,likely_real,0.7742898885956037
likely_real,likely_real,0.9558500704323617
likely_real,likely_real,0.9845761871927738
likely_real,likely_real,0.9564957646715196
likely_real,likely_real,0.8678573630648744
likely_real,likely_real,0.973482656365485
likely_real,likely_real,0.946118259076609
likely_real,likely_real,0.9554659452674786
likely_real,likely_real,0.9885634775981808
likely_real,likely_real,0.9915577150810336
likely_real,likely_real,0.9933304307252413
likely_real,likely_real,0.9788485116277311
likely_real,likely_real,0.9800670383653082
likely_real,likely_real,0.9195967249948741
likely_real,likely_real,0.9353632959567696
likely_real,likely_real,0.9766746241670644
likely_real,likely_real,0.992545747318541
likely_real,likely_real,0.9401693957498475
likely_real,likely_real,0.982724252624153
likely_real,likely_real,0.8136457390319315
likely_real,likely_real,0.8759250138462245
likely_real,likely_real,0.896961397343337
likely_real,likely_real,0.9778792531717468
likely_real,likely_real,0.9816877550791212
likely_real,likely_real,0.9843190803852292
likely_real,likely_real,0.969735166995256
likely_real,likely_real,0.9794679347629082
likely_real,likely_real,0.9848075651005563
likely_real,likely_real,0.8029901974234847
likely_real,likely_real,0.7128218958212538
likely_real,likely_real,0.9292173478272217
likely_real,likely_real,0.946118259076609
likely_real,likely_real,0.9700616111419618
likely_real,likely_real,0.8151743506512419
likely_real,likely_real,0.9670432662231164
likely_real,likely_real,0.9820879901921947
likely_real,likely_real,0.7713499588817934
likely_real,likely_real,0.9638956897394814
likely_real,likely_real,0.9801539568105635
likely_real,likely_real,0.9652951616856081
likely_real,likely_real,0.9546865207701513
likely_real,likely_real,0.9452104159003658
likely_real,likely_real,0.9711303195850354
likely_real,likely_real,0.9758810734629956
likely_real,likely_real,0.8622714318848075
likely_real,likely_real,0.9676643160842302
likely_real,likely_real,0.9630779914330542
likely_real,likely_real,0.9788029620808262
likely_real,likely_real,0.9701547946118149
likely_real,likely_real,0.9506949819928499
likely_real,likely_real,0.9715470495761638
likely_real,likely_real,0.9406380204525693
likely_real,likely_real,0.9795388899797718
likely_real,likely_real,0.7866879808835102
likely_real,likely_real,0.9438862754269544
likely_real,likely_real,0.9202037346094448
likely_real,likely_real,0.9702549267526936
likely_real,likely_real,0.9406058160032177
likely_real,likely_real,0.9783738252907459
likely_real,likely_real,0.979918766410278
likely_real,likely_real,0.9479492086508975
likely_real,likely_real,0.9663072458775275
likely_real,likely_real,0.9595910620868119
likely_real,likely_real,0.9832915987555846
likely_real,likely_real,0.7729055570722952
likely_real,likely_real,0.844605400946753
likely_real,likely_real,0.9310666913829118
likely_real,likely_real,0.953445697968832
likely_real,likely_real,0.9593296119993882
likely_real,likely_real,0.9412616483295626
likely_real,likely_real,0.8627266487601707
likely_real,likely_real,0.8867436235496875
likely_real,likely_real,0.9108923237354809
likely_real,likely_real,0.9879684865988216
likely_real,likely_real,0.7793298694510113
likely_real,likely_real,0.945739372960066
likely_real,likely_real,0.9589682031607747
likely_real,likely_real,0.9034703474504644
likely_real,likely_real,0.8769979998518269
likely_real,likely_real,0.8526908795745847
likely_fake,likely_fake,0.9735259871697804
likely_fake,likely_fake,0.9471563743598482
likely_fake,likely_fake,0.7711003985439107
likely_fake,likely_fake,0.9184029565932823
likely_fake,likely_fake,0.6026251304281545
likely_fake,likely_fake,0.9228943491843382
likely_fake,likely_fake,0.8339550291751573
likely_fake,likely_fake,0.870215162144723
likely_fake,likely_fake,0.8272809964410759
likely_real,likely_real,0.6856648112450742
likely_real,likely_real,0.9653414448826815
likely_real,likely_real,0.9592746282182137
likely_real,likely_real,0.9526502584853395
likely_real,likely_real,0.9678145441010236
likely_real,likely_real,0.9795723974586479
likely_real,likely_real,0.9829948443145505
likely_real,likely_real,0.7479229983730058
likely_real,likely_real,0.967344668112972
likely_real,likely_real,0.918908719689234
likely_real,likely_real,0.9517194787284452
likely_real,likely_real,0.8317217543901754
likely_real,likely_real,0.9440871839611921
likely_real,likely_real,0.9861102056004168
likely_real,likely_real,0.9384753509753024
likely_real,likely_real,0.9234624553595482
likely_real,likely_real,0.9854724444047288
likely_real,likely_real,0.6785852288498612
likely_real,likely_real,0.8211911956674347
likely_real,likely_real,0.8129008034538234
likely_real,likely_real,0.921928118782829
likely_real,likely_real,0.9235761511618221
likely_real,likely_real,0.9590011961431857
likely_real,likely_real,0.9747014913164583
likely_real,likely_real,0.9799055407969006
likely_real,likely_real,0.9658879816095066
likely_real,likely_real,0.9656703002043348
likely_real,likely_real,0.9678817366953719
likely_real,likely_real,0.95010423589051
likely_real,likely_real,0.9755440947384795
likely_real,likely_real,0.9529424782632151
likely_real,likely_real,0.9856063867119134
likely_real,likely_real,0.9702636706767882
likely_real,likely_real,0.8744190614297424
likely_real,likely_real,0.9287957597783155
likely_real,likely_real,0.9809599029455696
likely_real,likely_real,0.972690888801389
likely_real,likely_real,0.9888848351382276
likely_real,likely_real,0.9934175749738244
likely_real,likely_real,0.962410014262958
likely_real,likely_real,0.9526502584853395
likely_real,likely_real,0.941391895889996
likely_fake,likely_fake,0.9623044231124182
likely_fake,likely_fake,0.9105379769336137
likely_real,likely_real,0.7814580394428026
likely_real,likely_real,0.9468548455160102
likely_real,likely_real,0.9610226703377808
likely_real,likely_real,0.9218966086811751
likely_real,likely_real,0.5989872417769622
likely_real,likely_real,0.5809676547042086
likely_real,likely_real,0.981401126230005
likely_real,likely_real,0.9649730841989331
likely_real,likely_real,0.9678589816391759
likely_real,likely_real,0.7732692524580568
likely_real,likely_real,0.9052822899217322
likely_real,likely_real,0.9717593619425452
likely_real,likely_real,0.8068585252205687
likely_real,likely_real,0.9387673549100467
likely_real,likely_real,0.8816728398551293
likely_real,likely_real,0.9182515858670216
likely_real,likely_real,0.9451380393233748
likely_real,likely_real,0.9367617010606183
likely_real,likely_real,0.9182525837300146
likely_real,likely_real,0.9237402483903373
likely_real,likely_real,0.9631971652965677
likely_real,likely_real,0.9699245846101195
likely_real,likely_real,0.9832944168687564
likely_real,likely_real,0.974469638518781
likely_real,likely_real,0.9718749016106385
likely_real,likely_real,0.9016132201648325
likely_real,likely_real,0.9577246020888937
likely_real,likely_real,0.932373845276037
likely_real,likely_real,0.9738168616582615
likely_real,likely_real,0.910706892265195
likely_real,likely_real,0.8949710057613649
likely_fake,likely_fake,0.8257253620305929
likely_fake,likely_fake,0.9959856617989387
likely_fake,likely_fake,0.6728088478340082
likely_fake,likely_fake,0.912866793552168
likely_fake,likely_fake,0.978035463385518
likely_fake,likely_fake,0.9738136719474251
likely_real,likely_real,0.838792609267248
likely_real,likely_real,0.7888382397163095
likely_real,likely_real,0.9135278320296433
likely_real,likely_real,0.9684931274774703
likely_real,likely_real,0.640600829424495
likely_real,likely_real,0.9537591954856467
likely_real,likely_real,0.9553297646849513
likely_real,likely_real,0.9138123598914105
likely_real,likely_real,0.9186345949483947
likely_real,likely_real,0.6747875352677973
likely_real,likely_real,0.966164770941362
likely_real,likely_real,0.953329927960243
likely_real,likely_real,0.9434860145894527
likely_real,likely_real,0.7148840199737906
likely_real,likely_real,0.919333615583859
likely_real,likely_real,0.9702720649964949
likely_real,likely_real,0.9872581958889054
likely_real,likely_real,0.8361375624800651
likely_real,likely_real,0.956737723333152
likely_real,likely_real,0.9100738388086461
likely_real,likely_real,0.8975487022849142
likely_real,likely_real,0.9712430155226905
likely_real,likely_real,0.9762176729398594
likely_real,likely_real,0.9825322980861858
likely_real,likely_real,0.9658380626372479
likely_real,likely_real,0.9881982990463065
likely_real,likely_real,0.9738573905860456
likely_real,likely_real,0.8348188896671686
likely_real,likely_real,0.901828587240975
likely_real,likely_real,0.9193476085884031
likely_real,likely_real,0.9814907973740591
likely_real,likely_real,0.9802208887585976
likely_real,likely_real,0.888192178020498
likely_real,likely_real,0.9321721648873841
likely_real,likely_real,0.9181522350919828
likely_real,likely_real,0.9889404182108985
likely_real,likely_real,0.889992876463188
likely_real,likely_real,0.9686714385456653
likely_real,likely_real,0.9333956292261489
likely_real,likely_real,0.9197763919502248
likely_fake,likely_fake,0.9279035451285375
likely_fake,likely_fake,0.7803510387695354
likely_fake,likely_fake,0.9711229814976684
likely_fake,likely_fake,0.9685861943637123
likely_fake,likely_fake,0.9936452693789062
likely_fake,likely_fake,0.5648268488014974
likely_fake,likely_fake,0.9281063527431451
likely_fake,likely_fake,0.9777576017992191
likely_real,likely_real,0.808619659917418
likely_real,likely_real,0.9847970227359909
likely_real,likely_real,0.993339368171371
likely_real,likely_real,0.7124885933334497
likely_real,likely_real,0.9640446704597385
likely_real,likely_real,0.897852503043184
likely_real,likely_real,0.7219365387848696
likely_real,likely_real,0.808619659917418
likely_real,likely_real,0.9171576309090212
likely_real,likely_real,0.8629921458206644
likely_real,likely_real,0.9371908145815966
likely_real,likely_real,0.9319693804834165
likely_real,likely_real,0.9506152791382836
likely_real,likely_real,0.920690856141942
likely_real,likely_real,0.8771608173718745
likely_real,likely_real,0.9149290174862496
likely_real,likely_real,0.9959641326651
likely_real,likely_real,0.9753707673302399
likely_real,likely_real,0.9365381893395898
likely_real,likely_real,0.9473874803223715
likely_real,likely_real,0.9965414519503935
likely_real,likely_real,0.9744317537058295
likely_real,likely_real,0.9278326574178518
likely_real,likely_real,0.9761636148772449
likely_real,likely_real,0.9817837560227177
likely_real,likely_real,0.9912298337555384
likely_real,likely_real,0.9651242236839096
likely_real,likely_real,0.8705063582274648
likely_real,likely_real,0.9894942255131324
likely_real,likely_real,0.9919849368554955
likely_real,likely_real,0.9935255080175197
likely_real,likely_real,0.9818782261894954
likely_real,likely_real,0.9822754889943216
likely_real,likely_real,0.9006707154502421
likely_real,likely_real,0.9362482885689829
likely_real,likely_real,0.9855595603218867
likely_real,likely_real,0.9865187906002985
likely_real,likely_real,0.9715249774486144
likely_real,likely_real,0.9180471841377523
likely_real,likely_real,0.9891348573742731
likely_real,likely_real,0.8672452424181045
likely_real,likely_real,0.8956647904808696
likely_real,likely_real,0.9846834261032065
likely_real,likely_real,0.9358977459964589
likely_real,likely_real,0.9897043174180014
likely_real,likely_real,0.95668417120048
likely_real,likely_real,0.9783761152422099
likely_real,likely_real,0.9499657609110356
likely_real,likely_real,0.9368173868651882
likely_real,likely_real,0.9288191528189056
likely_fake,likely_fake,0.9572141814153328
likely_fake,likely_fake,0.9791046070033892
likely_fake,likely_fake,0.9469467778346282
likely_fake,likely_fake,0.9839753488950364
likely_fake,likely_fake,0.9715986122680891
likely_fake,likely_fake,0.5860136911473168
likely_fake,likely_real,0.8069370232448541
likely_fake,likely_fake,0.9526970304440747
likely_fake,likely_fake,0.9021004725712025
likely_real,likely_real,0.9829906385057166
likely_real,likely_real,0.9646747791583378
likely_real,likely_real,0.9377718085988629
likely_real,likely_real,0.9589018835014219
likely_real,likely_real,0.9671000238242169
likely_real,likely_real,0.8411365599619589
likely_real,likely_real,0.9982271564981807
likely_real,likely_real,0.9581794469559243
likely_real,likely_real,0.8880039169991976
likely_real,likely_real,0.9964969451633952
likely_real,likely_real,0.8810807449988822
likely_real,likely_real,0.9702816853281007
likely_real,likely_real,0.992167152601586
likely_real,likely_real,0.9265437469234161
likely_real,likely_real,0.7429757120038942
likely_real,likely_real,0.9486072725072819
likely_real,likely_real,0.9927075155377286
likely_real,likely_real,0.9708104280595073
likely_real,likely_real,0.936691306717041
likely_real,likely_real,0.9576782500885016
likely_real,likely_real,0.8913498574642356
likely_real,likely_real,0.9763460428663323
likely_real,likely_real,0.9566057498042094
likely_real,likely_real,0.9763199415129491
likely_real,likely_real,0.9686837671806892
likely_real,likely_real,0.950176532464908
likely_real,likely_real,0.9742526082000706
likely_real,likely_real,0.9563789206522644
likely_real,likely_real,0.9837194045639802
likely_real,likely_real,0.9057450398207989
likely_real,likely_real,0.9645224815340705
likely_real,likely_real,0.9654020964977073
likely_real,likely_real,0.8988735255175342
likely_real,likely_real,0.9657509784208792
likely_real,likely_real,0.854679681048085
likely_real,likely_real,0.9500642640363239
likely_real,likely_real,0.9667262035023663
likely_real,likely_real,0.7650641693047668
likely_real,likely_real,0.9621043268067261
likely_real,likely_real,0.989640757268776
likely_real,likely_real,0.9417195361945983
likely_real,likely_real,0.9278709774753087
likely_real,likely_real,0.9614700868830912
likely_real,likely_real,0.93257650180465
likely_real,likely_real,0.9314635068186993
likely_real,likely_real,0.978543751467549
likely_real,likely_real,0.9687091039537662
likely_real,likely_real,0.7639085098448328
likely_real,likely_real,0.9446994494233022
likely_real,likely_real,0.9246158161819811
likely_real,likely_real,0.9595418738116972
likely_real,likely_real,0.9677624629228382
likely_real,likely_real,0.9409673009779143
likely_fake,likely_fake,0.8540614808340686
likely_fake,likely_fake,0.6720742783883816
likely_fake,likely_fake,0.9953021707812857
likely_fake,likely_fake,0.8724906554925939
likely_real,likely_real,0.9664145525585329
likely_real,likely_real,0.9585907091260092
likely_real,likely_real,0.968983106728712
likely_real,likely_real,0.9545453170451382
likely_real,likely_real,0.8563768884090174
likely_fake,likely_fake,0.9960830889843214
likely_fake,likely_fake,0.7025566129636447
likely_fake,likely_fake,0.9860928865255768
likely_fake,likely_fake,0.9835077124661832
likely_fake,likely_fake,0.882748709081028
likely_fake,likely_fake,0.9851635978955305
likely_fake,likely_fake,0.9733288528718532
likely_fake,likely_fake,0.9872597805683194
likely_fake,likely_fake,0.8365789270314352
likely_fake,likely_fake,0.9548056164313969
likely_fake,likely_fake,0.9956632346733703
likely_fake,likely_fake,0.6138267766431011
likely_fake,likely_fake,0.8964147058934407
likely_fake,likely_fake,0.9637977795135563
likely_real,likely_real,0.9529791190248588
likely_real,likely_real,0.9352554678939997
likely_real,likely_real,0.9940273737061486
likely_real,likely_real,0.9872616823082464
likely_real,likely_real,0.8946666541774133
likely_real,likely_real,0.9527147679035456
likely_fake,likely_fake,0.9946364244548263
likely_fake,likely_fake,0.9935418790689877
likely_fake,likely_fake,0.9348337282313736
likely_fake,likely_fake,0.8140710364408852
likely_fake,likely_real,0.5056614506440504
likely_fake,likely_fake,0.9693962812220899
likely_fake,likely_fake,0.8681113661794165
likely_fake,likely_fake,0.9309781435662673
likely_fake,likely_fake,0.98209793117225
likely_fake,likely_fake,0.8837081865593681
likely_real,likely_real,0.9855314274366591
likely_fake,likely_fake,0.9926195873827905
likely_fake,likely_fake,0.9194544411446248
likely_fake,likely_fake,0.998849651550373
likely_fake,likely_fake,0.992866891533314
likely_fake,likely_fake,0.9910200030317826
likely_fake,likely_fake,0.9731468263785906
likely_fake,likely_fake,0.9745536052386905
likely_real,likely_real,0.9896972997400147
likely_real,likely_real,0.9255508452437988
likely_fake,likely_fake,0.977233699928308
likely_fake,likely_fake,0.8545550919947335
likely_fake,likely_fake,0.9295787452780255
likely_fake,likely_fake,0.9932370664132177
likely_fake,likely_fake,0.995154552827103
likely_fake,likely_fake,0.7114401719613885
likely_fake,likely_fake,0.7326663212022257
likely_fake,likely_fake,0.9396113938493348
likely_fake,likely_fake,0.9510188224201085
likely_fake,likely_fake,0.7597385139796575
likely_fake,likely_fake,0.821145951949894
likely_fake,likely_fake,0.9586631980507927
likely_fake,likely_fake,0.9775828908072758
likely_fake,likely_fake,0.979107121239606
likely_fake,likely_fake,0.9790067108355786
likely_fake,likely_fake,0.9864972632009308
likely_fake,likely_fake,0.9862389814357199
likely_fake,likely_fake,0.9845238057141946
likely_fake,likely_fake,0.9132403257431968
likely_fake,likely_fake,0.990555844371202
likely_fake,likely_fake,0.9640781107733263
likely_fake,likely_fake,0.9717495030555063
likely_fake,likely_fake,0.9667720207104996
likely_fake,likely_fake,0.9862032048629529
likely_fake,likely_fake,0.8501700056942523
likely_fake,likely_fake,0.849945605443059
likely_fake,likely_fake,0.964019404661636
likely_fake,likely_fake,0.9371446087515852
likely_fake,likely_fake,0.9871023815086136
likely_fake,likely_fake,0.9388938862093592
likely_fake,likely_fake,0.9122529044201749
likely_fake,likely_fake,0.9954353049305669
likely_fake,likely_fake,0.5528293187564494
likely_fake,likely_fake,0.9017765905754629
likely_fake,likely_fake,0.9863548421431599
