true_label,predicted_label,confidence
likely_real,likely_real,0.9826871488028008
likely_real,likely_real,0.9879339404742061
likely_real,likely_real,0.9808003989070037
likely_real,likely_real,0.9705275554753127
likely_real,likely_real,0.9694538940028766
likely_real,likely_real,0.9829031832574281
likely_fake,likely_fake,0.983478493620852
likely_real,likely_real,0.9817371841115745
likely_real,likely_real,0.9761986656732494
likely_fake,likely_fake,0.9835732617292559
likely_real,likely_real,0.7932973002262675
likely_real,likely_real,0.9802655208025384
likely_real,likely_real,0.990775311230261
likely_real,likely_real,0.9867990218869082
likely_real,likely_real,0.9797473920839503
likely_real,likely_real,0.9900885294293532
likely_fake,likely_fake,0.9858649739573855
likely_fake,likely_fake,0.9420885758044011
likely_fake,likely_fake,0.9273639985354902
likely_fake,likely_fake,0.9723428737551006
likely_real,likely_real,0.9932035960758111
likely_real,likely_real,0.9848362824569414
likely_fake,likely_fake,0.987653408062199
likely_fake,likely_fake,0.9159544929911431
likely_fake,likely_fake,0.8281601151003859
likely_real,likely_real,0.9941713757793469
likely_fake,likely_fake,0.9639965205717723
likely_fake,likely_fake,0.978190520761567
likely_fake,likely_fake,0.9962749049515622
likely_real,likely_real,0.940722608721078
likely_real,likely_real,0.9936484211534762
likely_fake,likely_fake,0.9858840845492804
likely_real,likely_real,0.8554298921170774
likely_real,likely_real,0.974022211906857
likely_real,likely_real,0.973141588348422
likely_fake,likely_fake,0.9708853598644451
likely_fake,likely_fake,0.9004220136462942
likely_real,likely_real,0.9730329726211364
likely_real,likely_real,0.9930348203715009
likely_real,likely_real,0.9492050014213506
likely_fake,likely_fake,0.9362116231470483
likely_fake,likely_fake,0.9962432227053877
likely_real,likely_real,0.9805085673200618
likely_real,likely_real,0.5899471808759199
likely_real,likely_real,0.9722410073360856
likely_fake,likely_fake,0.976965823679505
likely_real,likely_real,0.9581503242990175
likely_fake,likely_fake,0.9386908777873335
likely_fake,likely_fake,0.9783333515402445
likely_real,likely_real,0.7437499751051052
likely_fake,likely_fake,0.6155228741964835
likely_fake,likely_fake,0.9909494101634548
likely_fake,likely_fake,0.7972698407563039
likely_real,likely_real,0.9661270858086143
likely_real,likely_real,0.8872088641939402
likely_real,likely_real,0.9806525497542747
likely_real,likely_real,0.996056382355251
likely_fake,likely_fake,0.834193142698072
likely_real,likely_real,0.9047269865889784
likely_fake,likely_fake,0.9792706912413425
likely_real,likely_real,0.9649016906285904
likely_fake,likely_fake,0.9663944845944997
likely_real,likely_real,0.9429824000962402
likely_real,likely_real,0.9948816922364114
likely_real,likely_real,0.9836677248170761
likely_real,likely_real,0.9778424333155633
likely_fake,likely_fake,0.7354584964172238
likely_real,likely_real,0.9351312051884142
likely_real,likely_real,0.9922795365457711
likely_fake,likely_fake,0.9542344705957341
likely_real,likely_real,0.989470063397249
likely_real,likely_real,0.9873867459732533
likely_fake,likely_fake,0.9745484433585053
likely_real,likely_real,0.9169251647026112
likely_real,likely_real,0.9117928603061457
likely_real,likely_real,0.9891307765637024
likely_fake,likely_fake,0.9015090869984844
likely_real,likely_real,0.9464238094838234
likely_real,likely_real,0.9698695478977972
likely_fake,likely_fake,0.9819826680056167
likely_fake,likely_fake,0.8186505986039683
likely_fake,likely_fake,0.9489916175802168
likely_real,likely_real,0.9981782654103809
likely_real,likely_real,0.9790661954260247
likely_real,likely_real,0.9782231577371585
likely_real,likely_real,0.9844717756205755
likely_real,likely_real,0.9716206858875859
likely_fake,likely_fake,0.9631251141102515
likely_real,likely_real,0.9899395998992265
likely_real,likely_real,0.9865885093558978
likely_fake,likely_fake,0.9319616049503641
likely_fake,likely_fake,0.955029867068764
likely_real,likely_real,0.982254948796786
likely_fake,likely_fake,0.993684344902929
likely_fake,likely_fake,0.8669869037150355
likely_real,likely_real,0.9900204879655333
likely_fake,likely_fake,0.9381414106346327
likely_real,likely_real,0.9747861141339279
likely_real,likely_real,0.922562785050472
likely_fake,likely_fake,0.9186943910061076
likely_real,likely_real,0.9717983899630761
likely_real,likely_real,0.9925172282760981
likely_fake,likely_fake,0.9828296146609106
likely_real,likely_real,0.92310279908484
likely_fake,likely_fake,0.8610666189164343
likely_real,likely_real,0.9840275808199439
likely_fake,likely_fake,0.9658932823584605
likely_fake,likely_fake,0.8994566827979444
likely_real,likely_real,0.9761783263301942
likely_fake,likely_fake,0.8929730619945766
likely_real,likely_real,0.9942946428860634
likely_real,likely_real,0.9238717850732046
likely_fake,likely_fake,0.8693419094187067
likely_fake,likely_fake,0.9564222285248575
likely_fake,likely_real,0.6672969503648437
likely_fake,likely_fake,0.9216637677182522
likely_real,likely_real,0.9829223882241999
likely_fake,likely_fake,0.989339903552943
likely_real,likely_real,0.8601796597417083
likely_fake,likely_fake,0.9540607850747691
likely_real,likely_real,0.9867227294510902
likely_fake,likely_fake,0.9984430445918338
likely_fake,likely_fake,0.9927355995354896
likely_fake,likely_fake,0.8182544864063047
likely_fake,likely_fake,0.8847219478900958
likely_real,likely_real,0.9630342510805304
likely_real,likely_real,0.9851868086180533
likely_fake,likely_fake,0.7809917962251085
likely_fake,likely_fake,0.9768088720279348
likely_real,likely_real,0.9677638000275283
likely_fake,likely_fake,0.9830359241977681
likely_fake,likely_fake,0.9739469647258253
likely_real,likely_real,0.9825397144462531
likely_real,likely_real,0.9323125526020974
likely_real,likely_real,0.985460593641343
likely_fake,likely_fake,0.9942485055753381
likely_real,likely_real,0.9817665508565568
likely_fake,likely_fake,0.9917720862258079
likely_fake,likely_real,0.5585740295622241
likely_fake,likely_fake,0.9936648304898134
likely_real,likely_real,0.9295763724182826
likely_real,likely_real,0.9715302023688827
likely_real,likely_real,0.990763790062574
likely_real,likely_real,0.9411739767034969
likely_real,likely_real,0.927907295316944
likely_fake,likely_fake,0.9785022407316826
likely_real,likely_real,0.9834446772697761
likely_real,likely_real,0.9674426744619974
likely_fake,likely_fake,0.9343154663440532
likely_real,likely_real,0.9172541116275078
likely_real,likely_real,0.8852814815843859
likely_fake,likely_fake,0.9926832110714497
likely_real,likely_real,0.924936109537563
likely_fake,likely_fake,0.9320316537237671
likely_real,likely_real,0.9593704154070033
likely_real,likely_real,0.9742436282406222
likely_real,likely_real,0.8992546431856102
likely_fake,likely_fake,0.9143501985344374
likely_fake,likely_fake,0.9793341087668872
likely_real,likely_real,0.9879973051600296
likely_fake,likely_fake,0.9839519902926467
likely_real,likely_real,0.8223070498491045
likely_real,likely_real,0.9053136647067275
likely_real,likely_real,0.9815276163885464
likely_fake,likely_fake,0.9915450902248881
likely_real,likely_real,0.9617285577422156
likely_fake,likely_fake,0.9914544176256379
likely_fake,likely_fake,0.9641973506254802
likely_real,likely_real,0.9110180937357133
likely_real,likely_real,0.9874500397428311
likely_fake,likely_fake,0.7116947149949029
likely_real,likely_real,0.9483800487499349
likely_real,likely_real,0.9884534121967792
likely_fake,likely_fake,0.996652413288587
likely_fake,likely_fake,0.9590961953009386
likely_fake,likely_fake,0.6597123752621097
likely_real,likely_real,0.987737841579297
likely_real,likely_real,0.9842324307499245
likely_real,likely_real,0.9836842193494925
likely_real,likely_real,0.9874676754772902
likely_real,likely_real,0.9614313110888518
likely_real,likely_real,0.9857555667102842
likely_fake,likely_fake,0.9893141889781892
likely_fake,likely_fake,0.933016108547297
likely_fake,likely_fake,0.9931890877806717
likely_fake,likely_fake,0.9820259576173871
likely_real,likely_real,0.9263288129831554
likely_real,likely_real,0.9570855896144007
likely_real,likely_real,0.9709118345478944
likely_fake,likely_fake,0.987671375800443
likely_real,likely_real,0.7636415509518996
likely_real,likely_real,0.9673064731078388
likely_fake,likely_fake,0.9623334531923357
likely_fake,likely_fake,0.8599442563356545
likely_fake,likely_fake,0.9778912266817089
likely_fake,likely_fake,0.9707913489524451
likely_fake,likely_fake,0.9126085591273682
likely_fake,likely_fake,0.9853570803345464
likely_fake,likely_fake,0.9391392083098173
likely_fake,likely_fake,0.9930357891740222
likely_fake,likely_fake,0.9832281849095776
likely_fake,likely_fake,0.9976004422918554
likely_real,likely_real,0.9771478036325277
likely_real,likely_real,0.9043143289371897
likely_real,likely_real,0.8671224374025689
likely_real,likely_real,0.9898504190847133
likely_fake,likely_fake,0.9358953674292679
likely_fake,likely_fake,0.9616630874895752
likely_real,likely_real,0.9006599278259771
likely_real,likely_real,0.9861470504253194
likely_fake,likely_fake,0.9196141978038831
likely_real,likely_real,0.9795710205604276
likely_fake,likely_fake,0.9985205931790221
likely_real,likely_real,0.6429884340915492
likely_real,likely_real,0.9535718989966442
likely_real,likely_real,0.9543954679431871
likely_real,likely_real,0.9904794467293954
likely_fake,likely_fake,0.9836088925021924
likely_real,likely_real,0.8542761492861286
likely_real,likely_real,0.9642634744275633
likely_fake,likely_fake,0.9812662226285579
likely_real,likely_real,0.8984634920705474
likely_real,likely_real,0.9891089344779519
likely_real,likely_real,0.9816124706639588
likely_fake,likely_fake,0.9826772035764865
likely_real,likely_real,0.9291620506230486
likely_real,likely_real,0.9055651720201279
likely_fake,likely_fake,0.7550225239622412
likely_fake,likely_fake,0.9899105707777913
likely_real,likely_real,0.9053906429277547
likely_fake,likely_fake,0.9690191551494469
likely_fake,likely_fake,0.8684917514348159
likely_fake,likely_fake,0.7451616825865675
likely_fake,likely_fake,0.9927744239465272
likely_real,likely_real,0.9760651628406205
likely_fake,likely_fake,0.9945349912668943
likely_real,likely_real,0.9919286426393736
likely_real,likely_real,0.9903811513907809
likely_fake,likely_fake,0.9655766712757086
likely_fake,likely_fake,0.986422746395907
likely_fake,likely_fake,0.9933563309470079
likely_fake,likely_fake,0.9820977976041028
likely_fake,likely_fake,0.9289952608146101
likely_fake,likely_fake,0.9537722873935862
likely_fake,likely_fake,0.9157829582223762
likely_fake,likely_fake,0.9834067782840079
likely_fake,likely_fake,0.9951329532464968
likely_real,likely_real,0.9535250354665988
likely_real,likely_real,0.9468766958421201
likely_fake,likely_fake,0.9102048815818626
likely_real,likely_real,0.9955702369405286
likely_fake,likely_fake,0.8663601189293597
likely_fake,likely_fake,0.984765528039997
likely_fake,likely_fake,0.9407623597225567
likely_fake,likely_fake,0.9404787188603033
likely_real,likely_real,0.9467044588869548
likely_real,likely_real,0.8970983519171224
likely_fake,likely_fake,0.9534614551179368
likely_fake,likely_fake,0.9933053585405791
likely_real,likely_real,0.9717385978723785
likely_fake,likely_fake,0.617535418521636
likely_fake,likely_fake,0.97630207699256
likely_fake,likely_fake,0.9339471310427434
likely_real,likely_real,0.9573317944222424
likely_real,likely_real,0.9661636443548669
likely_fake,likely_fake,0.6804010115091499
likely_real,likely_real,0.9879419093353424
likely_real,likely_real,0.9771051617060817
likely_fake,likely_fake,0.9749984392588834
likely_fake,likely_fake,0.9700658204360729
likely_fake,likely_fake,0.9864300451466086
likely_fake,likely_fake,0.9955491341339043
likely_real,likely_real,0.9649113608544654
likely_fake,likely_fake,0.883318099979862
likely_fake,likely_fake,0.9636189013272055
likely_real,likely_real,0.9838467468073188
likely_real,likely_real,0.9633336544053854
likely_fake,likely_fake,0.9936451112486792
likely_fake,likely_fake,0.8794889772859723
likely_real,likely_real,0.97647766822553
likely_real,likely_real,0.7282612547077911
likely_real,likely_real,0.9746342685017378
likely_real,likely_real,0.9625015345249833
likely_real,likely_real,0.9022061305993788
likely_fake,likely_fake,0.944945158593716
likely_real,likely_real,0.6956353983467034
likely_real,likely_real,0.8536698125984946
likely_real,likely_real,0.5405926453584805
likely_real,likely_real,0.8941126045720802
likely_real,likely_real,0.9322488959951859
likely_real,likely_real,0.800757659318605
likely_real,likely_real,0.9748488511483826
likely_real,likely_real,0.9658946112892732
likely_real,likely_real,0.7654099935876052
likely_fake,likely_fake,0.9701867171923744
likely_fake,likely_fake,0.9926040683275993
likely_fake,likely_fake,0.7644436972402439
likely_fake,likely_fake,0.8742409720605158
likely_real,likely_real,0.9378218319073254
likely_real,likely_real,0.961242575476157
likely_fake,likely_fake,0.9849919450028255
likely_real,likely_real,0.9141866712123857
likely_real,likely_real,0.9874066256547591
likely_real,likely_real,0.9945879421770955
likely_real,likely_real,0.9105174531577037
likely_fake,likely_fake,0.795399049447027
likely_fake,likely_fake,0.9893230596287925
likely_real,likely_real,0.9602983989912673
likely_real,likely_real,0.9713675426753421
likely_real,likely_real,0.9882793918059877
likely_fake,likely_fake,0.9890952106780913
likely_real,likely_real,0.9477442412907152
likely_real,likely_real,0.8846798170620264
likely_fake,likely_fake,0.9904481440655318
likely_fake,likely_fake,0.9874236298828725
likely_real,likely_real,0.9594804906071306
likely_real,likely_real,0.7748784765721503
likely_fake,likely_fake,0.9520565228041681
likely_real,likely_real,0.9345162730273744
likely_real,likely_real,0.923566934828071
likely_fake,likely_fake,0.9667791040607903
likely_fake,likely_fake,0.9079825273806833
likely_real,likely_real,0.9867930705032981
likely_fake,likely_fake,0.9529389561524071
likely_fake,likely_fake,0.9276867567741209
likely_real,likely_real,0.9509255891275116
likely_fake,likely_fake,0.9930416531064914
likely_real,likely_fake,0.6156123349050616
likely_real,likely_real,0.9887569181853367
likely_fake,likely_fake,0.9798953702097818
likely_fake,likely_fake,0.9965144734508387
likely_fake,likely_fake,0.9898547136312846
likely_real,likely_real,0.9952381276737413
likely_fake,likely_fake,0.9955497978674986
likely_real,likely_real,0.9783458290849992
likely_fake,likely_fake,0.9981679756711475
likely_fake,likely_fake,0.9570029075530269
likely_fake,likely_fake,0.6590620708260109
likely_fake,likely_fake,0.953605777166112
likely_real,likely_real,0.9736482089461812
likely_real,likely_real,0.9949414861598112
likely_real,likely_real,0.944381562798167
likely_fake,likely_fake,0.9798743715862546
likely_real,likely_real,0.985010077760608
likely_real,likely_real,0.9306108345128444
likely_fake,likely_fake,0.9142127402951402
likely_fake,likely_fake,0.7677414118402147
likely_fake,likely_fake,0.9063289236364512
likely_fake,likely_fake,0.765179682089171
likely_real,likely_real,0.9872919651773328
likely_real,likely_real,0.9920760214208482
likely_real,likely_real,0.9984004669550887
likely_real,likely_real,0.9535949403631157
likely_real,likely_real,0.9423733093406174
likely_fake,likely_fake,0.9648449807450692
likely_fake,likely_fake,0.9921974485111604
likely_real,likely_real,0.9489119525390989
likely_fake,likely_fake,0.8192020687692931
likely_fake,likely_fake,0.8783112436244985
likely_fake,likely_fake,0.8394185499885733
likely_real,likely_real,0.9890157653264956
likely_real,likely_real,0.9564968474639982
likely_real,likely_real,0.8837966202360862
likely_real,likely_real,0.9348375886450877
likely_fake,likely_fake,0.916392877641643
likely_fake,likely_fake,0.9885139075981915
likely_fake,likely_fake,0.9969131466224813
likely_fake,likely_fake,0.9306618912693658
likely_real,likely_real,0.982918532932461
likely_real,likely_real,0.9527567050063369
likely_real,likely_real,0.9925890285247715
likely_fake,likely_fake,0.9783453095496323
likely_fake,likely_fake,0.9088405792398587
likely_fake,likely_fake,0.9591304934964412
likely_fake,likely_fake,0.9845228359005682
likely_real,likely_real,0.9807772173572799
likely_real,likely_real,0.9636313898137256
likely_fake,likely_fake,0.8553823831484233
likely_real,likely_real,0.7470860815129864
likely_fake,likely_fake,0.9977650759767501
likely_fake,likely_fake,0.9990874414381435
likely_fake,likely_fake,0.9763694676695058
likely_real,likely_real,0.948844286439061
likely_fake,likely_fake,0.9669352266960859
likely_real,likely_real,0.900642862718886
likely_fake,likely_fake,0.922076685587873
likely_fake,likely_fake,0.9716243504748117
likely_real,likely_real,0.9278883945722946
likely_real,likely_real,0.9875620161749254
likely_fake,likely_real,0.5916806090256771
likely_real,likely_real,0.9293164107673867
likely_real,likely_real,0.9355432134532256
likely_real,likely_real,0.8266489386117473
likely_real,likely_real,0.9941542116929212
likely_real,likely_real,0.9961035123329786
likely_real,likely_real,0.7988505827921264
likely_real,likely_real,0.9143606926579657
likely_real,likely_real,0.9874942143874398
likely_fake,likely_fake,0.9965761954021443
likely_fake,likely_fake,0.6431710799074171
likely_real,likely_real,0.9614694751725271
likely_real,likely_real,0.9887192798868684
likely_fake,likely_fake,0.9349960914239777
likely_fake,likely_fake,0.9777682588188009
likely_real,likely_real,0.9363986913899068
likely_real,likely_real,0.8448228801728017
likely_real,likely_real,0.9650121256165057
likely_fake,likely_fake,0.9092351474983875
likely_fake,likely_fake,0.96165722923793
likely_real,likely_real,0.8956407631116236
likely_fake,likely_fake,0.8311404909692062
likely_fake,likely_fake,0.9786884177629921
likely_real,likely_real,0.9612196079046156
likely_fake,likely_fake,0.9573278919965501
likely_real,likely_real,0.9282565055403136
likely_real,likely_real,0.9751828990744497
likely_real,likely_real,0.9719008495733765
likely_fake,likely_fake,0.9680142443273703
likely_real,likely_real,0.983683859608247
likely_real,likely_real,0.8794515415531737
likely_fake,likely_fake,0.9964091124431982
likely_real,likely_real,0.9891275651191446
likely_fake,likely_fake,0.9710233156255568
likely_real,likely_real,0.9830106517448449
likely_fake,likely_fake,0.9724760232872397
likely_real,likely_real,0.9837529167818597
likely_fake,likely_fake,0.8557411490065254
likely_real,likely_real,0.9727098091159663
likely_real,likely_real,0.9462228773066362
likely_real,likely_real,0.9828119088329769
likely_real,likely_real,0.899872405505163
likely_fake,likely_fake,0.7924247838851638
likely_real,likely_real,0.9342957294164127
likely_real,likely_real,0.9689282513392807
likely_fake,likely_fake,0.7889813370515397
likely_fake,likely_fake,0.9136405567486746
likely_real,likely_real,0.9805214963783392
likely_real,likely_real,0.9804308430006113
likely_real,likely_real,0.9875136674505516
likely_real,likely_real,0.9694102878941888
likely_real,likely_real,0.9340676646126022
likely_real,likely_real,0.8876621417910827
likely_fake,likely_fake,0.8266871329046603
likely_fake,likely_fake,0.992093317780769
likely_real,likely_real,0.9447154271509907
likely_real,likely_real,0.9228083013222053
likely_real,likely_real,0.8773662251613027
likely_real,likely_real,0.867683877162357
likely_real,likely_real,0.8913634980325306
likely_real,likely_real,0.9470030408255983
likely_real,likely_real,0.7951665598256465
likely_real,likely_real,0.5804542628269029
likely_real,likely_real,0.9708112192843735
likely_fake,likely_fake,0.9860256364253182
likely_real,likely_real,0.9539858140441493
likely_fake,likely_fake,0.8822640192783826
likely_fake,likely_fake,0.617769612153825
likely_real,likely_real,0.86168696481237
likely_real,likely_real,0.8470887531279967
likely_real,likely_real,0.9628785947806802
likely_real,likely_real,0.9351150005289587
likely_real,likely_real,0.9745801535258073
likely_real,likely_real,0.9786168845634422
likely_real,likely_real,0.9915849262341775
likely_real,likely_real,0.9684883122000646
likely_fake,likely_fake,0.9740152287029015
likely_real,likely_real,0.9841880680754417
likely_real,likely_real,0.9821632640891597
likely_real,likely_real,0.9146575643619101
likely_real,likely_real,0.8925879205790284
likely_real,likely_real,0.9656961184454784
likely_fake,likely_fake,0.9757037981353138
likely_fake,likely_fake,0.9954317937468738
likely_fake,likely_fake,0.9713487135068759
likely_fake,likely_fake,0.9206106720198857
likely_fake,likely_fake,0.9646558527654059
likely_fake,likely_fake,0.982974134559025
likely_real,likely_real,0.9884990287732527
likely_real,likely_real,0.9779208844453375
likely_real,likely_real,0.9896566586564589
likely_fake,likely_fake,0.9279574009174812
likely_real,likely_real,0.9014639795891582
likely_real,likely_real,0.9511468927228418
likely_fake,likely_fake,0.9869738989408277
likely_fake,likely_fake,0.9378730804019496
likely_fake,likely_fake,0.9847699111016006
likely_fake,likely_fake,0.9652346076370456
likely_fake,likely_fake,0.8226900028966946
likely_fake,likely_fake,0.9775388586156134
likely_real,likely_real,0.9596330641469859
likely_fake,likely_fake,0.8181062156479113
likely_fake,likely_fake,0.8044698338362538
likely_fake,likely_fake,0.9963979747997073
likely_real,likely_real,0.9343538421063099
likely_fake,likely_fake,0.9410861759073973
likely_fake,likely_fake,0.9461253909210556
likely_fake,likely_fake,0.9855199450877143
likely_real,likely_real,0.967870187541746
likely_fake,likely_fake,0.904242638932874
likely_real,likely_real,0.9540115962182587
likely_fake,likely_fake,0.8528947188851692
likely_real,likely_real,0.959450768296063
likely_real,likely_real,0.966314774582226
likely_fake,likely_fake,0.9514318791998796
likely_real,likely_real,0.9605209616326862
likely_real,likely_real,0.9528242254386727
likely_real,likely_real,0.9622185660501031
likely_real,likely_real,0.8428049782173003
likely_fake,likely_fake,0.9558207182631392
likely_fake,likely_fake,0.9922409505962958
likely_fake,likely_fake,0.88815338706751
likely_real,likely_real,0.9954270783580286
likely_fake,likely_fake,0.967316080070793
likely_real,likely_real,0.9529483507014335
likely_real,likely_real,0.9014145921521807
likely_real,likely_real,0.9120748217857741
likely_fake,likely_fake,0.9899382628611176
likely_real,likely_real,0.9204134268201462
likely_fake,likely_fake,0.9958449868125021
likely_fake,likely_fake,0.9646663165951148
likely_real,likely_real,0.8983504588921875
likely_real,likely_real,0.9867117478976196
likely_fake,likely_fake,0.9144545977801026
likely_real,likely_real,0.9933678233607709
likely_fake,likely_fake,0.9494403912974094
likely_fake,likely_fake,0.9729227055745748
likely_fake,likely_fake,0.9576119633617981
likely_fake,likely_fake,0.9728304659124654
likely_fake,likely_fake,0.9298393035571466
likely_fake,likely_fake,0.9969775549135441
likely_fake,likely_fake,0.9171134296048675
likely_fake,likely_fake,0.9899847444836984
likely_real,likely_real,0.9276268019289877
likely_real,likely_real,0.9608480865924736
likely_real,likely_real,0.913649969803295
likely_fake,likely_fake,0.9512379728086786
likely_real,likely_real,0.9498444965924492
likely_fake,likely_fake,0.9583823423566029
likely_real,likely_real,0.9614398270496325
likely_fake,likely_fake,0.9993391174700592
likely_fake,likely_fake,0.9972039553419603
likely_fake,likely_fake,0.910525158587544
likely_real,likely_real,0.9669708418554838
likely_fake,likely_fake,0.9605812094623075
likely_real,likely_real,0.9792133881169505
likely_real,likely_real,0.9290196822351227
likely_real,likely_real,0.9591918290091375
likely_real,likely_real,0.9796453702258789
likely_real,likely_real,0.9708263141721217
likely_fake,likely_fake,0.9872904261420103
likely_real,likely_real,0.979294522942761
likely_real,likely_real,0.9864425519452877
likely_fake,likely_fake,0.9744684912537958
likely_fake,likely_fake,0.9775300368278451
likely_fake,likely_fake,0.9557586793961276
likely_fake,likely_fake,0.9838659035273755
likely_real,likely_real,0.9848616024196235
likely_real,likely_real,0.9862212348141278
likely_real,likely_real,0.960344140674034
likely_real,likely_real,0.9085815904736912
likely_real,likely_real,0.8327082628701424
likely_fake,likely_fake,0.9685262577993562
likely_fake,likely_fake,0.9854787446650413
likely_real,likely_real,0.9627689068816867
likely_fake,likely_fake,0.9360747528353133
likely_real,likely_real,0.9835670044245658
likely_fake,likely_fake,0.9541113505242265
likely_fake,likely_fake,0.9765894787829668
likely_real,likely_real,0.9004100125027431
likely_real,likely_real,0.9830633290535699
likely_real,likely_real,0.9298873871713342
likely_real,likely_real,0.9249888129579806
likely_fake,likely_fake,0.9775275161997272
likely_fake,likely_fake,0.8816435140007807
likely_fake,likely_fake,0.957296091779213
likely_real,likely_real,0.9169916655006545
likely_real,likely_real,0.9386162618040826
likely_real,likely_real,0.9602522975997279
likely_fake,likely_fake,0.9980512933643643
likely_fake,likely_fake,0.978399161658346
likely_real,likely_real,0.9493653162357607
likely_fake,likely_fake,0.9765429134172885
likely_real,likely_real,0.9563858367504097
likely_fake,likely_fake,0.9964500908178222
likely_fake,likely_fake,0.9264073642263251
likely_fake,likely_fake,0.9346022296849099
likely_real,likely_real,0.9889281720568531
likely_fake,likely_fake,0.9696997551812118
likely_fake,likely_fake,0.9941408149313647
likely_fake,likely_fake,0.7777435204885936
likely_real,likely_real,0.9812816956553997
likely_fake,likely_fake,0.9927676306431436
likely_real,likely_real,0.9303152303533432
likely_real,likely_real,0.9739114091912879
likely_real,likely_real,0.9745883667682818
likely_real,likely_real,0.9592702388337615
likely_real,likely_real,0.9866289003710571
likely_fake,likely_fake,0.979445788584576
likely_fake,likely_fake,0.9425358067190565
likely_fake,likely_fake,0.9940827579540381
likely_fake,likely_fake,0.9723496004579663
likely_real,likely_real,0.9746918030117798
likely_real,likely_real,0.957536493856105
likely_real,likely_real,0.9676826668400951
likely_real,likely_real,0.971579884540583
likely_real,likely_real,0.9883538407847148
likely_fake,likely_fake,0.9959905543116196
likely_fake,likely_fake,0.9692554040761716
likely_fake,likely_fake,0.9242969895987336
likely_fake,likely_fake,0.996154709483467
likely_fake,likely_fake,0.9805644885497797
likely_real,likely_real,0.9478035929652379
likely_fake,likely_fake,0.9860888801743167
likely_fake,likely_fake,0.9685315152261802
likely_fake,likely_fake,0.9657182961253469
likely_real,likely_real,0.9536066440291917
likely_real,likely_real,0.9949136111013401
likely_real,likely_real,0.9826274506261751
likely_fake,likely_fake,0.9804345331601246
likely_real,likely_real,0.9764569436350472
likely_real,likely_real,0.989643891472271
likely_fake,likely_fake,0.8791262802739354
likely_real,likely_real,0.9130460222714222
likely_real,likely_real,0.8142947517783545
likely_real,likely_real,0.9733208839642662
likely_fake,likely_fake,0.9881651957374202
likely_real,likely_real,0.9650786124753672
likely_real,likely_real,0.9508542553564258
likely_real,likely_real,0.9766591245705667
likely_real,likely_real,0.9451923202165216
likely_real,likely_real,0.9786950809661961
likely_fake,likely_fake,0.8631063977449325
likely_real,likely_real,0.9917195243652002
likely_fake,likely_fake,0.9873644258221921
likely_fake,likely_fake,0.861434110908147
likely_real,likely_real,0.9928618043920435
likely_fake,likely_fake,0.898591914461436
likely_fake,likely_fake,0.9897198675028642
likely_fake,likely_fake,0.959775256465778
likely_real,likely_real,0.9579405466640052
likely_fake,likely_fake,0.9411497392839602
likely_real,likely_real,0.908732055262531
likely_fake,likely_fake,0.9761842246325435
likely_fake,likely_fake,0.9968400981206754
likely_real,likely_real,0.8499195295499754
likely_real,likely_real,0.8563085946484232
likely_fake,likely_fake,0.9861524762815024
likely_real,likely_real,0.9396572042498019
likely_real,likely_real,0.9657448954176346
likely_real,likely_real,0.9832555722314018
likely_real,likely_real,0.9754028586844982
likely_real,likely_real,0.9823052983900313
likely_fake,likely_fake,0.9876264890875319
likely_fake,likely_fake,0.987599325533947
likely_fake,likely_fake,0.990920566966461
likely_fake,likely_fake,0.9373192239346089
likely_fake,likely_fake,0.8993592685944223
likely_fake,likely_fake,0.8990819775848087
likely_fake,likely_fake,0.9964036227974165
likely_real,likely_real,0.9972720228798673
likely_fake,likely_fake,0.9679957731511339
likely_real,likely_real,0.6770605570260114
likely_real,likely_real,0.9513113649243216
likely_real,likely_real,0.9641565674901702
likely_real,likely_real,0.8712960562961167
likely_real,likely_real,0.9056585896391528
likely_fake,likely_fake,0.9910164504309772
likely_real,likely_real,0.9491759137448873
likely_fake,likely_fake,0.9897522485221091
likely_real,likely_real,0.9347083676523757
likely_fake,likely_fake,0.9786845859557464
likely_fake,likely_fake,0.6962525370599054
likely_fake,likely_fake,0.9384324983178867
likely_real,likely_real,0.8920901270488837
likely_real,likely_real,0.7296286843469075
likely_real,likely_real,0.9849908464527464
likely_fake,likely_fake,0.9257834529237293
likely_real,likely_real,0.9781632468701215
likely_real,likely_real,0.9003751339950209
likely_fake,likely_fake,0.9937229273284137
likely_fake,likely_fake,0.9874673530736022
likely_fake,likely_fake,0.9752979802789883
likely_fake,likely_fake,0.9881370752972132
likely_real,likely_real,0.9503613987000222
likely_real,likely_real,0.9077433460608826
likely_real,likely_real,0.9667408227554191
likely_fake,likely_fake,0.9741583550157419
likely_real,likely_real,0.9911086400149098
likely_real,likely_real,0.933047812944426
likely_real,likely_real,0.8603515238804268
likely_fake,likely_fake,0.9938993627935534
likely_real,likely_real,0.9597280256041196
likely_fake,likely_fake,0.9435389830304937
likely_real,likely_real,0.995310517616868
likely_real,likely_real,0.848703036786091
likely_real,likely_real,0.9142667941311589
likely_real,likely_real,0.9624268876885157
likely_real,likely_real,0.9881050376414363
likely_real,likely_real,0.9013323453268144
likely_fake,likely_fake,0.9883828776524134
likely_real,likely_real,0.685973239699493
likely_real,likely_real,0.9766710360921049
likely_fake,likely_fake,0.9746033458006025
likely_real,likely_real,0.9698038600139823
likely_fake,likely_fake,0.9677862071285511
likely_real,likely_real,0.9705363316801915
likely_fake,likely_fake,0.9331907176354266
likely_real,likely_real,0.8647866491396864
likely_fake,likely_fake,0.9958362967169662
likely_fake,likely_fake,0.9944595206496476
likely_real,likely_real,0.87340483627742
likely_fake,likely_fake,0.9689989424056917
likely_fake,likely_fake,0.987754706305358
likely_fake,likely_fake,0.7951938630808162
likely_real,likely_real,0.9848551310612004
likely_real,likely_real,0.9676692030496014
likely_real,likely_fake,0.5515865689419772
likely_real,likely_real,0.9952473615200542
likely_real,likely_real,0.9658751692499922
likely_real,likely_real,0.9292634079387312
likely_real,likely_real,0.9130582770050086
likely_real,likely_real,0.9937165263438256
likely_real,likely_real,0.9803670584812264
likely_real,likely_real,0.9770977834674732
likely_real,likely_real,0.9042863547438689
likely_real,likely_real,0.9886482353173885
likely_fake,likely_fake,0.8980518769978956
likely_real,likely_real,0.9807249640648289
likely_real,likely_real,0.9126679750199421
likely_real,likely_real,0.9907052319435656
likely_real,likely_real,0.9729246289580639
likely_fake,likely_fake,0.9541165874473099
likely_real,likely_real,0.8772052383519281
likely_fake,likely_fake,0.9910624340244999
likely_fake,likely_fake,0.815086822302468
likely_real,likely_real,0.9583108945458885
likely_fake,likely_fake,0.9937476780379457
likely_real,likely_real,0.991481799471648
likely_fake,likely_fake,0.9701376650357192
likely_real,likely_real,0.9081682729415846
likely_real,likely_real,0.9767718092059563
likely_fake,likely_fake,0.7619667754178732
likely_real,likely_real,0.9915274005338413
likely_real,likely_real,0.9509707787915233
likely_fake,likely_fake,0.8013686315936386
likely_real,likely_real,0.9829776009158552
likely_fake,likely_fake,0.9605302726573725
likely_real,likely_real,0.9460041874182121
likely_real,likely_real,0.9903652564697771
likely_real,likely_real,0.8792504950246496
likely_real,likely_real,0.9492808762848458
likely_real,likely_real,0.8969338347372454
likely_real,likely_real,0.9922375295157851
likely_fake,likely_fake,0.9755327179244759
likely_fake,likely_fake,0.9802518593462689
likely_real,likely_real,0.9885049595072082
likely_fake,likely_fake,0.9336024393295401
likely_real,likely_real,0.9732609778661621
likely_fake,likely_fake,0.9791467762027797
likely_fake,likely_fake,0.9439976803257087
likely_real,likely_real,0.9382781723179288
likely_fake,likely_fake,0.899653738514845
likely_real,likely_real,0.9894744526719517
likely_real,likely_real,0.9317055307428947
likely_real,likely_real,0.9187901315941379
likely_fake,likely_fake,0.8758442596198024
likely_real,likely_real,0.9554360040901122
likely_fake,likely_fake,0.9122022008946985
likely_real,likely_real,0.9324769811336324
likely_real,likely_real,0.9642762887924182
likely_real,likely_real,0.9364511097703714
likely_real,likely_real,0.7097032145697568
likely_real,likely_real,0.9750464961335292
likely_fake,likely_fake,0.9542890281885285
likely_fake,likely_fake,0.9882069490954132
likely_fake,likely_fake,0.9917304324327929
likely_fake,likely_fake,0.9818018020325457
likely_fake,likely_fake,0.9640639817741898
likely_real,likely_real,0.9875563507191787
likely_fake,likely_fake,0.6513861225784754
likely_fake,likely_fake,0.9720706889014606
likely_real,likely_real,0.9654718515948095
likely_real,likely_real,0.9730968788859422
likely_fake,likely_fake,0.9628291842114444
likely_fake,likely_fake,0.9897841855091108
likely_real,likely_real,0.8322269355989339
likely_fake,likely_fake,0.9639235011112641
likely_real,likely_real,0.9808082084316749
likely_real,likely_real,0.9543022381328278
likely_fake,likely_fake,0.9867368726588395
likely_real,likely_real,0.905023897136026
likely_fake,likely_fake,0.9819621492346533
likely_real,likely_real,0.76252510651051
likely_real,likely_real,0.7179330078495411
likely_fake,likely_fake,0.8562979907982889
likely_fake,likely_fake,0.9844175610154355
likely_fake,likely_fake,0.978755919168028
likely_real,likely_real,0.9971278767690712
likely_real,likely_real,0.9764488413799592
likely_fake,likely_fake,0.9893603884654124
likely_real,likely_real,0.9221815174081788
likely_fake,likely_fake,0.9947437033155517
likely_fake,likely_fake,0.9466784613928687
likely_real,likely_real,0.9770943927235104
likely_fake,likely_fake,0.9256309364282372
likely_fake,likely_fake,0.8631169087910706
likely_fake,likely_fake,0.9962088407064826
likely_fake,likely_fake,0.9701483250494938
likely_fake,likely_fake,0.5951037681795934
likely_real,likely_real,0.9827615610038782
likely_fake,likely_fake,0.7656687699027327
likely_fake,likely_fake,0.7720738149923123
likely_fake,likely_fake,0.8345119140232281
likely_real,likely_real,0.9543985022412157
likely_fake,likely_fake,0.9874924063718552
likely_real,likely_real,0.9544985647885799
likely_real,likely_real,0.9853140361210978
likely_real,likely_real,0.9382683680041338
likely_real,likely_real,0.9139376843604765
likely_fake,likely_fake,0.9788812980459536
likely_real,likely_real,0.9396107023925779
likely_fake,likely_fake,0.967992971884473
likely_fake,likely_fake,0.9720277857724527
likely_fake,likely_fake,0.9947539023565511
likely_real,likely_real,0.9789932006284208
likely_fake,likely_fake,0.9909365362615005
likely_fake,likely_fake,0.9405923400135258
likely_real,likely_real,0.9872438225475426
likely_real,likely_real,0.9930207697090015
likely_fake,likely_fake,0.9904163481514929
likely_fake,likely_fake,0.9851627575664006
likely_real,likely_real,0.977000864263698
likely_fake,likely_fake,0.9819096469991974
likely_real,likely_real,0.9765335217702192
likely_fake,likely_fake,0.9544364530182904
likely_real,likely_real,0.9427624073961276
likely_real,likely_real,0.9558506318785776
likely_real,likely_real,0.9782200749835234
likely_real,likely_real,0.8976028688324811
likely_real,likely_real,0.967575236140219
likely_real,likely_real,0.9189157980351288
likely_fake,likely_fake,0.9001076490106618
likely_fake,likely_fake,0.9925375462399355
likely_real,likely_real,0.9622170949889811
likely_real,likely_real,0.9387437494920788
likely_fake,likely_fake,0.9944192785195988
likely_real,likely_real,0.9486231410321082
likely_real,likely_real,0.9601202029818527
likely_fake,likely_fake,0.9024937782272615
likely_real,likely_real,0.9694033409722693
likely_fake,likely_fake,0.9863385815777271
likely_real,likely_real,0.9912840141376184
likely_fake,likely_fake,0.9654474106977005
likely_fake,likely_fake,0.8947846776534895
likely_real,likely_real,0.992528572860421
likely_real,likely_real,0.9922278752837567
likely_real,likely_real,0.9253105436062968
likely_real,likely_real,0.8977157839561642
likely_fake,likely_fake,0.9817817911215989
likely_real,likely_real,0.9051582561072539
likely_real,likely_real,0.9420981269998427
likely_fake,likely_fake,0.9938820911561077
likely_real,likely_real,0.8576223852613506
likely_real,likely_real,0.949265807529436
likely_fake,likely_fake,0.9940430445066915
likely_real,likely_real,0.9840053690824876
likely_fake,likely_fake,0.9869719962363833
likely_fake,likely_fake,0.5040632190829784
likely_fake,likely_fake,0.9753298848165535
likely_fake,likely_fake,0.9927169216783303
likely_fake,likely_fake,0.8442383666256257
likely_fake,likely_fake,0.9855991185964849
likely_real,likely_real,0.9685426941397127
likely_real,likely_real,0.8910306030344366
likely_fake,likely_fake,0.9824837207912582
likely_real,likely_real,0.9769518210595719
likely_fake,likely_fake,0.9922555990359043
likely_fake,likely_fake,0.9554180556944053
likely_fake,likely_fake,0.9730996314210293
likely_real,likely_real,0.8840223014129441
likely_fake,likely_fake,0.9483195127914852
likely_real,likely_real,0.9922380536988247
likely_fake,likely_fake,0.9683783749611067
likely_real,likely_real,0.9587868216269372
likely_real,likely_real,0.9692716761667309
likely_real,likely_real,0.9665662072819324
likely_real,likely_real,0.9629745724219951
likely_fake,likely_fake,0.9768372523984548
likely_real,likely_real,0.9673594780812025
likely_fake,likely_fake,0.9814121331033635
likely_real,likely_real,0.9334915967848146
likely_real,likely_real,0.8652773078989356
likely_fake,likely_fake,0.9348426854845142
likely_fake,likely_fake,0.9373147233817064
likely_fake,likely_fake,0.9443215168170752
likely_fake,likely_fake,0.9963552496816108
likely_real,likely_real,0.9087985115599659
likely_real,likely_real,0.967543709071333
likely_fake,likely_fake,0.9565878658062847
likely_real,likely_real,0.9878713957299096
likely_real,likely_real,0.8761095658326026
likely_fake,likely_fake,0.9925888103094034
likely_fake,likely_fake,0.9343318415629207
likely_fake,likely_fake,0.9820405323704224
likely_real,likely_real,0.9342513794554954
likely_real,likely_real,0.5991548722317835
likely_real,likely_real,0.9865219870561394
likely_fake,likely_fake,0.9957133215837339
likely_real,likely_real,0.9898295247618719
likely_fake,likely_fake,0.9830565578553021
likely_real,likely_real,0.9124779029860883
likely_fake,likely_fake,0.95788900602182
likely_real,likely_real,0.9799273091805547
likely_real,likely_real,0.8511440136863211
likely_real,likely_real,0.9731337790437297
likely_real,likely_real,0.8876063359931384
likely_fake,likely_fake,0.8998817127987636
likely_fake,likely_fake,0.9904247733944951
likely_real,likely_real,0.9695686399368131
likely_fake,likely_fake,0.9611248928920262
likely_fake,likely_fake,0.9114193764667796
likely_real,likely_real,0.9609527320005086
likely_real,likely_fake,0.6620869252298374
likely_fake,likely_fake,0.994609196915304
likely_fake,likely_fake,0.9789428019693164
likely_real,likely_real,0.990104133022601
likely_real,likely_real,0.8528131780251667
likely_real,likely_real,0.9101764477547137
likely_real,likely_real,0.9604752346318641
likely_real,likely_real,0.9838809608130274
likely_fake,likely_fake,0.8733950208592354
likely_real,likely_real,0.9424459524909785
likely_real,likely_real,0.9852541302028627
likely_fake,likely_fake,0.991611752894891
likely_real,likely_real,0.9696649599838135
likely_fake,likely_fake,0.922968174774762
likely_real,likely_real,0.968561676689863
likely_fake,likely_fake,0.9960869281726747
likely_real,likely_real,0.9899548885762608
likely_real,likely_real,0.9881080698098046
likely_real,likely_real,0.9825553426579647
likely_real,likely_real,0.9904269525884539
likely_fake,likely_fake,0.9957642223205303
likely_real,likely_real,0.9857609666453765
likely_real,likely_real,0.9952790200240775
likely_real,likely_real,0.9801377267833131
likely_fake,likely_fake,0.7420873368954282
likely_real,likely_real,0.9007811614000288
likely_real,likely_real,0.8680198556580039
likely_real,likely_real,0.9910468642933006
likely_real,likely_real,0.9710297808416091
likely_real,likely_real,0.9687968683869596
likely_fake,likely_fake,0.9964900837816468
likely_fake,likely_fake,0.9970755008262919
likely_real,likely_real,0.9774487892855763
likely_fake,likely_fake,0.9795619751297105
likely_real,likely_real,0.9378142728019697
likely_real,likely_real,0.9004888349965334
likely_fake,likely_fake,0.9015532619881743
likely_real,likely_real,0.9658923050273605
likely_fake,likely_fake,0.861666342217268
likely_real,likely_real,0.9806829861685082
likely_fake,likely_fake,0.8597561643087117
likely_fake,likely_fake,0.9809281224729646
likely_fake,likely_fake,0.7715932601929443
likely_fake,likely_fake,0.965246990144628
likely_real,likely_real,0.8934030541163636
likely_fake,likely_fake,0.9755986764764002
likely_fake,likely_fake,0.9856204085697716
likely_real,likely_real,0.9918679929812896
likely_real,likely_real,0.9708899814409521
likely_real,likely_real,0.8728818105348634
likely_real,likely_real,0.9834153618979047
likely_real,likely_real,0.9581407936532776
likely_real,likely_real,0.9682975003927614
likely_fake,likely_fake,0.9953965492542654
likely_real,likely_real,0.8554796587147419
likely_real,likely_real,0.8308451503154853
likely_real,likely_real,0.9051399512117723
likely_real,likely_real,0.9929495564700197
likely_real,likely_real,0.9598223572807375
likely_real,likely_real,0.9835252849853159
likely_fake,likely_fake,0.9549908545186696
likely_real,likely_real,0.8518578071204553
likely_fake,likely_fake,0.9662333441132143
likely_real,likely_real,0.9374742825870042
likely_real,likely_real,0.8851691880854602
likely_fake,likely_fake,0.9861186403318084
likely_real,likely_real,0.9958913179996324
likely_real,likely_real,0.8844422347615953
likely_real,likely_real,0.9794038294515869
likely_real,likely_real,0.9833573365788921
likely_real,likely_real,0.8319155178542019
likely_fake,likely_fake,0.9772685466480806
likely_real,likely_real,0.9454565560153766
likely_real,likely_real,0.8955382523410244
likely_real,likely_real,0.953352255704618
likely_fake,likely_fake,0.7777350930623237
likely_fake,likely_fake,0.700281674652323
likely_fake,likely_fake,0.9961492540734116
likely_real,likely_real,0.7885996622493429
likely_real,likely_real,0.5731262078627073
likely_fake,likely_fake,0.9890326819071988
likely_real,likely_real,0.9504087817123467
likely_fake,likely_fake,0.9940378956378247
likely_real,likely_real,0.8969962200494837
likely_fake,likely_fake,0.9460502142184345
likely_fake,likely_fake,0.8958626072781496
likely_real,likely_real,0.9831306990084994
likely_real,likely_real,0.9286492153772603
likely_fake,likely_fake,0.8495271471205181
likely_fake,likely_fake,0.8765703802722303
likely_real,likely_real,0.9826697147655475
likely_real,likely_real,0.9536021343041932
likely_fake,likely_fake,0.9886121826918713
likely_real,likely_real,0.9290126536001659
likely_real,likely_real,0.9783278821112694
likely_fake,likely_fake,0.9554549934023663
likely_real,likely_real,0.914647752309037
likely_real,likely_real,0.9912540352625713
likely_fake,likely_fake,0.9943107939554151
likely_real,likely_real,0.9838306740483738
likely_real,likely_real,0.953711472890319
likely_fake,likely_fake,0.8902195636286896
likely_real,likely_real,0.9269428935907742
likely_real,likely_real,0.9917217223018895
likely_fake,likely_fake,0.9771322850693743
likely_fake,likely_fake,0.867557186898242
likely_real,likely_real,0.8664687575786283
likely_fake,likely_fake,0.9632145353634025
likely_real,likely_real,0.983009647700623
likely_fake,likely_fake,0.954242823370319
likely_real,likely_real,0.7998193764741297
likely_real,likely_real,0.944382680063488
likely_real,likely_real,0.9410253387632269
likely_real,likely_real,0.9929279437169128
likely_fake,likely_fake,0.9912315244167725
likely_real,likely_real,0.6509481192717171
likely_real,likely_real,0.9858689470048073
likely_fake,likely_fake,0.9597498933429542
likely_fake,likely_fake,0.9593909776082128
likely_real,likely_real,0.9630289300433346
likely_real,likely_real,0.9255882138554902
likely_fake,likely_fake,0.9195850641452544
likely_real,likely_real,0.9246724181757731
likely_real,likely_real,0.9189005473347983
likely_real,likely_real,0.9397664330025801
likely_real,likely_real,0.8948160088747497
likely_real,likely_real,0.9541980226649847
likely_real,likely_real,0.9516756304030706
likely_real,likely_real,0.9800434395004964
likely_real,likely_real,0.9231903689019634
likely_fake,likely_fake,0.9857972788715815
likely_real,likely_real,0.9807986870349672
likely_fake,likely_fake,0.9848781640478388
likely_real,likely_real,0.9773438159013805
likely_real,likely_real,0.9459901359464417
likely_fake,likely_fake,0.9656082312855323
likely_fake,likely_fake,0.9202149667505921
likely_fake,likely_fake,0.9176461412288727
likely_fake,likely_fake,0.9949107416622143
likely_fake,likely_fake,0.9835184502325085
likely_real,likely_real,0.907779651572913
likely_real,likely_real,0.9550996749722978
likely_fake,likely_fake,0.9918993745121032
likely_real,likely_real,0.9793663891197345
likely_real,likely_real,0.9643608732023433
likely_real,likely_real,0.9420961279122119
likely_real,likely_real,0.9597317974193813
likely_fake,likely_fake,0.96659944152888
likely_fake,likely_fake,0.9908430788006101
likely_fake,likely_fake,0.9918397040934052
likely_real,likely_real,0.9498007179201163
likely_real,likely_real,0.9832114975969962
likely_fake,likely_fake,0.929563031121467
likely_fake,likely_fake,0.9593214937871546
likely_fake,likely_fake,0.9689769794175892
likely_fake,likely_fake,0.917230113104876
likely_real,likely_real,0.979412932171548
likely_real,likely_real,0.9901827305176021
likely_fake,likely_fake,0.960787096955136
likely_fake,likely_fake,0.9905019674214951
likely_fake,likely_fake,0.8956567609348093
likely_real,likely_real,0.9451010541398098
likely_real,likely_real,0.9884690750466917
likely_fake,likely_fake,0.9969225064594901
likely_real,likely_real,0.9378295703109027
likely_real,likely_real,0.9697059840068288
likely_fake,likely_fake,0.9811836405892657
likely_fake,likely_fake,0.9562341611720375
likely_fake,likely_fake,0.9781741668152218
likely_real,likely_real,0.9869452611520196
likely_real,likely_real,0.9796046822306633
likely_fake,likely_fake,0.9873216457111657
likely_real,likely_real,0.9612051998750974
likely_fake,likely_fake,0.9825655383468285
likely_real,likely_real,0.5725335436662435
likely_fake,likely_fake,0.8150978658401372
likely_fake,likely_fake,0.963984320032081
likely_fake,likely_fake,0.9900230062231639
likely_real,likely_real,0.9700116849164442
likely_fake,likely_fake,0.5801248736219969
likely_fake,likely_fake,0.942133046067214
likely_real,likely_real,0.5632470207980669
likely_fake,likely_fake,0.8223905558550356
likely_fake,likely_fake,0.9963411677205972
likely_fake,likely_fake,0.9731720122399146
likely_fake,likely_fake,0.9915244958344762
likely_real,likely_real,0.9789938310941388
likely_fake,likely_fake,0.8938177848340767
likely_fake,likely_fake,0.7799575217111155
likely_real,likely_real,0.9353353210163287
likely_real,likely_real,0.9183929634914638
likely_fake,likely_fake,0.7804338744945074
likely_real,likely_real,0.9332431519806079
likely_real,likely_real,0.8289446805455969
likely_real,likely_real,0.9777801000516334
likely_real,likely_real,0.9823285539282485
likely_fake,likely_fake,0.9421429349153589
likely_fake,likely_fake,0.9573947831804381
likely_fake,likely_fake,0.9840725117202632
likely_real,likely_real,0.9392146638763541
likely_fake,likely_fake,0.9859276296082098
likely_real,likely_real,0.9488952954785067
likely_real,likely_real,0.7880693126091026
likely_fake,likely_fake,0.985535865755162
likely_fake,likely_fake,0.9609143594709775
likely_real,likely_real,0.9378325159781972
likely_fake,likely_fake,0.8804845654101822
likely_fake,likely_fake,0.9914912077045144
likely_real,likely_real,0.825430518733746
likely_real,likely_real,0.9827345162512355
likely_real,likely_real,0.9435284657828978
likely_real,likely_real,0.9248411588457038
likely_real,likely_real,0.986164171226659
likely_real,likely_real,0.9907013260356438
likely_fake,likely_fake,0.99188864928726
likely_fake,likely_fake,0.9925714741018202
likely_fake,likely_fake,0.9892685782676147
likely_real,likely_real,0.9233516568427672
likely_real,likely_real,0.9256430957544532
likely_real,likely_real,0.9777929553884397
likely_real,likely_real,0.9924904809465804
likely_real,likely_real,0.9898938330075157
likely_real,likely_real,0.9710081616288078
likely_real,likely_real,0.9743497835385522
likely_fake,likely_fake,0.9810517059891125
likely_real,likely_real,0.9703352918030006
likely_real,likely_real,0.9889250570239613
likely_real,likely_real,0.9920215732368383
likely_real,likely_real,0.9963681481278949
likely_fake,likely_fake,0.973625396657244
likely_real,likely_real,0.9312151604913727
likely_fake,likely_fake,0.9361759555496154
likely_fake,likely_fake,0.8929277611344073
likely_real,likely_real,0.9524347770601743
likely_real,likely_real,0.9825887703074458
likely_fake,likely_fake,0.7501017748124881
likely_fake,likely_fake,0.9843580753270146
likely_real,likely_real,0.9742769584554918
likely_fake,likely_fake,0.998277848445427
likely_real,likely_real,0.812752834534877
likely_fake,likely_fake,0.9067680553605895
likely_fake,likely_fake,0.9447531050102418
likely_fake,likely_fake,0.9231604893612546
likely_real,likely_real,0.9136251819368045
likely_real,likely_real,0.9503189185404727
likely_fake,likely_fake,0.9865872589944645
likely_fake,likely_fake,0.8974022983645693
likely_real,likely_real,0.9337952723881716
likely_fake,likely_fake,0.9947247240948477
likely_fake,likely_fake,0.9875794292899154
likely_real,likely_real,0.9193129338747894
likely_real,likely_real,0.9685148523558808
likely_real,likely_real,0.9378457370310507
likely_real,likely_real,0.9731069783242561
likely_real,likely_real,0.9687190366995101
likely_fake,likely_fake,0.977156241784923
likely_fake,likely_fake,0.9935078559178608
likely_real,likely_real,0.8922111419873295
likely_real,likely_real,0.9545478059037669
likely_real,likely_real,0.606635435543877
likely_real,likely_real,0.9957142149568681
likely_real,likely_real,0.9962117994905397
likely_fake,likely_fake,0.9931102808991688
likely_real,likely_real,0.9788323895121697
likely_fake,likely_fake,0.9429720489329219
likely_fake,likely_fake,0.9495536280816631
likely_fake,likely_fake,0.99323783497247
likely_fake,likely_fake,0.9884183000413121
likely_real,likely_real,0.9956793643741553
likely_real,likely_real,0.9951448883536921
likely_fake,likely_fake,0.9808539205584292
likely_real,likely_real,0.9903044790656003
likely_real,likely_real,0.9845589661298152
likely_real,likely_real,0.984348368774771
likely_real,likely_real,0.9957044191379595
likely_fake,likely_real,0.5563092906660524
likely_real,likely_real,0.8839502729211512
likely_real,likely_real,0.9747867447934416
likely_fake,likely_fake,0.9711822263538631
likely_real,likely_real,0.9788429163496778
likely_real,likely_real,0.9468831222247093
likely_fake,likely_fake,0.9516016646886435
likely_real,likely_real,0.9869953957854463
likely_fake,likely_fake,0.985766239890323
likely_fake,likely_fake,0.9602702897539449
likely_real,likely_real,0.8193694285491252
likely_real,likely_real,0.966828640941108
likely_real,likely_real,0.9564364482053768
likely_real,likely_real,0.9874856097723885
likely_fake,likely_fake,0.9906333931020554
likely_real,likely_real,0.9419816273557564
likely_real,likely_real,0.8569905824531149
likely_real,likely_real,0.9878676850224964
likely_real,likely_real,0.7019527983719944
likely_real,likely_real,0.9933285606037058
likely_fake,likely_fake,0.8428661279024368
likely_real,likely_real,0.9326832447836676
likely_fake,likely_fake,0.9596683565507925
likely_fake,likely_fake,0.7855811912280608
likely_fake,likely_fake,0.978008294543896
likely_real,likely_real,0.9893755470223714
likely_fake,likely_fake,0.94799069219354
likely_fake,likely_fake,0.9788026526017175
likely_fake,likely_real,0.5751092742092797
likely_real,likely_real,0.6847774961883075
likely_real,likely_real,0.983184932137574
likely_fake,likely_fake,0.913517545651907
likely_real,likely_real,0.9646054477839968
likely_fake,likely_fake,0.9521933731288756
likely_fake,likely_fake,0.9858890907791394
likely_real,likely_real,0.9955957794911695
likely_real,likely_fake,0.9181048575094594
likely_real,likely_real,0.9899037831762221
likely_fake,likely_fake,0.9541486474115125
likely_real,likely_real,0.6512866561062046
likely_fake,likely_fake,0.9841279748312042
likely_real,likely_real,0.9690442214098424
likely_real,likely_real,0.9849890039884495
likely_fake,likely_fake,0.9896264824243513
likely_fake,likely_fake,0.9852964555397342
likely_real,likely_real,0.9537254288510727
likely_real,likely_real,0.9914593629501016
likely_fake,likely_fake,0.9936872415699868
likely_fake,likely_fake,0.6815729765389056
likely_real,likely_real,0.9876721860883848
likely_fake,likely_fake,0.9878399464690205
likely_fake,likely_fake,0.9954685967399913
likely_real,likely_real,0.8369879548218205
likely_real,likely_real,0.929031821144818
likely_real,likely_real,0.9747966442784832
likely_fake,likely_fake,0.9974563894473053
likely_real,likely_real,0.9921863226818505
likely_fake,likely_fake,0.9227503730253083
likely_real,likely_real,0.9845088120014532
likely_real,likely_real,0.9779326733329844
likely_real,likely_real,0.9669657297785651
likely_fake,likely_fake,0.9861976380420133
likely_fake,likely_fake,0.998240288986107
likely_fake,likely_fake,0.6298307545804056
likely_real,likely_real,0.9873835427825537
likely_fake,likely_fake,0.9815145928373195
likely_fake,likely_fake,0.907938034767401
likely_real,likely_real,0.88303957112775
likely_real,likely_real,0.9028481387344152
likely_real,likely_real,0.9013428089493741
likely_fake,likely_fake,0.9077997367361942
likely_fake,likely_fake,0.9391821532238757
likely_fake,likely_fake,0.9728390139988808
likely_real,likely_real,0.9814822288884927
likely_real,likely_real,0.9862235881947917
likely_real,likely_real,0.9579460275044002
likely_fake,likely_fake,0.9948546009486032
likely_real,likely_real,0.9688722463863001
likely_real,likely_real,0.9750649799828154
likely_fake,likely_fake,0.9579124841881366
likely_real,likely_real,0.9059095338708673
likely_real,likely_real,0.9922155480281749
likely_fake,likely_fake,0.9429873600561216
likely_real,likely_real,0.9777284289881203
likely_real,likely_real,0.9813569411889715
likely_fake,likely_fake,0.9979797745297542
likely_real,likely_real,0.9480094153065245
likely_fake,likely_fake,0.8776873248989419
likely_fake,likely_fake,0.946110216583522
likely_fake,likely_fake,0.9768539751953307
likely_fake,likely_fake,0.9619204978560757
likely_real,likely_real,0.9823986112730344
likely_fake,likely_fake,0.9514711942280617
likely_fake,likely_fake,0.9954268958033743
likely_fake,likely_fake,0.9975516202838863
likely_real,likely_real,0.986059390302101
likely_fake,likely_fake,0.9732847469171569
likely_fake,likely_fake,0.5121873906721623
likely_real,likely_real,0.965208589916503
likely_fake,likely_fake,0.9180415033522918
likely_fake,likely_fake,0.9218404893543265
likely_real,likely_real,0.968080790597695
likely_fake,likely_fake,0.8563243012218311
likely_real,likely_real,0.9883078561475409
likely_real,likely_real,0.9423981923782994
likely_fake,likely_fake,0.8773347207729297
likely_real,likely_real,0.9932892884352511
likely_real,likely_real,0.9719328986323469
likely_fake,likely_fake,0.9853511922839429
likely_real,likely_real,0.977847421749306
likely_real,likely_real,0.980926844101223
likely_fake,likely_fake,0.993770808926281
likely_fake,likely_fake,0.9930268978142028
likely_fake,likely_fake,0.7981768934664337
likely_fake,likely_fake,0.9543242197660654
likely_real,likely_real,0.9792119675244538
likely_fake,likely_fake,0.9447718995162219
likely_fake,likely_fake,0.7984381316125694
likely_real,likely_real,0.8284729802019374
likely_fake,likely_fake,0.9172580078030526
likely_real,likely_real,0.9952620966108119
likely_fake,likely_fake,0.916802411290034
likely_fake,likely_fake,0.9869389345085408
likely_real,likely_real,0.9759575391159127
likely_real,likely_real,0.9680500397127094
likely_fake,likely_fake,0.9961451519401789
likely_real,likely_real,0.9905800607210621
likely_fake,likely_fake,0.9459371041956061
likely_real,likely_real,0.9663339810006767
likely_real,likely_real,0.874480167424276
likely_fake,likely_fake,0.998098506168613
likely_real,likely_real,0.9790966149238602
likely_real,likely_real,0.9913291281850944
likely_real,likely_real,0.913241617245053
likely_fake,likely_fake,0.8297108392625818
likely_real,likely_real,0.9730387012113716
likely_real,likely_real,0.9589901174726061
likely_real,likely_real,0.9915233899388579
likely_real,likely_real,0.9144964868479748
likely_real,likely_real,0.9728634959993407
likely_real,likely_real,0.924949664704563
likely_fake,likely_fake,0.9742454658007045
likely_real,likely_real,0.8781822341042075
likely_real,likely_real,0.9549919726325081
likely_real,likely_real,0.9254570069293961
likely_real,likely_real,0.8645512982127319
likely_fake,likely_fake,0.9827239215532293
likely_real,likely_real,0.9601617321098471
likely_fake,likely_fake,0.9977630279384313
likely_real,likely_real,0.997199732902966
likely_fake,likely_fake,0.9921228832433714
likely_real,likely_real,0.9234105091081561
likely_real,likely_real,0.9826071176553082
likely_real,likely_real,0.9525815838697639
likely_real,likely_real,0.9044525175604441
likely_fake,likely_fake,0.9626008596348028
likely_real,likely_real,0.906153616545832
likely_real,likely_real,0.848036376256404
likely_real,likely_real,0.9802215000149453
likely_real,likely_real,0.9411361820434146
likely_real,likely_real,0.6583127049788386
likely_real,likely_real,0.9551619392881776
likely_fake,likely_fake,0.9791431948686444
likely_real,likely_real,0.9298967792206968
likely_fake,likely_fake,0.94083072575983
likely_real,likely_real,0.9532728393644571
likely_fake,likely_fake,0.9886122940505164
likely_fake,likely_fake,0.8514628410988512
likely_fake,likely_fake,0.9883209513957398
likely_real,likely_real,0.9787731373003152
likely_real,likely_real,0.9493524686539212
likely_fake,likely_fake,0.9893564332194654
likely_fake,likely_fake,0.9843827875764036
likely_real,likely_real,0.9783979722457843
likely_fake,likely_fake,0.9312051451198881
likely_real,likely_real,0.8548160815766419
likely_fake,likely_fake,0.5669589830009201
likely_fake,likely_fake,0.8775860732257986
likely_real,likely_real,0.974922450152573
likely_fake,likely_fake,0.9383148477309099
likely_real,likely_real,0.9844342658674785
likely_fake,likely_fake,0.9771800473185243
likely_real,likely_real,0.9864436790028651
likely_fake,likely_fake,0.9816425900204279
likely_real,likely_real,0.9735649564367393
likely_real,likely_real,0.9314601288885642
likely_fake,likely_fake,0.8763217328901532
likely_real,likely_real,0.8980456323333647
likely_fake,likely_fake,0.9922433178460789
likely_real,likely_real,0.9842445285851815
likely_fake,likely_fake,0.8839499484866925
likely_real,likely_real,0.8138128300118866
likely_fake,likely_fake,0.8384362854829907
likely_fake,likely_fake,0.8997605935451463
likely_fake,likely_fake,0.979886619213388
likely_real,likely_real,0.9588697723311661
likely_real,likely_real,0.9971006671237892
likely_real,likely_real,0.9809502512635816
likely_real,likely_real,0.9877965216781746
likely_fake,likely_fake,0.9942866747265131
likely_fake,likely_fake,0.9928640588244624
likely_fake,likely_fake,0.9804847798113824
likely_real,likely_real,0.9783889547556032
likely_fake,likely_fake,0.9866787418403561
likely_real,likely_real,0.9879175723181454
likely_real,likely_real,0.8968319184082728
likely_fake,likely_fake,0.9772255133911673
likely_fake,likely_fake,0.882415721905455
likely_fake,likely_fake,0.9259419584043894
likely_real,likely_real,0.7184899962034065
likely_fake,likely_fake,0.9099306723051847
likely_fake,likely_real,0.5783513781442366
likely_real,likely_real,0.9778025988706239
likely_real,likely_real,0.9356231255147337
likely_fake,likely_fake,0.9873744928412194
likely_fake,likely_fake,0.9463082175303059
likely_real,likely_real,0.9521538245175419
likely_fake,likely_fake,0.9942924562854032
likely_real,likely_real,0.9512818080366364
likely_fake,likely_fake,0.9920197919294632
likely_real,likely_real,0.9485582148250528
likely_fake,likely_fake,0.9883993669419414
likely_real,likely_real,0.9661955109120063
likely_real,likely_real,0.9855128843575647
likely_real,likely_real,0.9614656112253304
likely_real,likely_real,0.9400432176553023
likely_real,likely_real,0.9485752556936476
likely_fake,likely_fake,0.9262850079606082
likely_real,likely_real,0.9766728790612798
likely_real,likely_real,0.8695243508388512
likely_real,likely_real,0.9825785171393668
likely_real,likely_real,0.9899897428862998
likely_fake,likely_fake,0.9784032179478243
likely_real,likely_real,0.9662420810291504
likely_real,likely_real,0.8563303726417406
likely_fake,likely_fake,0.9915299578521296
likely_real,likely_real,0.9529473896112136
likely_fake,likely_fake,0.9389263458969713
likely_real,likely_real,0.9771848973834368
likely_fake,likely_fake,0.9789933854208367
likely_real,likely_real,0.9615182928349322
likely_real,likely_real,0.9826240685148135
likely_real,likely_real,0.9571318690506783
likely_real,likely_real,0.8706317079266722
likely_fake,likely_fake,0.9972182366126311
likely_real,likely_real,0.9924110131147653
likely_fake,likely_fake,0.8603604121272775
likely_real,likely_real,0.9577721418175709
likely_fake,likely_fake,0.9661062285519764
likely_fake,likely_fake,0.9242540392034476
likely_fake,likely_fake,0.9715411212676078
likely_real,likely_real,0.9680766952105114
likely_fake,likely_fake,0.6357249954649756
likely_fake,likely_fake,0.9917013489533176
likely_real,likely_real,0.9449814287581374
likely_fake,likely_fake,0.8325030717088251
likely_real,likely_real,0.9566338755615766
likely_fake,likely_real,0.5063575850492485
likely_real,likely_real,0.9504349257543542
likely_real,likely_real,0.9862653022329473
likely_real,likely_real,0.9865130814896697
likely_real,likely_real,0.9195145245120538
likely_real,likely_real,0.9712367405153178
likely_real,likely_real,0.9784295001686495
likely_fake,likely_fake,0.9484068000204764
likely_fake,likely_fake,0.9775784721734103
likely_real,likely_real,0.8338942409115371
likely_fake,likely_real,0.7321284070420225
likely_real,likely_real,0.9550016479838962
likely_fake,likely_fake,0.9644573198652018
likely_fake,likely_fake,0.8470661774971966
likely_fake,likely_fake,0.9924163826636648
likely_real,likely_real,0.9775341962722017
likely_fake,likely_fake,0.9882117892013608
likely_real,likely_real,0.9658526258895764
likely_real,likely_real,0.9409725239140195
likely_real,likely_real,0.9882154075158512
likely_real,likely_real,0.9731580193440842
likely_real,likely_real,0.8853057794722217
likely_fake,likely_fake,0.9838913107985398
likely_real,likely_real,0.938703572144722
likely_fake,likely_fake,0.9988948491623698
likely_real,likely_real,0.9661110684505684
likely_fake,likely_fake,0.9950247341657403
likely_fake,likely_fake,0.926776214545822
likely_real,likely_real,0.9796698174727589
likely_fake,likely_fake,0.9727909789157492
likely_fake,likely_fake,0.9597317240756672
likely_fake,likely_fake,0.7521293944150924
likely_real,likely_real,0.9687276142959528
likely_real,likely_real,0.9760922297540957
likely_real,likely_real,0.9891893948508146
likely_real,likely_real,0.971763856588269
likely_real,likely_real,0.9851337832572701
likely_real,likely_real,0.9574780060651025
likely_fake,likely_fake,0.9282847552111159
likely_fake,likely_fake,0.9798147216029277
likely_real,likely_real,0.9622564329529737
likely_real,likely_real,0.98019736772208
likely_fake,likely_fake,0.864991397487854
likely_real,likely_real,0.9687221543873044
likely_real,likely_real,0.9876432053956072
likely_real,likely_real,0.9468505720122756
likely_real,likely_real,0.9885381364034505
likely_real,likely_real,0.9783632294707288
likely_fake,likely_fake,0.9637133817409551
likely_real,likely_real,0.9434265334383174
likely_fake,likely_fake,0.9256938989113823
likely_real,likely_real,0.9499379726599445
likely_real,likely_real,0.9572571161839248
likely_real,likely_real,0.9921103327839068
likely_real,likely_real,0.977965724797859
likely_real,likely_real,0.9030204944347784
likely_fake,likely_fake,0.97387127116705
likely_real,likely_real,0.9779174363812266
likely_real,likely_real,0.9919723957216451
likely_fake,likely_fake,0.981632479504709
likely_fake,likely_fake,0.996219730858192
likely_real,likely_real,0.8974295751755618
likely_fake,likely_fake,0.9890777116957472
likely_fake,likely_fake,0.9871361134012244
likely_real,likely_real,0.925559098754358
likely_real,likely_real,0.994135934939405
likely_real,likely_real,0.9934253703088426
likely_fake,likely_fake,0.9506762127293311
likely_fake,likely_fake,0.997036565880653
likely_real,likely_real,0.9763135055649791
likely_real,likely_real,0.9424198237848915
likely_fake,likely_fake,0.9714870709875322
likely_fake,likely_fake,0.9905451273917026
likely_real,likely_real,0.9709219354439691
likely_real,likely_real,0.9128021025388817
likely_fake,likely_fake,0.9957028302095805
likely_fake,likely_fake,0.9775273648686171
likely_fake,likely_fake,0.8992600616473112
likely_real,likely_real,0.9768965872331559
likely_fake,likely_fake,0.9848229872335703
likely_real,likely_real,0.9358209351746639
likely_fake,likely_fake,0.9338750029079473
likely_fake,likely_fake,0.9756569819462302
likely_fake,likely_fake,0.9881740164875887
likely_fake,likely_fake,0.9843353839586102
likely_real,likely_real,0.9620190377289795
likely_real,likely_real,0.9296850756883898
likely_fake,likely_fake,0.9909692824355898
likely_fake,likely_fake,0.8331635347174426
likely_real,likely_real,0.9856105867467999
likely_fake,likely_fake,0.997356497037323
likely_real,likely_real,0.8949418777637771
likely_real,likely_real,0.9835622410346547
likely_fake,likely_fake,0.9856014643813316
likely_fake,likely_fake,0.9824241507388398
likely_fake,likely_fake,0.9883670082949104
likely_fake,likely_fake,0.9912856999862594
likely_fake,likely_fake,0.9399426376307024
likely_real,likely_real,0.9493754420729216
likely_fake,likely_fake,0.9908937747307242
likely_fake,likely_fake,0.9902963019432265
likely_real,likely_real,0.9841911591734506
likely_real,likely_real,0.9772938313628242
likely_real,likely_real,0.974174248004464
likely_real,likely_real,0.9389658692658785
likely_fake,likely_fake,0.8845990593466169
likely_real,likely_real,0.8661563603161595
likely_fake,likely_fake,0.9941854361950172
likely_real,likely_real,0.9956125616048166
likely_real,likely_real,0.7534581284883191
likely_fake,likely_fake,0.9974798534388587
likely_real,likely_real,0.9885678634720451
likely_fake,likely_fake,0.9394191343429326
likely_fake,likely_fake,0.9886202372489216
likely_fake,likely_fake,0.9390036477199476
likely_fake,likely_fake,0.9945805450817767
likely_fake,likely_fake,0.9831117802304823
likely_fake,likely_fake,0.9967375443232426
likely_real,likely_real,0.9936436404598012
likely_real,likely_real,0.9425678718957312
likely_fake,likely_fake,0.9923559664542635
likely_real,likely_real,0.9643432141724787
likely_real,likely_real,0.9695816642394263
likely_fake,likely_fake,0.9232717466610153
likely_real,likely_real,0.9562764762162871
likely_real,likely_real,0.9761718111795943
likely_real,likely_real,0.9467602562060198
likely_real,likely_real,0.976554495247749
likely_fake,likely_fake,0.9178006006939498
likely_real,likely_real,0.9034287085859918
likely_real,likely_real,0.6053754532540563
likely_fake,likely_fake,0.9982249259237932
likely_fake,likely_fake,0.9956612779204509
likely_fake,likely_fake,0.9732120648966308
likely_real,likely_real,0.9726822649742229
likely_real,likely_real,0.9746094626685738
likely_fake,likely_fake,0.9884357726612194
likely_fake,likely_fake,0.984892551082373
likely_real,likely_real,0.948496691937519
likely_real,likely_real,0.9884305583368033
likely_fake,likely_fake,0.9666986848097977
likely_real,likely_real,0.9929309223987388
likely_fake,likely_fake,0.9943750228694344
likely_real,likely_real,0.9548479155140881
likely_fake,likely_fake,0.9991325697317733
likely_real,likely_real,0.9375205592696086
likely_real,likely_real,0.8465427309160721
likely_fake,likely_fake,0.9649592825164963
likely_fake,likely_fake,0.9947502599816703
likely_real,likely_real,0.98695058515705
likely_real,likely_real,0.9094893941744161
likely_real,likely_real,0.9322117906126506
likely_fake,likely_fake,0.9929665405843816
likely_fake,likely_fake,0.9878183803637878
likely_real,likely_real,0.770423758412967
likely_fake,likely_fake,0.9132053392049434
likely_real,likely_real,0.9733075661373112
likely_fake,likely_fake,0.9653293250667754
likely_real,likely_real,0.9161314950939385
likely_real,likely_real,0.9636781973967913
likely_fake,likely_fake,0.6807862888934859
likely_real,likely_real,0.8112116007129295
likely_real,likely_real,0.9643698326725967
likely_real,likely_real,0.9455142102789186
likely_fake,likely_fake,0.9882210936600785
likely_real,likely_real,0.973803824899745
likely_fake,likely_fake,0.7248515929211503
likely_real,likely_real,0.9646261968910081
likely_real,likely_real,0.9584595179651901
likely_fake,likely_fake,0.9817287288165184
likely_real,likely_real,0.963742643907938
likely_real,likely_real,0.9892297409574258
likely_real,likely_real,0.9904469982198202
likely_fake,likely_fake,0.9894686595297055
likely_fake,likely_fake,0.9879004682183252
likely_real,likely_real,0.797759720101523
likely_fake,likely_fake,0.9439213887400744
likely_real,likely_real,0.9767736003543158
likely_fake,likely_fake,0.9856320493341421
likely_real,likely_real,0.8599922633010785
likely_fake,likely_fake,0.9765315178073947
likely_real,likely_real,0.9243926590501155
likely_real,likely_real,0.8717349214363895
likely_real,likely_real,0.9928565471194403
likely_fake,likely_fake,0.9951050117070673
likely_real,likely_real,0.9043337429879674
likely_fake,likely_fake,0.8166263396222724
likely_real,likely_real,0.9662186561174629
likely_real,likely_real,0.9929591728214786
likely_real,likely_real,0.9487480287231246
likely_real,likely_real,0.9713810809709968
likely_real,likely_real,0.8879900424915511
likely_fake,likely_fake,0.9763104032253813
likely_real,likely_real,0.9867940444495689
likely_real,likely_real,0.9578396187511242
likely_real,likely_real,0.9628770655060642
likely_fake,likely_fake,0.9855142585240794
likely_fake,likely_fake,0.948942453892251
likely_fake,likely_fake,0.6353812799179333
likely_fake,likely_fake,0.9867316469754427
likely_real,likely_real,0.9577900852851451
likely_fake,likely_fake,0.9918999571089158
likely_fake,likely_fake,0.7638231143779179
likely_fake,likely_fake,0.6429968750855442
likely_fake,likely_fake,0.9979358664499371
likely_real,likely_real,0.9614405177877648
likely_fake,likely_fake,0.9597553629306195
likely_fake,likely_fake,0.8907818043223945
likely_fake,likely_fake,0.9939802032803281
likely_fake,likely_fake,0.9780716007811665
likely_fake,likely_fake,0.9981953083190548
likely_real,likely_real,0.893769696492949
likely_real,likely_real,0.965200793836028
likely_real,likely_real,0.9242096001912194
likely_fake,likely_fake,0.7638933759123258
likely_fake,likely_fake,0.9315593045076815
likely_real,likely_real,0.9953960285028539
likely_fake,likely_fake,0.992088378437471
likely_real,likely_real,0.9557009041836582
likely_real,likely_real,0.985840081700183
likely_fake,likely_fake,0.7136787072975181
likely_real,likely_real,0.9880030183794898
likely_real,likely_real,0.868764227349719
likely_real,likely_real,0.9766845770425289
likely_real,likely_real,0.9861253458702782
likely_fake,likely_fake,0.9005535369478759
likely_real,likely_real,0.9967214573424797
likely_real,likely_real,0.974530679505955
likely_fake,likely_fake,0.9682265037586768
likely_real,likely_real,0.9419724342914854
likely_fake,likely_fake,0.9419903292514589
likely_fake,likely_fake,0.8985053836771171
likely_real,likely_real,0.9443046005294491
likely_fake,likely_fake,0.8928393470284863
likely_fake,likely_fake,0.913447565716147
likely_fake,likely_fake,0.9784291165786121
likely_real,likely_real,0.8313787537717752
likely_real,likely_real,0.9796796975514857
likely_real,likely_real,0.987803904891582
likely_fake,likely_fake,0.9650004385322601
likely_real,likely_real,0.8698380416775987
likely_fake,likely_fake,0.9789171723660306
likely_real,likely_real,0.986394063668065
likely_fake,likely_fake,0.9945354151116728
likely_real,likely_real,0.9566033637076159
likely_real,likely_real,0.8503236122173953
likely_real,likely_real,0.9508445789088572
likely_real,likely_real,0.9760615522557959
likely_real,likely_real,0.8749351965850722
likely_fake,likely_fake,0.926804153421356
likely_real,likely_real,0.9411715198163549
likely_fake,likely_fake,0.9885887811804698
likely_real,likely_real,0.9268049155689636
likely_real,likely_real,0.983690669487626
likely_fake,likely_fake,0.9854255273945778
likely_real,likely_real,0.9815309717377348
likely_real,likely_real,0.932473039050475
likely_real,likely_real,0.9162657505792009
likely_fake,likely_fake,0.9752070184465416
likely_fake,likely_fake,0.9914250024536335
likely_fake,likely_fake,0.9679251698669471
likely_real,likely_real,0.9581281295135202
likely_real,likely_real,0.9546580743759129
likely_fake,likely_fake,0.943734798390464
likely_real,likely_real,0.9888864053116069
likely_real,likely_real,0.8951832300439183
likely_real,likely_real,0.9567560375165761
likely_real,likely_real,0.983819002606164
likely_real,likely_real,0.9772386101357954
likely_real,likely_real,0.8727316600342745
likely_real,likely_real,0.9951730483120054
likely_fake,likely_fake,0.9026143669751407
likely_real,likely_real,0.9841733679299773
likely_real,likely_real,0.9827472890460753
likely_real,likely_real,0.9920484725305955
likely_fake,likely_fake,0.979119359521594
likely_real,likely_real,0.9900004142864003
likely_real,likely_real,0.9641958814408611
likely_real,likely_real,0.9480632523498193
likely_real,likely_real,0.9713713876294207
likely_real,likely_real,0.9941563541772889
likely_real,likely_real,0.9874976516359419
likely_real,likely_real,0.9511002627769886
likely_fake,likely_fake,0.9912328909473489
likely_fake,likely_fake,0.9718860512779302
likely_fake,likely_fake,0.9920491272710488
likely_fake,likely_fake,0.9936358957501131
likely_fake,likely_fake,0.9966377297481058
likely_real,likely_real,0.9752066966871566
likely_real,likely_real,0.9643234511517358
likely_fake,likely_fake,0.9725145827904489
likely_real,likely_real,0.9548123344899504
likely_real,likely_real,0.7899879153358633
likely_fake,likely_fake,0.9603344579594921
likely_fake,likely_fake,0.9751939740101477
likely_fake,likely_fake,0.9936520757947909
likely_fake,likely_fake,0.9840540023384462
likely_real,likely_real,0.9653198174574456
likely_fake,likely_fake,0.9808905391595655
likely_fake,likely_fake,0.9895704393080571
likely_fake,likely_fake,0.9904428592496813
likely_real,likely_real,0.9802135207544571
likely_real,likely_real,0.9539441879087868
likely_real,likely_real,0.9146057883261962
likely_real,likely_real,0.9901160604647821
likely_fake,likely_fake,0.992958420256513
likely_real,likely_real,0.9799137003245192
likely_real,likely_real,0.9367310672953694
likely_real,likely_real,0.9550070607321073
likely_fake,likely_fake,0.9959397089579994
likely_fake,likely_fake,0.9974168288822584
likely_real,likely_real,0.9860027990875386
likely_real,likely_real,0.7981295783907235
likely_fake,likely_fake,0.9583945886141919
likely_fake,likely_fake,0.8655053422167345
likely_fake,likely_fake,0.9113007788163504
likely_real,likely_real,0.9869089321717445
likely_real,likely_real,0.8609377309080642
likely_real,likely_real,0.9745415364691158
likely_fake,likely_fake,0.9913469382142146
likely_fake,likely_fake,0.6279104985561096
likely_real,likely_real,0.8420577241565839
likely_real,likely_real,0.984006752497293
likely_fake,likely_fake,0.9027791219542469
likely_real,likely_real,0.9799774160456508
likely_fake,likely_fake,0.9080349056903229
likely_real,likely_real,0.9776919335692908
likely_real,likely_real,0.9743059046702722
likely_real,likely_real,0.9945339988115713
likely_real,likely_real,0.9660208288782064
likely_real,likely_real,0.9886575673875998
likely_fake,likely_fake,0.9901253473471152
likely_fake,likely_fake,0.9804455998073319
likely_real,likely_real,0.9887300013599969
likely_fake,likely_fake,0.9824464699850759
likely_fake,likely_fake,0.9923397636866422
likely_fake,likely_fake,0.9905437703787973
likely_real,likely_real,0.9780029470628496
likely_fake,likely_fake,0.9970600757742886
likely_fake,likely_fake,0.9832817325873029
likely_real,likely_real,0.9135979214278028
likely_real,likely_real,0.9513940293521586
likely_real,likely_real,0.9632237786621699
likely_fake,likely_fake,0.9969158649227388
likely_fake,likely_fake,0.925076405663446
likely_fake,likely_fake,0.8787794476010177
likely_fake,likely_fake,0.9206066065120823
likely_fake,likely_fake,0.9789553285705497
likely_real,likely_real,0.9776429499994863
likely_real,likely_real,0.976892213585096
likely_real,likely_real,0.8722813568353476
likely_real,likely_real,0.9779906221747119
likely_real,likely_real,0.9613533435178744
likely_real,likely_real,0.9366902202506764
likely_real,likely_real,0.9869294012507944
likely_real,likely_real,0.9875803847734925
likely_real,likely_real,0.9941168218081208
likely_fake,likely_fake,0.9798953603918378
likely_fake,likely_fake,0.9494973897917712
likely_fake,likely_fake,0.9900106833751522
likely_real,likely_real,0.9306634090612953
likely_real,likely_real,0.9678357402332953
likely_real,likely_real,0.9727098735226497
likely_fake,likely_fake,0.9627351403796927
likely_fake,likely_fake,0.9807421279866184
likely_real,likely_real,0.9660542255883959
likely_real,likely_real,0.8919432510642601
likely_fake,likely_fake,0.9926105627432181
likely_real,likely_real,0.9754308140759731
likely_fake,likely_fake,0.9765558687365661
likely_fake,likely_fake,0.994372834597181
likely_fake,likely_fake,0.9842019870919123
likely_real,likely_real,0.9727867010178457
likely_real,likely_fake,0.6798171331827836
likely_fake,likely_fake,0.9401652551636107
likely_real,likely_real,0.9382636633061691
likely_real,likely_real,0.8037266027047972
likely_fake,likely_fake,0.8681917366683274
likely_real,likely_real,0.9716783377975596
likely_fake,likely_fake,0.9843768752986232
likely_real,likely_real,0.9773036015143588
likely_fake,likely_fake,0.7438625612784233
likely_real,likely_real,0.9915535278388019
likely_real,likely_real,0.9377661714380993
likely_real,likely_real,0.9932736663701288
likely_fake,likely_fake,0.9866171877023221
likely_fake,likely_fake,0.9227881190629657
likely_fake,likely_fake,0.9914497639482515
likely_fake,likely_fake,0.9763259851453755
likely_fake,likely_fake,0.9854334504187664
likely_real,likely_real,0.9041670261245124
likely_real,likely_real,0.9840711613955038
likely_fake,likely_fake,0.9963524243242878
likely_real,likely_real,0.9810660552956213
likely_real,likely_real,0.9772670316199746
likely_real,likely_real,0.9786416581650017
likely_real,likely_real,0.9858080511745156
likely_fake,likely_fake,0.9476711785618084
likely_fake,likely_fake,0.9447136523472667
likely_real,likely_real,0.9164425016883182
likely_fake,likely_fake,0.9606497848784357
likely_fake,likely_fake,0.9759013341390544
likely_real,likely_real,0.9779644624846627
likely_fake,likely_fake,0.9633008078152816
likely_real,likely_real,0.8981366063451088
likely_real,likely_real,0.9885087142257717
likely_real,likely_real,0.9758071181356756
likely_real,likely_real,0.9650214117498104
likely_fake,likely_fake,0.6646658878496843
likely_real,likely_real,0.9395787090924004
likely_fake,likely_fake,0.9717802965548441
likely_fake,likely_fake,0.9215415201495926
likely_real,likely_real,0.9793023875013456
likely_fake,likely_fake,0.9530555752136811
likely_real,likely_real,0.981505425723951
likely_real,likely_real,0.9608434672216918
likely_fake,likely_fake,0.9912749635172522
likely_real,likely_real,0.9787902695430167
likely_fake,likely_real,0.6823179388006615
likely_real,likely_real,0.843612068413367
likely_fake,likely_fake,0.980932867536117
likely_real,likely_real,0.977710931316522
likely_fake,likely_fake,0.9939172057388026
likely_fake,likely_fake,0.9611250550674673
likely_real,likely_real,0.9869453301653421
likely_fake,likely_fake,0.948922041754338
likely_fake,likely_fake,0.9737361849972896
likely_fake,likely_fake,0.9458392763428236
likely_fake,likely_fake,0.9891774497366324
likely_real,likely_real,0.9952860452433939
likely_fake,likely_fake,0.9961014062324741
likely_real,likely_real,0.9487803340330845
likely_real,likely_real,0.9007053170901563
likely_real,likely_real,0.9784779548595435
likely_real,likely_real,0.9781801644865415
likely_fake,likely_fake,0.9422115363494451
likely_fake,likely_fake,0.7749766511245181
likely_fake,likely_fake,0.856124946345326
likely_fake,likely_fake,0.8630296268277898
likely_real,likely_real,0.9558953753147634
likely_real,likely_real,0.8763508173929926
likely_fake,likely_fake,0.8814542241191389
likely_fake,likely_fake,0.9884782899313554
likely_real,likely_real,0.9780725089719834
likely_real,likely_real,0.6664429676375676
likely_real,likely_real,0.9845829622381982
likely_real,likely_real,0.9296702833109989
likely_fake,likely_fake,0.8823785073534364
likely_fake,likely_fake,0.9896312779473633
likely_fake,likely_fake,0.9808558919242777
likely_real,likely_real,0.9102725939442935
likely_fake,likely_fake,0.984057506967683
likely_real,likely_real,0.9855682458003239
likely_fake,likely_fake,0.5029875321112585
likely_real,likely_real,0.9847690668785988
likely_fake,likely_fake,0.9436370583729635
likely_real,likely_real,0.9497817076526088
likely_fake,likely_fake,0.9848134906224494
likely_real,likely_real,0.9567777590783978
likely_real,likely_real,0.7840846023927194
likely_real,likely_real,0.9883449089319566
likely_real,likely_real,0.9889614279071102
likely_real,likely_real,0.954257662682077
likely_fake,likely_fake,0.9903785933452849
likely_fake,likely_fake,0.9454938119712097
likely_fake,likely_fake,0.7327400245877143
likely_real,likely_real,0.940399608301988
likely_real,likely_real,0.9781490352447729
likely_fake,likely_fake,0.989432569839653
likely_real,likely_real,0.9592393043018627
likely_fake,likely_fake,0.9860105090458582
likely_fake,likely_fake,0.9597107851524912
likely_fake,likely_fake,0.9505288747413152
likely_fake,likely_fake,0.9743892510135886
likely_real,likely_real,0.9525943158510106
likely_fake,likely_fake,0.990766062842875
likely_real,likely_real,0.9518412885921523
likely_fake,likely_fake,0.8658411359555762
likely_real,likely_real,0.96120140864214
likely_fake,likely_fake,0.9707222781923734
likely_real,likely_real,0.9707445526670224
likely_fake,likely_fake,0.9198687447568685
likely_fake,likely_fake,0.9890223706273659
likely_fake,likely_fake,0.9975530019615538
likely_real,likely_real,0.9814161984826753
likely_fake,likely_fake,0.997411732879734
likely_real,likely_real,0.9347415464584306
likely_fake,likely_fake,0.9450264483585119
likely_real,likely_real,0.8483981228078978
likely_real,likely_real,0.9785689693136346
likely_real,likely_real,0.9777958924723957
likely_fake,likely_fake,0.9917864077902319
likely_real,likely_real,0.9953389110732015
likely_fake,likely_fake,0.5300918043025706
likely_real,likely_real,0.9665082416416534
likely_fake,likely_fake,0.9896792575111025
likely_real,likely_real,0.9544653810039191
likely_fake,likely_fake,0.8704464600416711
likely_real,likely_real,0.9986092458119769
likely_fake,likely_fake,0.934698452727992
likely_fake,likely_fake,0.9901394974928946
likely_fake,likely_fake,0.9777646535531184
likely_fake,likely_fake,0.983977999042878
likely_fake,likely_fake,0.9920195838577653
likely_fake,likely_fake,0.9947320861495903
likely_real,likely_real,0.9720897858094085
likely_real,likely_real,0.9517353502379912
likely_fake,likely_fake,0.5288446795944712
likely_fake,likely_fake,0.970695945796078
likely_fake,likely_fake,0.9960907958079219
likely_fake,likely_fake,0.9989787009183209
likely_real,likely_real,0.9885687368638111
likely_fake,likely_fake,0.959430438803497
likely_real,likely_real,0.9160491769283958
likely_fake,likely_fake,0.9721001700629939
likely_fake,likely_fake,0.8395669683134963
likely_real,likely_real,0.9931295532463162
likely_fake,likely_fake,0.9647437093428644
likely_fake,likely_fake,0.9240469451650822
likely_fake,likely_fake,0.9927991651563534
likely_real,likely_real,0.9795108007845206
likely_real,likely_real,0.9574818571788983
likely_real,likely_real,0.9890941525676047
likely_fake,likely_fake,0.9787707290364298
likely_fake,likely_fake,0.9971312806994772
likely_real,likely_real,0.9786260668534487
likely_real,likely_real,0.8268714256361214
likely_real,likely_real,0.9923580603835863
likely_fake,likely_fake,0.971451699519559
likely_fake,likely_fake,0.9398584077996499
likely_fake,likely_fake,0.9613317242303091
likely_real,likely_real,0.8984648116212665
likely_real,likely_real,0.9509280240292696
likely_fake,likely_fake,0.9584270256409855
likely_fake,likely_fake,0.986196076340955
likely_real,likely_real,0.9361614312902975
likely_fake,likely_fake,0.9952597078952401
likely_fake,likely_fake,0.979416630078048
likely_fake,likely_fake,0.9556740959783444
likely_real,likely_real,0.9325900537317456
likely_real,likely_real,0.9523897846033179
likely_real,likely_real,0.9956125674888646
likely_real,likely_real,0.7607111682755288
likely_real,likely_real,0.9645635623807557
likely_real,likely_real,0.9887817798918258
likely_fake,likely_fake,0.7613281255832497
likely_fake,likely_fake,0.9917538431925824
likely_fake,likely_fake,0.9897721053411255
likely_real,likely_real,0.9891916460387434
likely_real,likely_real,0.9863106635021028
likely_fake,likely_fake,0.9120196600811101
likely_fake,likely_fake,0.9944079448585375
likely_fake,likely_real,0.6432578836075286
likely_fake,likely_fake,0.9875767981679388
likely_fake,likely_fake,0.9565264262832455
likely_real,likely_real,0.9866804887224707
likely_real,likely_real,0.8798483874937189
likely_real,likely_real,0.909248246648536
likely_real,likely_real,0.9851804508766386
likely_real,likely_real,0.9873284731263
likely_real,likely_real,0.969742418805494
likely_fake,likely_fake,0.8759824798408489
likely_fake,likely_fake,0.7089996092393829
likely_real,likely_real,0.977205915824076
likely_fake,likely_fake,0.9757246237334046
likely_fake,likely_fake,0.9209817281876274
likely_real,likely_real,0.995386377057921
likely_real,likely_real,0.8785787655185826
likely_real,likely_real,0.9242298525395699
likely_real,likely_real,0.9874446748120556
likely_real,likely_real,0.9878960755590384
likely_fake,likely_fake,0.9667201301873882
likely_fake,likely_fake,0.9858535745150538
likely_real,likely_real,0.9781191943069484
likely_fake,likely_fake,0.9641090183449829
likely_real,likely_real,0.9304538363062095
likely_real,likely_real,0.9762448795820832
likely_fake,likely_fake,0.9666478528178445
likely_fake,likely_fake,0.9443969216747099
likely_fake,likely_fake,0.9762553117598216
likely_real,likely_real,0.9606316673917691
likely_real,likely_real,0.9758868578194002
likely_real,likely_real,0.9316851052694198
likely_fake,likely_fake,0.9950022717095262
likely_real,likely_real,0.9823584089947306
likely_fake,likely_fake,0.9960297256251044
likely_fake,likely_fake,0.832903717492458
likely_fake,likely_fake,0.8851696106141179
likely_fake,likely_fake,0.9644024067354098
likely_fake,likely_fake,0.8543710459161477
likely_fake,likely_fake,0.8882510883949439
likely_fake,likely_fake,0.919190838137876
likely_real,likely_real,0.9949597868835427
likely_fake,likely_fake,0.9713913405350795
likely_real,likely_real,0.9370649630062664
likely_fake,likely_fake,0.8593534535707354
likely_fake,likely_fake,0.9898397508415011
likely_fake,likely_fake,0.9506060386815188
likely_real,likely_real,0.9824927833049077
likely_fake,likely_fake,0.9945898507274998
likely_real,likely_real,0.9901642482205367
likely_real,likely_real,0.9698476556203318
likely_fake,likely_fake,0.8489828298694649
likely_real,likely_real,0.9802372634820525
likely_fake,likely_fake,0.996710563457155
likely_real,likely_real,0.986293352314756
likely_fake,likely_fake,0.9797773344870132
likely_fake,likely_fake,0.9624426204024062
likely_fake,likely_fake,0.9716023234820123
likely_real,likely_real,0.9783142881268747
likely_fake,likely_fake,0.9360739241736142
likely_fake,likely_fake,0.8901464363101002
likely_real,likely_real,0.9818288870459295
likely_real,likely_real,0.9042199518011386
likely_fake,likely_fake,0.9639662608127949
likely_fake,likely_fake,0.9789827132999624
likely_real,likely_real,0.9421963802526312
likely_fake,likely_fake,0.8239256580745877
likely_real,likely_real,0.9766790983765581
likely_fake,likely_fake,0.9695093278266212
likely_fake,likely_fake,0.9952333358618035
likely_real,likely_real,0.9906985992356853
likely_real,likely_real,0.978292987660695
likely_real,likely_real,0.8752624289997184
likely_real,likely_real,0.8989668991667333
likely_real,likely_real,0.9574996121477963
likely_fake,likely_fake,0.839439876693815
likely_real,likely_real,0.8124214458936999
likely_fake,likely_fake,0.9796136874560278
likely_real,likely_real,0.9814933506464419
likely_real,likely_real,0.9917505620944685
likely_real,likely_real,0.9374688986680194
likely_real,likely_real,0.9605788873607696
likely_real,likely_real,0.9860737409490687
likely_real,likely_real,0.9891638308419232
likely_real,likely_real,0.9762986939954834
likely_real,likely_real,0.8866809314194141
likely_fake,likely_fake,0.991811369524839
likely_fake,likely_fake,0.9784791748018236
likely_fake,likely_fake,0.9509404661582288
likely_real,likely_real,0.9953889349083148
likely_fake,likely_fake,0.9969531882601013
likely_real,likely_real,0.9809308473205599
likely_fake,likely_fake,0.9294511784498033
likely_real,likely_real,0.8479682178809747
likely_fake,likely_fake,0.9841408091743761
likely_real,likely_real,0.9833582272219904
likely_real,likely_real,0.8144134444793818
likely_fake,likely_fake,0.8891195189332172
likely_fake,likely_fake,0.9500386417637041
likely_real,likely_real,0.9974028088508748
likely_fake,likely_fake,0.9935033808398206
likely_real,likely_real,0.9497197591448099
likely_real,likely_real,0.9898511557801419
likely_real,likely_real,0.997266981020775
likely_fake,likely_fake,0.9965764823980797
likely_real,likely_real,0.9318932356142988
likely_fake,likely_fake,0.9537141573648394
likely_real,likely_real,0.9701935882127644
likely_fake,likely_fake,0.9677104254587753
likely_real,likely_real,0.9875458596964256
likely_fake,likely_fake,0.9513064573307685
likely_fake,likely_fake,0.9397688140986251
likely_real,likely_real,0.9229687013254138
likely_real,likely_real,0.8347196963937489
likely_real,likely_real,0.9889501583319062
likely_real,likely_real,0.9745865243144376
likely_fake,likely_fake,0.9567627096545738
likely_fake,likely_fake,0.9821032512922486
likely_real,likely_real,0.9975845060897789
likely_fake,likely_fake,0.9469845298117106
likely_fake,likely_fake,0.970005635360801
likely_fake,likely_fake,0.9588349398934353
likely_real,likely_real,0.9327749069634541
likely_fake,likely_fake,0.837406772069938
likely_fake,likely_fake,0.784843974741276
likely_real,likely_real,0.9749746336699858
likely_fake,likely_fake,0.9933968532222041
likely_real,likely_real,0.8556709114648527
likely_fake,likely_fake,0.9951227966078376
likely_real,likely_real,0.9729278496022372
likely_fake,likely_fake,0.902424331751509
likely_fake,likely_fake,0.9697680905992262
likely_fake,likely_fake,0.9699112824706859
likely_real,likely_fake,0.6766661875093918
likely_fake,likely_fake,0.7681742917048044
likely_real,likely_real,0.9004716256755964
likely_fake,likely_fake,0.9963997485847258
likely_real,likely_real,0.9773049748360197
likely_real,likely_real,0.8932628536893137
likely_real,likely_real,0.963153085887356
likely_real,likely_real,0.9617118670193342
likely_real,likely_real,0.8246799614486039
likely_fake,likely_fake,0.9928884234599235
likely_real,likely_real,0.9360326728411192
likely_real,likely_real,0.9850632682468125
likely_real,likely_real,0.9617602159860816
likely_real,likely_fake,0.5651976921278842
likely_fake,likely_fake,0.9951139123833261
likely_real,likely_real,0.9034744186334753
likely_fake,likely_fake,0.9287452354265234
likely_fake,likely_fake,0.6644233690445258
likely_fake,likely_fake,0.9428866718524046
likely_fake,likely_fake,0.97308742600409
likely_fake,likely_fake,0.9458610102378244
likely_real,likely_real,0.9893727689289411
likely_fake,likely_fake,0.9599005049721478
likely_fake,likely_fake,0.9779195011520341
likely_fake,likely_fake,0.8924665418474084
likely_real,likely_fake,0.8432476900229691
likely_fake,likely_fake,0.9943836452753086
likely_fake,likely_fake,0.9513335011612126
likely_fake,likely_fake,0.9978936009005583
likely_fake,likely_fake,0.9886757406300959
likely_real,likely_real,0.9801394578985981
likely_fake,likely_fake,0.9822993575463815
likely_real,likely_real,0.9852801066616877
likely_real,likely_real,0.9344113897849686
likely_fake,likely_fake,0.8971982635748817
likely_real,likely_real,0.989091062798857
likely_real,likely_real,0.7204647129529946
likely_real,likely_real,0.9369176542248149
likely_fake,likely_fake,0.9965936972102513
likely_fake,likely_fake,0.9763108507000244
likely_fake,likely_fake,0.9720839053512822
likely_fake,likely_fake,0.8017396234756999
likely_real,likely_real,0.9902022647708135
likely_real,likely_real,0.8416627865704862
likely_real,likely_real,0.6854903803159342
likely_real,likely_fake,0.727590921859826
likely_fake,likely_fake,0.9825646058004361
likely_real,likely_real,0.9868417239962451
likely_real,likely_real,0.9867625335392955
likely_fake,likely_fake,0.6711545335428656
likely_real,likely_real,0.9868921839296783
likely_real,likely_real,0.9605475542618552
likely_fake,likely_fake,0.9238554979512134
likely_fake,likely_fake,0.9882685605172327
likely_real,likely_real,0.9031458807558316
likely_real,likely_real,0.9904520930736846
likely_real,likely_real,0.9105598705458166
likely_fake,likely_fake,0.9261464371962885
likely_real,likely_real,0.921841405934594
likely_fake,likely_fake,0.9493248843202821
likely_fake,likely_fake,0.9660344292859926
likely_real,likely_real,0.9612509953535787
likely_fake,likely_fake,0.9030784953922051
likely_real,likely_real,0.9217142063894074
likely_fake,likely_fake,0.9843038645562326
likely_fake,likely_fake,0.982405355431123
likely_fake,likely_fake,0.9607150121310962
likely_fake,likely_fake,0.9744851006149272
likely_real,likely_real,0.9677687344597783
likely_fake,likely_fake,0.966539234178131
likely_fake,likely_fake,0.990286841633776
likely_real,likely_real,0.8893926223359299
likely_fake,likely_fake,0.8222361101836196
likely_fake,likely_fake,0.9874518504125264
likely_fake,likely_fake,0.9875156924428827
likely_real,likely_real,0.9780508792798431
likely_real,likely_real,0.9485785783587763
likely_real,likely_real,0.9689249334839833
likely_real,likely_real,0.9310747689308716
likely_fake,likely_fake,0.7636653443386354
likely_fake,likely_real,0.7308305030366304
likely_real,likely_real,0.9635398329884112
likely_real,likely_real,0.9658457901545283
likely_real,likely_real,0.9771317537436202
likely_real,likely_real,0.8435482998427375
likely_real,likely_real,0.9833992091754882
likely_fake,likely_fake,0.8147397748137618
likely_real,likely_real,0.8732920203678455
likely_real,likely_real,0.8436275754502738
likely_fake,likely_fake,0.9708498492049857
likely_fake,likely_fake,0.9752379822133581
likely_real,likely_real,0.9859642403251337
likely_real,likely_real,0.9880816938889033
likely_real,likely_real,0.610228552542076
likely_fake,likely_fake,0.9837243309752076
likely_real,likely_real,0.9567134368549269
likely_fake,likely_fake,0.9909673067010474
likely_real,likely_real,0.9826251866346621
likely_fake,likely_fake,0.9871109760754823
likely_fake,likely_fake,0.9594816930975528
likely_real,likely_real,0.9793771115097344
likely_real,likely_real,0.9860967073676961
likely_real,likely_real,0.9520438708673619
likely_fake,likely_fake,0.9920975494123496
likely_real,likely_real,0.9886643102924262
likely_real,likely_real,0.9680377986829253
likely_fake,likely_fake,0.8051044410282071
likely_real,likely_real,0.9532062014159539
likely_real,likely_real,0.9965760558571026
likely_real,likely_fake,0.6094143963618264
likely_fake,likely_fake,0.9871460491252629
likely_real,likely_real,0.9578741260476586
likely_real,likely_real,0.970282211486494
likely_fake,likely_fake,0.8812576776798451
likely_real,likely_real,0.982668291938694
likely_fake,likely_fake,0.9608647972340348
likely_real,likely_real,0.8996916413523938
likely_real,likely_real,0.9888186994154249
likely_fake,likely_fake,0.9855253523413905
likely_fake,likely_fake,0.9579058925651361
likely_fake,likely_fake,0.8237593211718659
likely_real,likely_real,0.9166222987863623
likely_fake,likely_fake,0.9226213919168327
likely_fake,likely_fake,0.9861114290587782
likely_fake,likely_fake,0.9009616169901451
likely_real,likely_real,0.9840111394595942
likely_fake,likely_fake,0.6785612354392803
likely_real,likely_real,0.9708128979352394
likely_fake,likely_fake,0.8552310644223998
likely_real,likely_real,0.9366329021221078
likely_real,likely_real,0.9453131442039572
likely_real,likely_real,0.9849659009185845
likely_real,likely_real,0.8934251581922918
likely_real,likely_real,0.9915265358317384
likely_fake,likely_fake,0.9860266584366549
likely_real,likely_real,0.9373961567083885
likely_fake,likely_fake,0.7306028724112226
likely_real,likely_real,0.9700405616952015
likely_fake,likely_fake,0.9756317295815529
likely_fake,likely_fake,0.9854108503257549
likely_fake,likely_fake,0.9337706258656557
likely_fake,likely_fake,0.9702842812044608
likely_real,likely_real,0.943733024866717
likely_fake,likely_fake,0.9853744495514175
likely_real,likely_real,0.9849608964325678
likely_fake,likely_fake,0.9977093703108965
likely_fake,likely_fake,0.9098092435050754
likely_fake,likely_fake,0.9786352002167854
likely_real,likely_real,0.9827115346525565
likely_real,likely_real,0.9419266407108352
likely_fake,likely_fake,0.9934043424620852
likely_fake,likely_fake,0.9979933557416593
likely_fake,likely_fake,0.8151089320602147
likely_fake,likely_fake,0.9324398602471428
likely_real,likely_real,0.9568979852815189
likely_fake,likely_fake,0.9930371840961968
likely_real,likely_real,0.9428349636256814
likely_fake,likely_fake,0.7190322035556838
likely_fake,likely_fake,0.8324222068451074
likely_real,likely_real,0.9735535326986307
likely_real,likely_real,0.9817681765782703
likely_fake,likely_fake,0.5497540412247711
likely_fake,likely_fake,0.927729924563472
likely_real,likely_real,0.8930599532878942
likely_fake,likely_fake,0.9689640925896296
likely_real,likely_real,0.9898750657257078
likely_fake,likely_fake,0.9957835656778334
likely_real,likely_real,0.987661137946292
likely_real,likely_real,0.9936861198854212
likely_fake,likely_fake,0.9702720452465676
likely_real,likely_real,0.9820730025270309
likely_real,likely_real,0.9612226236852356
likely_fake,likely_fake,0.824664806799082
likely_fake,likely_fake,0.890857354718053
likely_fake,likely_fake,0.9954485310666473
likely_real,likely_real,0.9862415482592984
likely_fake,likely_fake,0.9943391750728944
likely_fake,likely_fake,0.9692213516806726
likely_real,likely_real,0.9083944577876735
likely_fake,likely_fake,0.9866690453069707
likely_fake,likely_fake,0.948708695458279
likely_fake,likely_fake,0.7834405319608907
likely_fake,likely_fake,0.8810830223644205
likely_fake,likely_fake,0.97148964074162
likely_fake,likely_fake,0.9763431233158746
likely_fake,likely_fake,0.990107622755779
likely_real,likely_real,0.9283484018516907
likely_real,likely_real,0.908030280136142
likely_real,likely_real,0.9828028534814603
likely_fake,likely_fake,0.9197099142353717
likely_fake,likely_fake,0.9096578965286017
likely_real,likely_real,0.9679683409534162
likely_real,likely_real,0.9017183458208656
likely_real,likely_real,0.9310585300094248
likely_fake,likely_fake,0.692721686021206
likely_fake,likely_fake,0.8812811481232061
likely_fake,likely_fake,0.9890936722396291
likely_fake,likely_fake,0.8526173301282194
likely_real,likely_real,0.9846102122821249
likely_fake,likely_fake,0.9951029267876537
likely_real,likely_real,0.9790110227050244
likely_real,likely_real,0.9738426295805086
likely_fake,likely_fake,0.9586158919338696
likely_fake,likely_fake,0.9745963235593436
likely_real,likely_real,0.9562897250393608
likely_fake,likely_fake,0.9943411805128567
likely_fake,likely_fake,0.9869910736611919
likely_real,likely_real,0.9869127690901106
likely_real,likely_real,0.9968204424540489
likely_fake,likely_fake,0.9501111638277173
likely_real,likely_real,0.9199555394220404
likely_real,likely_real,0.9373192744291049
likely_real,likely_real,0.973276570766926
likely_fake,likely_fake,0.9518450990728733
likely_real,likely_real,0.6958571703868749
likely_real,likely_real,0.9386279325379856
likely_real,likely_real,0.8605339505915853
likely_real,likely_real,0.9671901130708945
likely_real,likely_real,0.9163951047396492
likely_fake,likely_fake,0.9691166879307415
likely_fake,likely_fake,0.9913171268133392
likely_real,likely_real,0.9173660923612451
likely_fake,likely_fake,0.9679891771222568
likely_fake,likely_fake,0.9933848172878068
likely_fake,likely_fake,0.9031138970537852
likely_real,likely_real,0.7028701326303687
likely_real,likely_real,0.9830736027677832
likely_fake,likely_fake,0.9281163234618253
likely_fake,likely_fake,0.9912353758479918
likely_real,likely_real,0.9713141896370201
likely_fake,likely_real,0.5320310181761642
likely_fake,likely_fake,0.9719936066375514
likely_real,likely_real,0.9467816036105454
likely_fake,likely_fake,0.8841885447231416
likely_real,likely_real,0.7835780522841906
likely_fake,likely_fake,0.9443357216055758
likely_real,likely_real,0.8275269187327341
likely_fake,likely_fake,0.9940865650546334
likely_real,likely_real,0.9630559874101468
likely_fake,likely_fake,0.9972371845416045
likely_real,likely_real,0.9497834444063687
likely_real,likely_real,0.8912997960381045
likely_real,likely_real,0.9925515086427399
likely_real,likely_real,0.9386035587950481
likely_real,likely_real,0.9858061459120162
likely_fake,likely_fake,0.9465268308561506
likely_real,likely_real,0.9935650783593469
likely_fake,likely_fake,0.9974290505400423
likely_fake,likely_fake,0.9931735220024261
likely_real,likely_real,0.8918923696764417
likely_real,likely_real,0.9886303902567904
likely_real,likely_real,0.9575348066160272
likely_real,likely_real,0.9867600712971525
likely_real,likely_real,0.974706309310355
likely_real,likely_real,0.9787629894262215
likely_real,likely_real,0.9530016520769259
likely_real,likely_real,0.9914394912953073
likely_real,likely_real,0.9918100755301225
likely_fake,likely_fake,0.9937419497032961
likely_real,likely_real,0.9352438220821093
likely_real,likely_real,0.936134175037211
likely_real,likely_real,0.9934871745707465
likely_real,likely_real,0.9915882602003179
likely_real,likely_real,0.985663286506032
likely_real,likely_real,0.9275369886058479
likely_real,likely_real,0.9905675852201867
likely_real,likely_real,0.9981907652531484
likely_fake,likely_fake,0.9992051265532407
likely_real,likely_real,0.9846525257977813
likely_real,likely_real,0.927970682684449
likely_real,likely_real,0.9832810260502776
likely_real,likely_real,0.9891527976377164
likely_fake,likely_fake,0.9049492128866542
likely_real,likely_real,0.9680879404812184
likely_fake,likely_fake,0.9941884252868851
likely_real,likely_real,0.9938842344767821
likely_real,likely_real,0.9454695182396393
likely_real,likely_real,0.940273841020387
likely_fake,likely_real,0.9080729748813342
likely_fake,likely_fake,0.9473125448706795
likely_real,likely_real,0.993975800665948
likely_fake,likely_fake,0.9324883185206272
likely_fake,likely_fake,0.9488060247724179
likely_real,likely_real,0.977001795610988
likely_fake,likely_fake,0.9856578918226141
likely_real,likely_real,0.9743227737367732
likely_fake,likely_fake,0.8311687099241678
likely_real,likely_real,0.9798251656515704
likely_fake,likely_fake,0.9822211661081797
likely_real,likely_real,0.9859910924786567
likely_real,likely_real,0.9626193678963174
likely_real,likely_real,0.9764715032403005
likely_real,likely_real,0.8889575303296235
likely_real,likely_real,0.9541630665873828
likely_fake,likely_fake,0.8551268587299101
likely_real,likely_real,0.9958754417655978
likely_fake,likely_fake,0.9932989564140267
likely_fake,likely_fake,0.9976924978329128
likely_real,likely_real,0.9353572363252396
likely_fake,likely_fake,0.7810511696997109
likely_fake,likely_fake,0.8843877821472138
likely_real,likely_real,0.973520626401345
likely_fake,likely_fake,0.9902199613310058
likely_fake,likely_fake,0.8660646322530364
likely_fake,likely_fake,0.9120426137650977
likely_real,likely_real,0.7283212944744134
likely_real,likely_real,0.9867925188224682
likely_real,likely_real,0.9905858979311459
likely_fake,likely_fake,0.9889445740226587
likely_real,likely_real,0.9880574146575751
likely_fake,likely_fake,0.9643404421890586
likely_real,likely_real,0.9382350763715293
likely_real,likely_real,0.967459347384612
likely_real,likely_real,0.9555763508430679
likely_fake,likely_fake,0.9072757941088787
likely_fake,likely_fake,0.9933836940635449
likely_real,likely_real,0.969797845857146
likely_real,likely_real,0.983681213192857
likely_real,likely_real,0.9853669917404169
likely_fake,likely_fake,0.9897002507478018
likely_real,likely_real,0.9723757957140191
likely_fake,likely_fake,0.9915321113654365
likely_real,likely_real,0.8837986544316414
likely_fake,likely_fake,0.9514727546631186
likely_fake,likely_fake,0.9831071531364554
likely_fake,likely_fake,0.9151642706345645
likely_real,likely_real,0.9791178740273214
likely_fake,likely_fake,0.9984507922472748
likely_fake,likely_fake,0.9952856551421171
likely_fake,likely_fake,0.8971057459445335
likely_real,likely_real,0.9219235617033613
likely_real,likely_real,0.9057204275072855
likely_real,likely_real,0.9573807712789605
likely_fake,likely_fake,0.6615108855838032
likely_real,likely_real,0.9669773562074053
likely_fake,likely_fake,0.9242942287729798
likely_fake,likely_fake,0.9803395443210988
likely_real,likely_real,0.9802806412864057
likely_fake,likely_fake,0.9947724093103656
likely_real,likely_real,0.8443753608611104
likely_fake,likely_fake,0.9285139196113059
likely_fake,likely_fake,0.9755725889137227
likely_real,likely_real,0.932620518508055
likely_fake,likely_fake,0.9731097263198235
likely_real,likely_real,0.9329310730755064
likely_fake,likely_fake,0.9686700318873442
likely_real,likely_real,0.9966559115653063
likely_real,likely_real,0.910236898785162
likely_real,likely_real,0.9227095199712219
likely_real,likely_real,0.9795111368385926
likely_real,likely_real,0.9170284065220315
likely_real,likely_real,0.9936308291433039
likely_fake,likely_fake,0.979151292468549
likely_real,likely_real,0.9654727799750425
likely_fake,likely_fake,0.9531783373743029
likely_real,likely_real,0.9513236080847222
likely_real,likely_real,0.8552891777276878
likely_real,likely_real,0.9119723837906204
likely_real,likely_real,0.967945392670797
likely_real,likely_real,0.9364669168530696
likely_fake,likely_fake,0.9956940386799948
likely_fake,likely_fake,0.9694891591052827
likely_real,likely_real,0.6786623918180485
likely_fake,likely_fake,0.9795757495937178
likely_fake,likely_fake,0.9831400570874076
likely_fake,likely_fake,0.9849702639185635
likely_fake,likely_fake,0.9682713375590513
likely_fake,likely_fake,0.6064403311369491
likely_fake,likely_fake,0.9900555445710325
likely_real,likely_real,0.9906110956352374
likely_fake,likely_fake,0.9465594148313113
likely_real,likely_real,0.953710715798569
likely_real,likely_real,0.9873851424904434
likely_real,likely_real,0.9852610112853929
likely_real,likely_real,0.9952846680236935
likely_real,likely_real,0.8021042646302138
likely_real,likely_real,0.9866942307151753
likely_real,likely_real,0.9947595212347796
likely_fake,likely_fake,0.9948185250558363
likely_real,likely_real,0.9785351478349544
likely_real,likely_real,0.9548059837648144
likely_real,likely_real,0.8713535649549247
likely_real,likely_real,0.9900600662308411
likely_fake,likely_fake,0.9876458342833554
likely_real,likely_real,0.9333657592520757
likely_real,likely_fake,0.6280108236892468
likely_fake,likely_fake,0.8521917029100318
likely_fake,likely_fake,0.9922755115747753
likely_real,likely_real,0.991076371386561
likely_real,likely_real,0.9650918100579039
likely_real,likely_real,0.9922278184592688
likely_real,likely_real,0.9713019521636073
likely_fake,likely_real,0.6108757061633524
likely_fake,likely_fake,0.9498711177453314
likely_real,likely_real,0.9545218701309651
likely_fake,likely_fake,0.9700531290243327
likely_fake,likely_fake,0.8820256976940513
likely_fake,likely_fake,0.8958869552694936
likely_fake,likely_fake,0.8981184968492305
likely_real,likely_real,0.97194770256269
likely_real,likely_real,0.9884277716428649
likely_fake,likely_fake,0.956885790189145
likely_fake,likely_fake,0.9607395021200297
likely_fake,likely_fake,0.9700542104941987
likely_real,likely_real,0.9633646035447758
likely_real,likely_real,0.9861303700239886
likely_real,likely_real,0.9370249392654403
likely_fake,likely_real,0.5873261733621927
likely_fake,likely_fake,0.9916708069545077
likely_real,likely_real,0.9906426569418763
likely_real,likely_real,0.9783954139549618
likely_fake,likely_fake,0.9590377701964763
likely_fake,likely_fake,0.9579955081549627
likely_real,likely_real,0.9738511187170835
likely_fake,likely_fake,0.9254710961430663
likely_fake,likely_fake,0.9704250622316656
likely_fake,likely_fake,0.9600239574127973
likely_real,likely_real,0.9546839735986744
likely_real,likely_real,0.9631451379294669
likely_fake,likely_fake,0.9830328294808164
likely_real,likely_real,0.6967145900625554
likely_real,likely_real,0.9015375189427531
likely_fake,likely_fake,0.9604608682266317
likely_real,likely_real,0.9748346498579373
likely_fake,likely_fake,0.8580328066433477
likely_fake,likely_fake,0.9897120246696519
likely_real,likely_real,0.9487255936369778
likely_fake,likely_fake,0.7645034185171546
likely_fake,likely_fake,0.9807257400976371
likely_real,likely_real,0.9541305788531466
likely_real,likely_real,0.9802700005179487
likely_real,likely_real,0.9976558796486847
likely_fake,likely_fake,0.509552187690147
likely_real,likely_real,0.848715668626307
likely_real,likely_real,0.9964957790333768
likely_real,likely_real,0.8813470139562554
likely_real,likely_real,0.9389358046494185
likely_real,likely_real,0.7636849628553248
likely_fake,likely_fake,0.9856347719202199
likely_real,likely_real,0.9529193317380761
likely_fake,likely_fake,0.9430704233585313
likely_real,likely_real,0.9483272751972356
likely_fake,likely_fake,0.9489044712297275
likely_fake,likely_fake,0.9325736753940568
likely_fake,likely_fake,0.7529366878733144
likely_real,likely_real,0.9755644043420989
likely_fake,likely_fake,0.9921656259621194
likely_real,likely_real,0.9932552862538927
likely_real,likely_real,0.9929002666749853
likely_real,likely_real,0.9841280780611826
likely_fake,likely_fake,0.7917004329058953
likely_fake,likely_fake,0.9855546226369662
likely_fake,likely_fake,0.9726319560346984
likely_fake,likely_fake,0.9392082904950304
likely_real,likely_real,0.969264541853091
likely_real,likely_real,0.9311415231008388
likely_real,likely_real,0.951916471250794
likely_real,likely_real,0.9630913122943939
likely_fake,likely_fake,0.8879109872011803
likely_fake,likely_fake,0.996805073730613
likely_fake,likely_fake,0.8385646846845491
likely_real,likely_real,0.8392520759552373
likely_fake,likely_fake,0.9902263483649767
likely_real,likely_real,0.9449232415569697
likely_real,likely_real,0.9727213950147288
likely_real,likely_real,0.9053840627839558
likely_fake,likely_fake,0.9921716015914684
likely_fake,likely_fake,0.9888732105975812
likely_fake,likely_fake,0.977609769370724
likely_fake,likely_fake,0.9685440591282161
likely_real,likely_real,0.9838888066026327
likely_real,likely_real,0.9101167701666686
likely_real,likely_real,0.9938604574531563
likely_fake,likely_fake,0.9100086149479263
likely_fake,likely_fake,0.9756656049150295
likely_real,likely_real,0.9723730859010158
likely_fake,likely_fake,0.9509996951823655
likely_fake,likely_fake,0.9904222740924917
likely_real,likely_real,0.9851770238157926
likely_fake,likely_fake,0.6302088200411067
likely_real,likely_real,0.9750090544017795
likely_fake,likely_fake,0.98753992539191
likely_fake,likely_fake,0.6351286394219817
likely_real,likely_real,0.925010452137922
likely_real,likely_real,0.9780748844019186
likely_fake,likely_fake,0.9469089892114376
likely_fake,likely_fake,0.9774543757961437
likely_fake,likely_fake,0.9213922748367379
likely_real,likely_real,0.9755201846420484
likely_fake,likely_fake,0.5930671318738359
likely_fake,likely_fake,0.8150548510237898
likely_fake,likely_fake,0.9900110793559814
likely_fake,likely_fake,0.8754060814740738
likely_fake,likely_fake,0.9658349932505176
likely_fake,likely_fake,0.9891139425825712
likely_fake,likely_fake,0.8145198337596385
likely_real,likely_real,0.9691289420343212
likely_fake,likely_fake,0.9782492829638805
likely_real,likely_real,0.8798762780639481
likely_fake,likely_fake,0.987065273068084
likely_fake,likely_fake,0.9423294835932977
likely_real,likely_real,0.9739069052519723
likely_real,likely_real,0.9747561100218747
likely_real,likely_real,0.9859781841760664
likely_real,likely_real,0.9927428144773494
likely_real,likely_real,0.9672002174562003
likely_real,likely_real,0.9621133305493528
likely_real,likely_real,0.9825579604243018
likely_real,likely_real,0.9681848308479418
likely_real,likely_real,0.9789848875250244
likely_real,likely_real,0.9680235526962876
likely_fake,likely_fake,0.9576317715892094
likely_fake,likely_fake,0.6606415102027388
likely_fake,likely_fake,0.9484423965873306
likely_real,likely_real,0.9283835737470847
likely_real,likely_real,0.9939707786226715
likely_real,likely_real,0.9941276387896386
likely_real,likely_real,0.9324140643980995
likely_fake,likely_fake,0.9241438745822202
likely_fake,likely_real,0.5278231071125776
likely_fake,likely_fake,0.9984926657278301
likely_real,likely_real,0.9886623068843768
likely_real,likely_real,0.9790242192438666
likely_real,likely_real,0.9946837311859104
likely_fake,likely_fake,0.9961389596823366
likely_fake,likely_fake,0.9654122309952886
likely_real,likely_real,0.7972350433660103
likely_fake,likely_fake,0.9490851103982412
likely_real,likely_real,0.992828596331906
likely_fake,likely_fake,0.9770295953966269
likely_fake,likely_fake,0.9843844901779302
likely_fake,likely_fake,0.866538482467602
likely_real,likely_real,0.9764007161274595
likely_fake,likely_fake,0.9734515039267526
likely_real,likely_real,0.9343230565262968
likely_real,likely_real,0.9456016364036057
likely_fake,likely_fake,0.979218329423609
likely_real,likely_real,0.9093149666105831
likely_fake,likely_fake,0.9048186838359191
likely_fake,likely_fake,0.9716574965880129
likely_real,likely_real,0.7983009445915852
likely_fake,likely_fake,0.849129567391579
likely_real,likely_real,0.9850239471846117
likely_real,likely_real,0.9907551709837129
likely_real,likely_real,0.9749183324203199
likely_fake,likely_fake,0.913621380366654
likely_fake,likely_fake,0.9971068435675002
likely_fake,likely_fake,0.9827705681933159
likely_real,likely_real,0.9696311462967574
likely_fake,likely_fake,0.5195952335817062
likely_real,likely_real,0.9143525148971632
likely_real,likely_real,0.9030846001772986
likely_real,likely_real,0.9067037201474518
likely_fake,likely_fake,0.9947034801838881
likely_fake,likely_fake,0.7166458137559286
likely_real,likely_real,0.9629912957454794
likely_real,likely_real,0.9877113158791397
likely_real,likely_real,0.966612169525912
likely_fake,likely_fake,0.9020850181832377
likely_fake,likely_fake,0.9712945764000254
likely_fake,likely_fake,0.9070746170823398
likely_fake,likely_fake,0.9749089422967252
likely_real,likely_real,0.9558155828342862
likely_fake,likely_fake,0.6815197256768596
likely_fake,likely_fake,0.9191241710482201
likely_real,likely_real,0.9776206225102329
likely_fake,likely_fake,0.9943130013278024
likely_real,likely_real,0.9855026857546605
likely_real,likely_real,0.9755512149309148
likely_real,likely_real,0.9876787342095358
likely_real,likely_real,0.91611265083045
likely_fake,likely_fake,0.9858879251451284
likely_real,likely_real,0.7715456518192157
likely_fake,likely_fake,0.9613103562682223
likely_real,likely_real,0.938323049078955
likely_real,likely_real,0.9417821784824406
likely_real,likely_real,0.8512950730749709
likely_fake,likely_fake,0.9861202683605761
likely_real,likely_real,0.989734916422462
likely_real,likely_real,0.9732870922107527
likely_real,likely_real,0.9558574670211898
likely_real,likely_real,0.9731476380828579
likely_fake,likely_fake,0.916279972487011
likely_real,likely_real,0.9734452984553135
likely_real,likely_real,0.9039278110609336
likely_real,likely_real,0.9331181238537352
likely_fake,likely_fake,0.9752730684835151
likely_real,likely_real,0.8587339967166633
likely_fake,likely_fake,0.996849351711986
likely_real,likely_real,0.9126734818358758
likely_fake,likely_fake,0.9673258957847445
likely_fake,likely_fake,0.9771966376406643
likely_real,likely_real,0.9770889832974273
likely_real,likely_real,0.9738614246126348
likely_fake,likely_fake,0.9659858019276848
likely_fake,likely_fake,0.9744840018091335
likely_real,likely_real,0.9724207472447265
likely_fake,likely_fake,0.9778722896473283
likely_real,likely_real,0.9546916995324106
likely_real,likely_real,0.663788251006032
likely_real,likely_real,0.9409579741359503
likely_fake,likely_fake,0.9661117506905783
likely_real,likely_real,0.8970952125504333
likely_fake,likely_fake,0.9854528193197201
likely_real,likely_real,0.9795987287445617
likely_real,likely_real,0.8469661480780829
likely_fake,likely_fake,0.9840627811376926
likely_real,likely_real,0.9725032371508562
likely_real,likely_real,0.9690108073048362
likely_fake,likely_fake,0.7675987720462552
likely_fake,likely_fake,0.6723068298993244
likely_real,likely_real,0.9692660573389651
likely_real,likely_real,0.9793012784730294
likely_fake,likely_fake,0.9899949516407829
likely_fake,likely_fake,0.937465627501857
likely_real,likely_real,0.9716199909444357
likely_real,likely_real,0.9448549523416935
likely_real,likely_real,0.9870636296013298
likely_fake,likely_fake,0.8822397664644464
likely_fake,likely_fake,0.8415920903811469
likely_fake,likely_fake,0.9500076845040627
likely_real,likely_real,0.6517634199429627
likely_real,likely_real,0.9136325298730372
likely_real,likely_real,0.9527936288868605
likely_real,likely_fake,0.5272272024152336
likely_real,likely_real,0.9823588842954427
likely_fake,likely_fake,0.9081018403270975
likely_fake,likely_fake,0.9601616571128393
likely_fake,likely_fake,0.7245774132534255
likely_real,likely_real,0.9876396901330062
likely_fake,likely_fake,0.9976726039145197
likely_fake,likely_fake,0.9651649730094807
likely_real,likely_real,0.9799315763546842
likely_fake,likely_fake,0.9231050932224162
likely_real,likely_real,0.8887117149266356
likely_real,likely_real,0.9407133394700263
likely_fake,likely_fake,0.9898728278171725
likely_fake,likely_fake,0.9480354154683158
likely_fake,likely_fake,0.9720404381118775
likely_real,likely_real,0.9780602099945254
likely_real,likely_real,0.945888165303979
likely_real,likely_real,0.927894412662925
likely_real,likely_real,0.8485701544297982
likely_real,likely_real,0.9605421731626291
likely_fake,likely_fake,0.650609246587956
likely_fake,likely_fake,0.9774066794918471
likely_real,likely_real,0.966190738551197
likely_fake,likely_fake,0.9196212312438994
likely_real,likely_real,0.96937279317003
likely_fake,likely_fake,0.81399478771605
likely_real,likely_real,0.9805673694195395
likely_real,likely_real,0.9831973324683058
likely_real,likely_real,0.9750243017705192
likely_real,likely_real,0.9494971860332211
likely_fake,likely_fake,0.9504302161966784
likely_real,likely_real,0.9790706654600313
likely_fake,likely_fake,0.9783609299745237
likely_real,likely_real,0.847990452806272
likely_real,likely_real,0.9607328212924928
likely_real,likely_real,0.8280804993405945
likely_real,likely_real,0.9841078767394845
likely_fake,likely_fake,0.9726074266966558
likely_real,likely_real,0.9056382805740342
likely_real,likely_real,0.9698820656312203
likely_real,likely_real,0.9920398962211379
likely_real,likely_real,0.697721697777624
likely_real,likely_real,0.8747443534532963
likely_fake,likely_fake,0.9900858369874145
likely_fake,likely_fake,0.9911047065748169
likely_fake,likely_fake,0.985503683024033
likely_real,likely_real,0.9690070263854144
likely_real,likely_real,0.9610885514155101
likely_real,likely_real,0.8184737479616236
likely_fake,likely_fake,0.987163643456454
likely_fake,likely_fake,0.9648133042390474
likely_fake,likely_fake,0.7839714220204989
likely_real,likely_real,0.9360110733957192
likely_real,likely_real,0.8617707999871146
likely_fake,likely_fake,0.7423399991532063
likely_fake,likely_fake,0.9819752402378495
likely_fake,likely_fake,0.9975468716219547
likely_real,likely_fake,0.5881507904322745
likely_fake,likely_fake,0.9292485075902543
likely_real,likely_real,0.7718055305878213
likely_real,likely_real,0.9718637601920324
likely_real,likely_real,0.9502527672049254
likely_real,likely_real,0.9715670176540069
likely_real,likely_real,0.9822970221981477
likely_fake,likely_fake,0.8073796247796157
likely_real,likely_real,0.9925752822647487
likely_fake,likely_fake,0.8739100824047525
likely_real,likely_real,0.9828287936957927
likely_fake,likely_fake,0.962991143193382
likely_real,likely_real,0.986696512031446
likely_fake,likely_fake,0.9447149203754887
likely_fake,likely_fake,0.9864350646988825
likely_real,likely_real,0.9505781370935552
likely_fake,likely_fake,0.9734282319816706
likely_real,likely_real,0.9013033692666146
likely_fake,likely_fake,0.9329064310390855
likely_real,likely_real,0.9170204035137098
likely_fake,likely_fake,0.7721484400860948
likely_fake,likely_fake,0.868354620429353
likely_fake,likely_fake,0.6678521006692565
likely_real,likely_real,0.9667727119312446
likely_fake,likely_fake,0.9869836399143683
likely_fake,likely_fake,0.9796046253960491
likely_fake,likely_fake,0.9731764322596442
likely_real,likely_real,0.9403952535166513
likely_real,likely_real,0.959896203014498
likely_fake,likely_fake,0.9984959112433576
likely_real,likely_real,0.8878941690099263
likely_fake,likely_fake,0.9043224586957945
likely_real,likely_real,0.8943245099277997
likely_real,likely_real,0.5567525528444073
likely_fake,likely_fake,0.6374044921571941
likely_real,likely_real,0.9744385008544499
likely_real,likely_real,0.9274055779553027
likely_real,likely_real,0.6594927152915395
likely_real,likely_real,0.9781725506780194
likely_real,likely_real,0.9592424853192801
likely_real,likely_real,0.9956013656458457
likely_fake,likely_fake,0.9343610084734015
likely_real,likely_real,0.9733289949499074
likely_fake,likely_fake,0.908692789572647
likely_fake,likely_fake,0.9691064212329948
likely_real,likely_real,0.9757528764606879
likely_real,likely_real,0.9788023944386519
likely_real,likely_real,0.9387370562943874
likely_fake,likely_fake,0.9948566108297635
likely_real,likely_real,0.6438468479310272
likely_fake,likely_fake,0.978216668353791
likely_real,likely_real,0.9758802146398455
likely_real,likely_real,0.9938889954346757
likely_real,likely_real,0.9748335155209094
likely_fake,likely_fake,0.9914549614365674
likely_fake,likely_fake,0.9946284600323132
likely_real,likely_real,0.9586630055880468
likely_fake,likely_fake,0.9148771653298096
likely_real,likely_real,0.9670936660467575
likely_fake,likely_fake,0.973312934731957
likely_real,likely_real,0.9695336946125959
likely_real,likely_real,0.9348760172666402
likely_real,likely_real,0.8676555673948827
likely_real,likely_real,0.9849561473374476
likely_fake,likely_fake,0.9635522608647606
likely_real,likely_real,0.97471707182169
likely_real,likely_real,0.9754722483789068
likely_real,likely_real,0.9030884923380171
likely_real,likely_real,0.8405824922539336
likely_real,likely_real,0.9515027713120645
likely_real,likely_real,0.9409304079882098
likely_real,likely_real,0.716248041908494
likely_fake,likely_fake,0.9938708616463708
likely_real,likely_real,0.9740272808747436
likely_real,likely_real,0.9896130005065358
likely_fake,likely_fake,0.9905955785446181
likely_real,likely_real,0.9316882669925043
likely_fake,likely_fake,0.995874871189126
likely_real,likely_real,0.9200788649950165
likely_real,likely_real,0.9461513148427823
likely_real,likely_real,0.9880430162539418
likely_real,likely_real,0.9366415955048408
likely_real,likely_real,0.9697540131960415
likely_real,likely_real,0.8530759926692196
likely_real,likely_real,0.7840192895996836
likely_fake,likely_fake,0.9711838629713077
likely_real,likely_real,0.9451803528696591
likely_real,likely_real,0.9818979841153888
likely_real,likely_real,0.7336097397759236
likely_fake,likely_fake,0.931520819047899
likely_real,likely_real,0.9679465087586255
likely_fake,likely_fake,0.9900213110727447
likely_real,likely_real,0.9772397761487078
likely_fake,likely_fake,0.9925725619508864
likely_fake,likely_fake,0.9284026908356164
likely_real,likely_real,0.9307282619746633
likely_real,likely_real,0.9194896556393479
likely_fake,likely_fake,0.9268776371747947
likely_fake,likely_fake,0.9683185687891942
likely_fake,likely_fake,0.9619201894316577
likely_real,likely_real,0.975030141711799
likely_real,likely_real,0.9778262656817227
likely_real,likely_real,0.9913438291680913
likely_fake,likely_fake,0.8718429691601232
likely_real,likely_real,0.9598238573725075
likely_real,likely_real,0.9400180869508586
likely_real,likely_real,0.9679420716921503
likely_real,likely_real,0.9521320172901288
likely_real,likely_real,0.9717578840062956
likely_real,likely_real,0.935978031479113
likely_fake,likely_fake,0.9920177682175222
likely_real,likely_real,0.9724508799107857
likely_real,likely_real,0.9776704896088029
likely_fake,likely_fake,0.9807138523262635
likely_fake,likely_fake,0.9962844752233475
likely_real,likely_real,0.9801691147525562
likely_real,likely_real,0.9533113253826309
likely_fake,likely_fake,0.9601417339916263
likely_fake,likely_fake,0.9871267392838075
likely_real,likely_real,0.9303140401437744
likely_real,likely_real,0.9638500704436906
likely_real,likely_real,0.9924992913373433
likely_fake,likely_fake,0.9890887054699431
likely_real,likely_real,0.9331803505034691
likely_fake,likely_fake,0.9880454608148838
likely_real,likely_real,0.8680246076278607
likely_fake,likely_fake,0.9701838737976592
likely_fake,likely_fake,0.8035161507549724
likely_real,likely_real,0.9802829081411816
likely_fake,likely_fake,0.9655707998513887
likely_fake,likely_fake,0.995739128270344
likely_fake,likely_fake,0.8131878901980548
likely_fake,likely_fake,0.993363122316859
likely_real,likely_real,0.9703439959107807
likely_fake,likely_fake,0.9250073319452432
likely_real,likely_real,0.9900764080206383
likely_fake,likely_fake,0.9691993678674679
likely_real,likely_real,0.9607993233634058
likely_fake,likely_fake,0.9467975701490423
likely_fake,likely_fake,0.9956649892260562
likely_fake,likely_fake,0.7875386335741196
likely_real,likely_real,0.9740916482554509
likely_fake,likely_fake,0.9900063745674289
likely_real,likely_real,0.9285779159161772
likely_fake,likely_fake,0.9850799942374157
likely_fake,likely_fake,0.9018387356767305
likely_real,likely_real,0.974064032912659
likely_fake,likely_fake,0.5673034560995116
likely_fake,likely_fake,0.9979895786402878
likely_real,likely_real,0.9920593508721106
likely_fake,likely_fake,0.9931719489516684
likely_fake,likely_fake,0.8977520185884604
likely_real,likely_real,0.8107130943340618
likely_real,likely_real,0.9784393965920204
likely_fake,likely_fake,0.9825050285819231
likely_fake,likely_fake,0.9865732432534368
likely_real,likely_real,0.9698893792248666
likely_real,likely_fake,0.5493312650308623
likely_real,likely_real,0.9965773487400894
likely_real,likely_real,0.6718599307732949
likely_real,likely_real,0.9680503548673345
likely_real,likely_real,0.9619991577519973
likely_real,likely_real,0.9395966009743387
likely_fake,likely_fake,0.9961442590641574
likely_real,likely_real,0.979113562321594
likely_real,likely_real,0.9767494835008462
likely_fake,likely_fake,0.8477532553124866
likely_fake,likely_fake,0.9314135235604359
likely_fake,likely_fake,0.8829372555116364
likely_fake,likely_fake,0.9457810832265388
likely_fake,likely_fake,0.9931454795504393
likely_real,likely_real,0.9763030955358647
likely_fake,likely_fake,0.9829809724945141
likely_real,likely_real,0.9549660574255657
likely_real,likely_real,0.7087016702015131
likely_fake,likely_fake,0.982746301912805
likely_real,likely_real,0.9422853755945139
likely_real,likely_real,0.9777785708037967
likely_real,likely_fake,0.5882028091114762
likely_real,likely_real,0.9138106700708077
likely_real,likely_real,0.986577717426578
likely_real,likely_real,0.9522256535314505
likely_real,likely_real,0.9798170394717503
likely_fake,likely_fake,0.9470759057187529
likely_real,likely_real,0.9882545846453338
likely_real,likely_real,0.9738441961616552
likely_fake,likely_fake,0.9273230575090007
likely_fake,likely_fake,0.9883544489573363
likely_fake,likely_fake,0.9894768506230461
likely_fake,likely_fake,0.9781566738934354
likely_real,likely_real,0.7144696716375833
likely_fake,likely_fake,0.9858345252070646
likely_fake,likely_fake,0.9986501643813176
likely_real,likely_real,0.903505363935362
likely_real,likely_real,0.9157051094938994
likely_fake,likely_fake,0.9914455732271895
likely_fake,likely_fake,0.9820088119392489
likely_fake,likely_fake,0.9868573639619382
likely_real,likely_real,0.9176526475205937
likely_real,likely_real,0.8439545510784949
likely_fake,likely_fake,0.9838848035922886
likely_fake,likely_fake,0.8505780445577225
likely_real,likely_real,0.98118400909497
likely_real,likely_real,0.9630530078720123
likely_fake,likely_fake,0.8526206512157974
likely_fake,likely_fake,0.9199206958076809
likely_fake,likely_fake,0.7389685558702377
likely_fake,likely_fake,0.8054403579111076
likely_real,likely_real,0.9041844719774079
likely_real,likely_real,0.9468076068438468
likely_real,likely_real,0.9314977758818582
likely_real,likely_real,0.9509209316235379
likely_fake,likely_fake,0.9906857821473962
likely_real,likely_real,0.9916029429589105
likely_fake,likely_fake,0.9901847735065802
likely_real,likely_real,0.943593182815261
likely_fake,likely_fake,0.9506612607421122
likely_fake,likely_fake,0.997453523919054
likely_real,likely_real,0.8870022989637243
likely_real,likely_real,0.8558359953059548
likely_real,likely_real,0.9868915445178449
likely_fake,likely_fake,0.9830572922904992
likely_fake,likely_fake,0.9089295286086819
likely_real,likely_real,0.9863439964942232
likely_fake,likely_fake,0.6805696873430942
likely_real,likely_real,0.98362151968638
likely_fake,likely_fake,0.9227850381384448
likely_fake,likely_fake,0.7973432166088824
likely_real,likely_real,0.9315995751328533
likely_fake,likely_fake,0.8066490590895339
likely_fake,likely_fake,0.9938343130928781
likely_fake,likely_fake,0.988322059127171
likely_fake,likely_fake,0.9774246064984232
likely_real,likely_real,0.9278806663314392
likely_real,likely_real,0.9795849652811061
likely_real,likely_real,0.9777663631447777
likely_fake,likely_fake,0.9499177830058364
likely_fake,likely_fake,0.9895591579304498
likely_real,likely_real,0.9689926437784576
likely_fake,likely_fake,0.9271544558877838
likely_real,likely_real,0.9682632987769724
likely_real,likely_real,0.9693027934867932
likely_real,likely_real,0.9834443950408933
likely_real,likely_real,0.9823319873680376
likely_fake,likely_fake,0.995861154390328
likely_real,likely_real,0.9601695453585191
likely_real,likely_real,0.9777549310693395
likely_fake,likely_fake,0.9923847243101895
likely_real,likely_real,0.9921507301298992
likely_real,likely_real,0.9709852939551948
likely_real,likely_real,0.9795036364341458
likely_fake,likely_fake,0.9478609208608402
likely_real,likely_real,0.906705233196228
likely_fake,likely_fake,0.9769410634976752
likely_real,likely_real,0.8881899333436858
likely_real,likely_real,0.9889152776582548
likely_real,likely_real,0.9930893463595614
likely_real,likely_real,0.953996958444524
likely_fake,likely_fake,0.9138944053954452
likely_real,likely_real,0.9822718752656898
likely_fake,likely_fake,0.9642495430555352
likely_real,likely_real,0.9308153647170969
likely_fake,likely_fake,0.97381950848242
likely_fake,likely_fake,0.678009679063395
likely_fake,likely_fake,0.9882603687479018
likely_fake,likely_fake,0.9825346380349717
likely_real,likely_real,0.982891259643403
likely_real,likely_real,0.9902562762894848
likely_fake,likely_fake,0.8347985718777127
likely_fake,likely_fake,0.9733156517335247
likely_real,likely_real,0.9919290036456184
likely_fake,likely_fake,0.9251702278533626
likely_real,likely_real,0.9927727901909287
likely_real,likely_real,0.9784394233329438
likely_fake,likely_fake,0.9925841540160473
likely_real,likely_real,0.9690035216090166
likely_real,likely_fake,0.7703760546697375
likely_real,likely_real,0.8291411864461282
likely_real,likely_real,0.9783826748189675
likely_fake,likely_fake,0.9881154936175655
likely_fake,likely_fake,0.9232897381937288
likely_fake,likely_fake,0.9922287302170364
likely_real,likely_real,0.9145089391277827
likely_real,likely_real,0.7783199597332626
likely_fake,likely_fake,0.5141356231058809
likely_real,likely_real,0.9416973215521368
likely_real,likely_real,0.9636469562511047
likely_real,likely_real,0.9752414409261644
likely_fake,likely_fake,0.9498166836628383
likely_fake,likely_fake,0.9105950987641318
likely_fake,likely_real,0.643280837647219
likely_fake,likely_fake,0.9479230297973557
likely_fake,likely_fake,0.7395587903441522
likely_real,likely_real,0.9138395092686347
likely_real,likely_real,0.9649070912848706
likely_real,likely_real,0.9937726370924468
likely_real,likely_real,0.926638898822871
likely_fake,likely_fake,0.8357659083472408
likely_fake,likely_fake,0.9755332056947058
likely_real,likely_real,0.9933931916743785
likely_fake,likely_fake,0.9863870941767928
likely_fake,likely_fake,0.8736488477517423
likely_real,likely_real,0.8692171024605061
likely_real,likely_real,0.9657724365975895
likely_real,likely_real,0.9895777973604538
likely_real,likely_real,0.9776536091071684
likely_real,likely_real,0.9131747736541108
likely_fake,likely_fake,0.9517316220757
likely_real,likely_real,0.9295388829156359
likely_real,likely_real,0.9097059426688444
likely_real,likely_real,0.969612172128953
likely_fake,likely_fake,0.9588992927904066
likely_real,likely_real,0.9857097379991571
likely_real,likely_real,0.9704407951171385
likely_real,likely_real,0.9480144909400853
likely_fake,likely_fake,0.9856842550707504
likely_fake,likely_fake,0.9561675443341756
likely_fake,likely_fake,0.9858466651879287
likely_fake,likely_fake,0.9960442841976824
likely_fake,likely_fake,0.8994297576262188
likely_fake,likely_fake,0.9666016205363834
likely_real,likely_real,0.9763299644241048
likely_fake,likely_fake,0.8495673517410346
likely_real,likely_real,0.990296469371377
likely_fake,likely_fake,0.9864598267358203
likely_real,likely_real,0.9846050653831829
likely_real,likely_real,0.9863533811410266
likely_fake,likely_fake,0.986875240796489
likely_real,likely_real,0.9258487094270879
likely_real,likely_real,0.929071043017013
likely_real,likely_real,0.9786014033406595
likely_fake,likely_fake,0.668182114494717
likely_fake,likely_fake,0.9675857536150257
likely_fake,likely_fake,0.9907867427289714
likely_real,likely_real,0.9080961368244311
likely_real,likely_real,0.921384162113486
likely_fake,likely_fake,0.9737791511960333
likely_fake,likely_fake,0.9972987026015733
likely_real,likely_real,0.8873009398564696
likely_real,likely_real,0.9859055736256938
likely_real,likely_real,0.9662744655962412
likely_fake,likely_fake,0.7166432578386241
likely_real,likely_real,0.9859602892925994
likely_real,likely_real,0.9018119242160259
likely_fake,likely_fake,0.9908170207608904
likely_real,likely_real,0.929965586604295
likely_fake,likely_fake,0.8624263919065863
likely_fake,likely_fake,0.8541417162626685
likely_fake,likely_fake,0.9776392823650063
likely_fake,likely_fake,0.814693141402649
likely_real,likely_real,0.9720452065803256
likely_fake,likely_fake,0.9495710810505926
likely_real,likely_real,0.952969803027994
likely_real,likely_real,0.98556656084915
likely_fake,likely_fake,0.854753603700585
likely_real,likely_real,0.9905026417491701
likely_fake,likely_fake,0.9702602760871152
likely_real,likely_real,0.9787132972522216
likely_fake,likely_fake,0.9923362302648376
likely_real,likely_real,0.9748444348988656
likely_fake,likely_fake,0.823723568993303
likely_fake,likely_fake,0.9566019077197658
likely_real,likely_real,0.9573554597820733
likely_real,likely_real,0.9809941855920625
likely_fake,likely_fake,0.9962554315380409
likely_fake,likely_fake,0.9852161109594475
likely_fake,likely_fake,0.9959471371322537
likely_fake,likely_fake,0.7531036964646767
likely_real,likely_real,0.9795519158551376
likely_fake,likely_fake,0.8942042215612417
likely_real,likely_real,0.9870857200589223
likely_fake,likely_fake,0.980973699181216
likely_fake,likely_fake,0.9809373697940433
likely_real,likely_real,0.905062289016522
likely_fake,likely_fake,0.9832482316196302
likely_real,likely_real,0.9781166049886348
likely_real,likely_real,0.9320952004702664
likely_fake,likely_fake,0.6383947563708047
likely_fake,likely_fake,0.9920798083685282
likely_fake,likely_fake,0.9622352664828973
likely_fake,likely_fake,0.9777706620286831
likely_fake,likely_fake,0.7306742618289417
likely_fake,likely_fake,0.9575655103639183
likely_real,likely_real,0.9718201391239019
likely_real,likely_real,0.9851718049824039
likely_fake,likely_fake,0.7846471727104107
likely_fake,likely_fake,0.9934045218149715
likely_fake,likely_fake,0.9889017167731243
likely_real,likely_real,0.9548873040447091
likely_real,likely_real,0.956531678491483
likely_fake,likely_fake,0.9837889655773524
likely_fake,likely_real,0.5573706172999272
likely_real,likely_real,0.98596127943616
likely_real,likely_real,0.9875980544375602
likely_fake,likely_fake,0.9589570098260398
likely_fake,likely_fake,0.9578876059615569
likely_real,likely_real,0.9532730656841624
likely_fake,likely_fake,0.7554064316270219
likely_fake,likely_fake,0.9915989367150297
likely_fake,likely_fake,0.9979815777994383
likely_real,likely_real,0.9814140180724717
likely_real,likely_real,0.9947669100774915
likely_real,likely_real,0.9448410098785383
likely_real,likely_real,0.8688131883647938
likely_real,likely_real,0.9150056600938598
likely_real,likely_real,0.957435124169153
likely_real,likely_real,0.9457997464836158
likely_real,likely_real,0.9556010438943573
likely_real,likely_real,0.9790840361313465
likely_real,likely_real,0.9419797209179409
likely_fake,likely_fake,0.9693279793930026
likely_fake,likely_fake,0.9269919016166274
likely_fake,likely_fake,0.9571375654723441
likely_fake,likely_fake,0.9311232905029474
likely_real,likely_real,0.9862368059472735
likely_fake,likely_fake,0.9884866311303133
likely_real,likely_real,0.9721201392718175
likely_real,likely_real,0.8068316718715871
likely_fake,likely_fake,0.9944070384602378
likely_real,likely_real,0.9917135125573668
likely_real,likely_real,0.9961355669209684
likely_fake,likely_fake,0.9953782344183478
likely_real,likely_real,0.9779643127124065
likely_fake,likely_fake,0.971501327533731
likely_real,likely_real,0.9415894668301559
likely_fake,likely_fake,0.9842228469596169
likely_real,likely_real,0.9940501925141497
likely_real,likely_real,0.9699969209355607
likely_fake,likely_fake,0.9188086021630777
likely_fake,likely_fake,0.9803536490808479
likely_real,likely_real,0.8733091348075782
likely_fake,likely_fake,0.9371387048480644
likely_fake,likely_fake,0.9933190638685035
likely_real,likely_real,0.9777914705824354
likely_fake,likely_fake,0.9457404411576663
likely_fake,likely_fake,0.969891173253802
likely_real,likely_real,0.9959860187478841
likely_real,likely_real,0.9820039726741552
likely_real,likely_real,0.8672327497539499
likely_real,likely_real,0.9868101537055716
likely_fake,likely_fake,0.7361424418470578
likely_real,likely_real,0.9439767024014756
likely_real,likely_real,0.6159816063175654
likely_real,likely_real,0.9602049295294792
likely_fake,likely_fake,0.9896742101809659
likely_real,likely_real,0.986652747254003
likely_real,likely_real,0.9767991370707306
likely_real,likely_real,0.9940814989691993
likely_real,likely_real,0.9972572754895146
likely_real,likely_real,0.979517215567215
likely_fake,likely_fake,0.9098533967403349
likely_real,likely_real,0.9480983110691255
likely_fake,likely_fake,0.9434717745795158
likely_fake,likely_fake,0.976514108985914
likely_fake,likely_fake,0.9947424569454155
likely_fake,likely_fake,0.9197054759463742
likely_fake,likely_fake,0.8930448570708471
likely_real,likely_real,0.7900342211703247
likely_fake,likely_fake,0.992747002688422
likely_fake,likely_fake,0.9558620905117244
likely_real,likely_real,0.973298874784242
likely_real,likely_real,0.9602629110763785
likely_real,likely_real,0.8876373322263271
likely_real,likely_real,0.9462843548759686
likely_fake,likely_fake,0.932362747224855
likely_real,likely_real,0.9432603017754452
likely_real,likely_real,0.9882883868528302
likely_real,likely_real,0.9113806057836018
likely_real,likely_real,0.877183628448312
likely_real,likely_real,0.9774107702135528
likely_real,likely_real,0.9668410984988486
likely_fake,likely_fake,0.9760398855142225
likely_fake,likely_fake,0.9976349113503531
likely_fake,likely_fake,0.9112764779356256
likely_fake,likely_fake,0.6363350038893796
likely_fake,likely_fake,0.9599315276062761
likely_real,likely_real,0.9502073834104586
likely_real,likely_real,0.9165367713106317
likely_fake,likely_fake,0.9613965129704826
likely_real,likely_real,0.9913754553200507
likely_fake,likely_fake,0.9980386607832976
likely_real,likely_real,0.959437297777488
likely_fake,likely_fake,0.9973031981516276
likely_fake,likely_fake,0.6614539153531618
likely_real,likely_real,0.9619908391206733
likely_fake,likely_fake,0.9760178958100337
likely_fake,likely_fake,0.9413620764222739
likely_real,likely_real,0.8735875073719471
likely_real,likely_real,0.8165663696184233
likely_fake,likely_fake,0.9163123664843911
likely_real,likely_real,0.969444106143768
likely_real,likely_real,0.996008349723417
likely_real,likely_real,0.9236992957522379
likely_fake,likely_fake,0.9758898653560627
likely_fake,likely_fake,0.9858119140590806
likely_fake,likely_fake,0.9925134895690787
likely_fake,likely_fake,0.9903267397204499
likely_fake,likely_fake,0.9800548666170867
likely_fake,likely_fake,0.827853608594233
likely_fake,likely_fake,0.9087594853206367
likely_fake,likely_fake,0.9955651223720651
likely_real,likely_real,0.9838796274593613
likely_real,likely_real,0.9734522077487399
likely_fake,likely_fake,0.9715937945827708
likely_real,likely_real,0.9497359748010296
likely_real,likely_real,0.9663144887294142
likely_real,likely_real,0.9767581109258783
likely_fake,likely_fake,0.9759955433634171
likely_real,likely_real,0.9539316642602726
likely_fake,likely_fake,0.9912197458244872
likely_real,likely_real,0.9799243440672577
likely_real,likely_real,0.9160559800950637
likely_real,likely_real,0.8825264028911173
likely_real,likely_real,0.9463639766961003
likely_fake,likely_fake,0.9367062592670192
likely_fake,likely_fake,0.8838999952844327
likely_real,likely_real,0.9412428362611601
likely_real,likely_real,0.9721596054257351
likely_real,likely_real,0.986784736124283
likely_fake,likely_fake,0.9886548266882194
likely_real,likely_real,0.9065578489911282
likely_fake,likely_fake,0.9960356799958326
likely_real,likely_real,0.9769676444254426
likely_real,likely_real,0.9724799842177874
likely_real,likely_real,0.96513494042901
likely_real,likely_real,0.9750978344075236
likely_real,likely_real,0.9849254123042602
likely_fake,likely_fake,0.99727387096702
likely_fake,likely_fake,0.8667527871265919
likely_fake,likely_fake,0.9640045055323592
likely_real,likely_real,0.9746341167269443
likely_fake,likely_fake,0.995305759139641
likely_fake,likely_fake,0.9858463617201185
likely_fake,likely_fake,0.983034032353698
likely_fake,likely_fake,0.9738191833956568
likely_fake,likely_fake,0.9770099133058885
likely_real,likely_real,0.9823236046907383
likely_real,likely_real,0.9108915478222375
likely_fake,likely_fake,0.9237635786676158
likely_fake,likely_fake,0.9783027282003334
likely_fake,likely_fake,0.9653378134050664
likely_real,likely_real,0.932350109228741
likely_real,likely_real,0.9675109153721214
likely_real,likely_real,0.9703303174847684
likely_fake,likely_fake,0.9896149473054846
likely_real,likely_real,0.9607152997808548
likely_real,likely_real,0.8654022516361947
likely_fake,likely_fake,0.9961733933872366
likely_real,likely_real,0.9477515286893602
likely_fake,likely_fake,0.9903502451375887
likely_real,likely_real,0.9902181267854966
likely_fake,likely_fake,0.9727392585328333
likely_real,likely_real,0.9794383567399043
likely_real,likely_real,0.9400481422004693
likely_real,likely_real,0.9863653037748806
likely_fake,likely_fake,0.6481576530800819
likely_real,likely_real,0.9645793524096475
likely_real,likely_real,0.9797999996729169
likely_real,likely_real,0.9896154512140561
likely_fake,likely_fake,0.9944306191771562
likely_real,likely_real,0.9520554240902396
likely_fake,likely_fake,0.9668467414439722
likely_fake,likely_fake,0.9954745659100394
likely_fake,likely_fake,0.9600738091455377
likely_real,likely_real,0.6723705738527022
likely_fake,likely_fake,0.9904477765549091
likely_fake,likely_fake,0.9916406354790499
likely_fake,likely_fake,0.9929704802666978
likely_real,likely_real,0.6119134026336486
likely_real,likely_real,0.937132041649574
likely_real,likely_real,0.9616196103913093
likely_fake,likely_fake,0.9835076855504958
likely_fake,likely_fake,0.9385494717992983
likely_fake,likely_fake,0.9588453719865373
likely_real,likely_real,0.9811766431332284
likely_fake,likely_fake,0.8466271630150641
likely_real,likely_real,0.9845343549260891
likely_real,likely_real,0.9787396992440828
likely_real,likely_real,0.9572318575264702
likely_real,likely_real,0.8818820770703469
likely_real,likely_real,0.8406623198951675
likely_fake,likely_fake,0.9233630811690762
likely_real,likely_real,0.9601039329230893
likely_fake,likely_fake,0.5914043345144275
likely_real,likely_real,0.8355506113351949
likely_fake,likely_fake,0.9675805469695398
likely_fake,likely_fake,0.9088016717056653
likely_real,likely_real,0.9821874005835048
likely_fake,likely_fake,0.9748690964458546
likely_fake,likely_fake,0.9071935907927744
likely_fake,likely_fake,0.9003750698467168
likely_fake,likely_fake,0.9990363084365166
likely_real,likely_real,0.964741795920186
likely_fake,likely_fake,0.9383050298168122
likely_real,likely_real,0.9949660382619996
likely_fake,likely_fake,0.9876233742104468
likely_real,likely_real,0.8936115266256124
likely_fake,likely_fake,0.9520856822887515
likely_fake,likely_fake,0.9889864147659504
likely_fake,likely_fake,0.8708615409671063
likely_fake,likely_fake,0.9841585226638584
likely_real,likely_real,0.9892091661436172
likely_fake,likely_fake,0.5642322012729575
likely_real,likely_real,0.969968968061371
likely_fake,likely_fake,0.7743033594566577
likely_real,likely_real,0.9728859040648388
likely_real,likely_real,0.8974029229774956
likely_real,likely_real,0.9869223304277531
likely_fake,likely_fake,0.6020028793582666
likely_fake,likely_fake,0.9907934167071379
likely_real,likely_real,0.9051003760045359
likely_fake,likely_fake,0.9867104369507863
likely_real,likely_real,0.9028790157680782
likely_fake,likely_fake,0.9633044544450156
likely_fake,likely_fake,0.507203804462147
likely_fake,likely_fake,0.9963516322995272
likely_real,likely_real,0.9895601012888205
likely_real,likely_real,0.9041231663790049
likely_real,likely_real,0.9982605859294138
likely_real,likely_real,0.9911690401751663
likely_fake,likely_fake,0.9547773827681822
likely_fake,likely_fake,0.9624227844739727
likely_fake,likely_fake,0.9840993020008166
likely_real,likely_real,0.9025058104064665
likely_fake,likely_fake,0.9577026878293292
likely_real,likely_real,0.9682894973266066
likely_real,likely_real,0.7654230648981295
likely_real,likely_real,0.9738126291548658
likely_real,likely_real,0.9534060860051204
likely_fake,likely_fake,0.9884759728986026
likely_real,likely_real,0.9425315776331917
likely_real,likely_real,0.9244509025549768
likely_fake,likely_fake,0.9896427301534091
likely_real,likely_real,0.9906243983344639
likely_real,likely_real,0.9338895625714625
likely_fake,likely_fake,0.9895722298039601
likely_fake,likely_fake,0.9687816194745458
likely_real,likely_real,0.9731909288422713
likely_fake,likely_fake,0.935494235083194
likely_real,likely_real,0.9892944477391441
likely_real,likely_real,0.9701481505723991
likely_fake,likely_fake,0.914512371760128
likely_fake,likely_fake,0.9922716582888521
likely_real,likely_real,0.977270571432858
likely_fake,likely_fake,0.9934546589750677
likely_real,likely_real,0.9878052347041829
likely_real,likely_real,0.9416710863804899
likely_fake,likely_fake,0.9920849517786952
likely_fake,likely_fake,0.740901154367839
likely_fake,likely_fake,0.9862274381368262
likely_real,likely_real,0.96907228524821
likely_fake,likely_fake,0.9890611391730568
likely_fake,likely_fake,0.9057904897875901
likely_fake,likely_fake,0.9961496427874803
likely_fake,likely_fake,0.7738035908999347
likely_real,likely_real,0.9560802044816057
likely_real,likely_real,0.8548037600785994
likely_fake,likely_fake,0.8969967497798463
likely_fake,likely_fake,0.728515584543646
likely_real,likely_real,0.9804218771729846
likely_real,likely_real,0.9873901878833808
likely_fake,likely_fake,0.9434203935963974
likely_real,likely_real,0.9667068762875903
likely_real,likely_real,0.9689913319329448
likely_fake,likely_fake,0.9795737151964371
likely_real,likely_real,0.8119907159971262
likely_fake,likely_fake,0.9512570828172612
likely_real,likely_real,0.8914532949022292
likely_real,likely_real,0.9945225213674787
likely_real,likely_real,0.98687658093466
likely_fake,likely_fake,0.694147177735698
likely_fake,likely_fake,0.9569729279421219
likely_real,likely_real,0.9919414694287679
likely_real,likely_real,0.9561422934678497
likely_fake,likely_real,0.5650998936291991
likely_real,likely_real,0.9683180897441002
likely_real,likely_real,0.9421640970117013
likely_real,likely_real,0.9814589740259124
likely_real,likely_real,0.9627190006227792
likely_fake,likely_fake,0.9515987718199039
likely_real,likely_real,0.9944377377360626
likely_real,likely_real,0.962100493939602
likely_fake,likely_fake,0.9511707383675446
likely_real,likely_real,0.9635444829462971
likely_fake,likely_fake,0.9254353833346665
likely_real,likely_real,0.9956774088867395
likely_real,likely_real,0.97756210363876
likely_fake,likely_fake,0.8446517055071165
likely_real,likely_real,0.9232282694610235
likely_real,likely_real,0.9448242305322717
likely_real,likely_real,0.9880372335521644
likely_fake,likely_fake,0.9096830290737924
likely_fake,likely_fake,0.9335272750734811
likely_fake,likely_fake,0.9974630152160241
likely_fake,likely_fake,0.9306423651187452
likely_fake,likely_fake,0.9989204705570581
likely_fake,likely_fake,0.9772770393675803
likely_real,likely_real,0.9074216961612164
likely_real,likely_real,0.9429515452257508
likely_real,likely_real,0.9453059697536133
likely_real,likely_real,0.9063685573137402
likely_real,likely_real,0.9835389942612418
likely_fake,likely_fake,0.9581176644786027
likely_fake,likely_fake,0.8689070081298021
likely_real,likely_real,0.972986760628646
likely_real,likely_real,0.9796115386720838
likely_real,likely_real,0.5434249447273825
likely_real,likely_real,0.736706532404016
likely_fake,likely_fake,0.9649498765238196
likely_fake,likely_real,0.6275127617668154
likely_real,likely_real,0.9900791459527601
likely_real,likely_real,0.770222697714142
likely_fake,likely_fake,0.9874407849628689
likely_fake,likely_fake,0.9810610991995175
likely_real,likely_real,0.9847220434090808
likely_fake,likely_fake,0.8820678007079373
likely_fake,likely_fake,0.9951030490389531
likely_fake,likely_fake,0.9595853020607688
likely_fake,likely_fake,0.988912368441006
likely_real,likely_real,0.8306525680899244
likely_real,likely_real,0.9897241324437663
likely_real,likely_real,0.9772668764954391
likely_real,likely_real,0.9860939910902374
likely_real,likely_real,0.9589908634642089
likely_real,likely_real,0.9846981444672963
likely_fake,likely_fake,0.9279407877194841
likely_real,likely_real,0.9846747932009642
likely_fake,likely_fake,0.9771434947812797
likely_fake,likely_fake,0.9538849763313978
likely_real,likely_real,0.9786712183834656
likely_fake,likely_fake,0.9908825784370378
likely_real,likely_real,0.990382361134388
likely_fake,likely_fake,0.9382940923793759
likely_real,likely_real,0.7610595877675643
likely_fake,likely_fake,0.9808239193872669
likely_fake,likely_fake,0.9916940725311122
likely_fake,likely_fake,0.9738357546487577
likely_real,likely_real,0.9490723655261019
likely_real,likely_real,0.8997860921932082
likely_real,likely_real,0.9580564524926636
likely_fake,likely_fake,0.95636321000897
likely_fake,likely_fake,0.9075584296165754
likely_fake,likely_fake,0.9704829182984027
likely_real,likely_real,0.9442379554391108
likely_fake,likely_fake,0.9585997835171693
likely_real,likely_real,0.9876509020775345
likely_fake,likely_fake,0.9964524566979387
likely_fake,likely_fake,0.9797937510374849
likely_real,likely_real,0.9742504536336279
likely_fake,likely_fake,0.8554628291565283
likely_fake,likely_fake,0.8291847605063615
likely_fake,likely_fake,0.9886564434052444
likely_real,likely_real,0.957968347512564
likely_real,likely_real,0.991518417838114
likely_real,likely_real,0.9054636240897848
likely_fake,likely_fake,0.9177975745238581
likely_real,likely_real,0.9848462075974975
likely_real,likely_real,0.9300543439019271
likely_real,likely_real,0.993443651437378
likely_fake,likely_fake,0.9609086412620201
likely_real,likely_real,0.994470525859291
likely_fake,likely_fake,0.9444347316491299
likely_real,likely_real,0.9332456304410128
likely_real,likely_real,0.9503752545297486
likely_real,likely_real,0.9256722261344432
likely_fake,likely_fake,0.9379890516684775
likely_fake,likely_fake,0.9880991960080798
likely_real,likely_real,0.9931273331340574
likely_real,likely_real,0.9447598282224442
likely_real,likely_real,0.9692504618954867
likely_real,likely_real,0.9251008654046377
likely_fake,likely_fake,0.9905246937758854
likely_real,likely_real,0.873362961240968
likely_fake,likely_fake,0.9816002802659364
likely_real,likely_real,0.9835631021220961
likely_real,likely_real,0.9763221077088857
likely_real,likely_real,0.7470747541865509
likely_real,likely_real,0.9830537644892092
likely_fake,likely_fake,0.9901521566390752
likely_fake,likely_fake,0.740601852170168
likely_fake,likely_fake,0.9888063603076587
likely_real,likely_real,0.9661695178103561
likely_fake,likely_fake,0.9852559618946672
likely_fake,likely_fake,0.9876334774123988
likely_real,likely_real,0.7449080376857796
likely_fake,likely_fake,0.9231219497507771
likely_real,likely_real,0.9800408993813194
likely_real,likely_real,0.5665713575390613
likely_real,likely_real,0.9814565791308977
likely_real,likely_real,0.9867838563147593
likely_real,likely_real,0.5975466870463313
likely_real,likely_real,0.9359322645434106
likely_fake,likely_fake,0.9713039938776555
likely_real,likely_real,0.981871686967834
likely_real,likely_real,0.9830280105318508
likely_real,likely_real,0.9647195420781276
likely_real,likely_real,0.8788977907620797
likely_fake,likely_fake,0.9905212008862688
likely_real,likely_real,0.9706706711148834
likely_real,likely_real,0.9664779535983234
likely_fake,likely_fake,0.9329820110195604
likely_fake,likely_fake,0.9893265086590095
likely_fake,likely_fake,0.9808569578933113
likely_real,likely_real,0.9716869838756447
likely_fake,likely_fake,0.9256283697528296
likely_fake,likely_fake,0.8952711974805556
likely_real,likely_real,0.9898063129786037
likely_real,likely_real,0.9719638627783135
likely_real,likely_real,0.8385031204948556
likely_real,likely_real,0.9159189746859105
likely_real,likely_real,0.9670733715963913
likely_real,likely_real,0.8531665008998848
likely_fake,likely_fake,0.9974120726176845
likely_fake,likely_fake,0.9777541562616737
likely_real,likely_real,0.9868362525082123
likely_fake,likely_fake,0.8766881595237497
likely_real,likely_real,0.9429319105765094
likely_real,likely_real,0.9908074701747293
likely_real,likely_real,0.937061131202196
likely_real,likely_real,0.9802268001930466
likely_fake,likely_fake,0.9904496424891761
likely_real,likely_real,0.948310636951206
likely_fake,likely_fake,0.9920154985051818
likely_fake,likely_fake,0.8354858155657443
likely_fake,likely_fake,0.9680997498069365
likely_fake,likely_fake,0.9458420817845568
likely_real,likely_real,0.9920482966821296
likely_fake,likely_fake,0.9074427373910349
likely_real,likely_real,0.9585574481868501
likely_real,likely_real,0.9870007754450227
likely_real,likely_real,0.9598938122640075
likely_real,likely_real,0.9518518999833309
likely_real,likely_real,0.9436695127882585
likely_fake,likely_fake,0.9710140817697712
likely_real,likely_real,0.9598566352978278
likely_real,likely_real,0.9834304659752157
likely_real,likely_real,0.9735151033810937
likely_fake,likely_fake,0.9570306107158895
likely_real,likely_real,0.9618886752132276
likely_real,likely_real,0.9946400079588348
likely_real,likely_real,0.9132750932530845
likely_real,likely_real,0.9156244845127652
likely_real,likely_real,0.9810481205210786
likely_real,likely_real,0.9871506239149945
likely_fake,likely_fake,0.9842367450281159
likely_fake,likely_fake,0.8399065391819363
likely_fake,likely_fake,0.8855910542565624
likely_fake,likely_fake,0.9909916572507164
likely_real,likely_real,0.9424752638206683
likely_real,likely_real,0.9549415273044596
likely_real,likely_real,0.9607309126935479
likely_real,likely_real,0.9904481785463369
likely_real,likely_real,0.982933365762146
likely_real,likely_real,0.9849574978401586
likely_fake,likely_fake,0.9807585852610057
likely_fake,likely_fake,0.900531132967843
likely_fake,likely_fake,0.9417010516208949
likely_real,likely_real,0.8258351700735733
likely_fake,likely_fake,0.979545479449634
likely_real,likely_real,0.95833500886484
likely_fake,likely_fake,0.9551724954654699
likely_real,likely_real,0.9822488484565877
likely_real,likely_real,0.9675842423385907
likely_fake,likely_fake,0.9667576042865133
likely_fake,likely_fake,0.9909573817665014
likely_real,likely_real,0.9748417179782997
likely_fake,likely_fake,0.9822346809456818
likely_real,likely_real,0.713484945673227
likely_real,likely_real,0.9516430128508655
likely_fake,likely_fake,0.8789026439485469
likely_fake,likely_fake,0.9744891453837904
likely_real,likely_real,0.9424508570247871
likely_fake,likely_fake,0.8730771785875101
likely_real,likely_real,0.9638964447092669
likely_real,likely_real,0.9569087873745192
likely_real,likely_real,0.9880041477856522
likely_real,likely_real,0.9650751259952962
likely_real,likely_real,0.9844981655901905
likely_real,likely_real,0.9747153881197427
likely_fake,likely_fake,0.9897669005100658
likely_real,likely_real,0.9828017676901765
likely_fake,likely_fake,0.9946860806127523
likely_real,likely_real,0.8865852715599641
likely_real,likely_real,0.9438375741162506
likely_fake,likely_fake,0.7537931007807013
likely_fake,likely_fake,0.7621672286056539
likely_real,likely_real,0.8770147836618877
likely_real,likely_real,0.9680439966267909
likely_real,likely_real,0.9760936856770764
likely_real,likely_real,0.925141685496163
likely_fake,likely_fake,0.9776475703090823
likely_real,likely_real,0.987264543867698
likely_real,likely_real,0.9795811351362332
likely_real,likely_real,0.9792062952433553
likely_real,likely_real,0.9424910954596675
likely_fake,likely_fake,0.9383765595356931
likely_real,likely_real,0.9327636524625373
likely_fake,likely_fake,0.9910428646447329
likely_real,likely_real,0.9710088501323377
likely_real,likely_real,0.8232861679036015
likely_real,likely_real,0.99092321440612
likely_real,likely_real,0.8567128995967759
likely_real,likely_real,0.8359614182292096
likely_real,likely_real,0.9337010997976727
likely_fake,likely_fake,0.981047453065748
likely_fake,likely_fake,0.9426278516914621
likely_fake,likely_fake,0.965262186607856
likely_fake,likely_fake,0.7657259597900365
likely_real,likely_real,0.9419955185352726
likely_real,likely_fake,0.8070015776608581
likely_real,likely_real,0.870167765970836
likely_real,likely_real,0.9506981155607962
likely_fake,likely_fake,0.9853270055786131
likely_fake,likely_fake,0.9851615337259196
likely_real,likely_real,0.9405978550123812
likely_real,likely_real,0.9690134524650749
likely_fake,likely_fake,0.9128898827073194
likely_fake,likely_fake,0.778251551478907
likely_real,likely_real,0.9875492693595523
likely_fake,likely_fake,0.949422234110685
likely_fake,likely_fake,0.994950055507598
likely_real,likely_real,0.9886066079276931
likely_real,likely_real,0.9533807152285027
likely_real,likely_real,0.9555535725365046
likely_fake,likely_fake,0.9496953656891604
likely_real,likely_real,0.9440807616484608
likely_fake,likely_fake,0.9380122049246208
likely_real,likely_real,0.8941453985942853
likely_real,likely_real,0.9886104144433554
likely_real,likely_real,0.963794823331961
likely_fake,likely_fake,0.9580013086802281
likely_real,likely_real,0.9976673991081451
likely_real,likely_real,0.9896333748087378
likely_fake,likely_fake,0.9825816992604219
likely_fake,likely_fake,0.9844628525892113
likely_real,likely_real,0.9905251327653817
likely_real,likely_real,0.985170366071603
likely_real,likely_real,0.9643201351379204
likely_real,likely_real,0.9820597371976911
likely_fake,likely_fake,0.9636625294468237
likely_fake,likely_fake,0.757185433739074
likely_real,likely_real,0.978211864589663
likely_real,likely_real,0.9718779172285735
likely_fake,likely_real,0.6931232986827895
likely_real,likely_real,0.9944849485543535
likely_fake,likely_fake,0.9695596363741754
likely_real,likely_real,0.9277908604419837
likely_real,likely_real,0.9280283403257155
likely_fake,likely_fake,0.8221716940743338
likely_real,likely_real,0.8867258999118323
likely_real,likely_real,0.8415503402567543
likely_real,likely_real,0.965142170680391
likely_real,likely_real,0.9323232432250148
likely_fake,likely_fake,0.8525535885830577
likely_real,likely_real,0.961622746131277
likely_real,likely_real,0.9820033682864054
likely_fake,likely_fake,0.9950542470250938
likely_real,likely_real,0.9244277809285799
likely_real,likely_real,0.9138654627238583
likely_real,likely_real,0.9958775965602721
likely_real,likely_real,0.9883528722235909
likely_real,likely_real,0.9065723218427902
likely_fake,likely_fake,0.9774563218617742
likely_real,likely_real,0.9882242156242604
likely_real,likely_real,0.939438813679758
likely_real,likely_real,0.9745220986394209
likely_fake,likely_fake,0.9954433296920759
likely_fake,likely_fake,0.9664374716468721
likely_real,likely_real,0.8919800284620978
likely_real,likely_real,0.9919757097715303
likely_fake,likely_fake,0.9862574967660076
likely_fake,likely_fake,0.7873042125603612
likely_real,likely_real,0.9769761166202174
likely_fake,likely_fake,0.9752674651798785
likely_fake,likely_fake,0.9596962277149859
likely_real,likely_real,0.9646634737048965
likely_fake,likely_fake,0.9846452982972781
likely_fake,likely_fake,0.9920283659578375
likely_fake,likely_fake,0.8132931183588856
likely_fake,likely_fake,0.6666659628721796
likely_real,likely_real,0.9265617670977797
likely_real,likely_real,0.9158698788249258
likely_fake,likely_fake,0.9608821564229596
likely_real,likely_real,0.9337292194152299
likely_fake,likely_fake,0.8936466832712207
likely_real,likely_real,0.921854394833033
likely_fake,likely_fake,0.98047975121284
likely_real,likely_real,0.9938828465322705
likely_fake,likely_fake,0.8717812209512982
likely_fake,likely_fake,0.9515685971918637
likely_real,likely_real,0.8002669925097545
likely_real,likely_real,0.9157607285804858
likely_real,likely_real,0.9547939091836126
likely_fake,likely_fake,0.8628530383488774
likely_real,likely_real,0.9669365182429563
likely_fake,likely_real,0.5172333910732191
likely_fake,likely_fake,0.8032195335777466
likely_real,likely_real,0.9620957583086166
likely_fake,likely_fake,0.9867102199072015
likely_real,likely_real,0.986992926228863
likely_fake,likely_fake,0.961025439889031
likely_real,likely_real,0.9938434532698901
likely_real,likely_real,0.8775502982279427
likely_fake,likely_fake,0.9744866876291993
likely_real,likely_real,0.9049747128797813
likely_fake,likely_fake,0.8588368673893567
likely_fake,likely_fake,0.714785339282193
likely_fake,likely_fake,0.9874226851821383
likely_fake,likely_fake,0.9306239415816107
likely_fake,likely_fake,0.9727827770111593
likely_real,likely_real,0.9724878212137464
likely_fake,likely_fake,0.917879499981144
likely_fake,likely_fake,0.8926920920149894
likely_fake,likely_fake,0.878555845825693
likely_real,likely_real,0.9081284839964843
likely_fake,likely_fake,0.997252068783016
likely_fake,likely_fake,0.9703892921814926
likely_real,likely_real,0.9930545984748582
likely_fake,likely_fake,0.9627658852755954
likely_fake,likely_fake,0.9740220230810709
likely_fake,likely_fake,0.9854778134662348
likely_real,likely_real,0.9817673532693126
likely_fake,likely_fake,0.7682070390538772
likely_fake,likely_fake,0.9937937905475436
likely_fake,likely_fake,0.9874956216128362
likely_real,likely_real,0.9595764189076099
likely_real,likely_real,0.8587050939620157
likely_fake,likely_fake,0.960500544792736
likely_fake,likely_fake,0.9963691652993346
likely_fake,likely_fake,0.995370543515348
likely_fake,likely_fake,0.8976016395010149
likely_real,likely_real,0.9765068147097148
likely_fake,likely_fake,0.984982361074931
likely_real,likely_real,0.9690730172622313
likely_real,likely_real,0.9580150517401875
likely_real,likely_real,0.9577770817763485
likely_real,likely_real,0.945114080440927
likely_fake,likely_fake,0.9763703957777563
likely_fake,likely_fake,0.901849688770247
likely_fake,likely_fake,0.9974027586716955
likely_fake,likely_fake,0.9906954421305161
likely_fake,likely_fake,0.9951689781214567
likely_fake,likely_fake,0.9604941974026491
likely_real,likely_real,0.9651278785475169
likely_real,likely_real,0.9945313494758484
likely_real,likely_real,0.938365226761773
likely_fake,likely_fake,0.9830785582802685
likely_real,likely_real,0.987749119193421
likely_fake,likely_fake,0.9921929509232614
likely_real,likely_real,0.9760630082743095
likely_real,likely_real,0.9760704897901056
likely_real,likely_real,0.9622061988027791
likely_fake,likely_fake,0.9449415268296034
likely_real,likely_real,0.9860066444118709
likely_real,likely_real,0.879462575218356
likely_fake,likely_fake,0.929930642197115
likely_fake,likely_fake,0.9614773017287722
likely_real,likely_real,0.9958366400379759
likely_fake,likely_fake,0.9529637722061681
likely_real,likely_real,0.9907017186364777
likely_fake,likely_fake,0.853722760323193
likely_real,likely_real,0.9536057700257796
likely_real,likely_real,0.9861296707928464
likely_fake,likely_fake,0.9827270001050797
likely_fake,likely_fake,0.9943475795371932
likely_real,likely_real,0.9805624703067732
likely_fake,likely_fake,0.7781541797773613
likely_fake,likely_fake,0.9831762328633362
likely_fake,likely_fake,0.9367018307556186
likely_real,likely_real,0.9858307895523437
likely_real,likely_real,0.9824823788539258
likely_real,likely_real,0.9735061712979245
likely_fake,likely_fake,0.9362962571018234
likely_fake,likely_fake,0.9269540833707482
likely_real,likely_real,0.9928443110264976
likely_fake,likely_fake,0.8673327721753146
likely_real,likely_real,0.9689554717286305
likely_real,likely_real,0.9533068996014873
likely_fake,likely_fake,0.9926489497066446
likely_real,likely_real,0.9504109404910475
likely_real,likely_real,0.9614213537769178
likely_fake,likely_fake,0.9932345259697741
likely_real,likely_real,0.9630283181921419
likely_fake,likely_fake,0.9943068987712393
likely_fake,likely_fake,0.9950172302431327
likely_fake,likely_fake,0.9123202461622915
likely_fake,likely_fake,0.9884210016391108
likely_real,likely_real,0.9463293097421119
likely_fake,likely_fake,0.8767371926956928
likely_fake,likely_fake,0.9964835822639019
