true_label,predicted_label,confidence
likely_real,likely_real,0.999987006187439
likely_real,likely_real,0.9999879598617554
likely_real,likely_real,0.9999876022338867
likely_real,likely_real,0.9999878406524658
likely_real,likely_real,0.9999872446060181
likely_real,likely_real,0.9999881982803345
likely_fake,likely_fake,0.9998770952224731
likely_real,likely_real,0.9999878406524658
likely_real,likely_real,0.9999880790710449
likely_fake,likely_fake,0.9999291896820068
likely_real,likely_real,0.9999704360961914
likely_real,likely_real,0.9999879598617554
likely_real,likely_real,0.9999879598617554
likely_real,likely_real,0.9999868869781494
likely_real,likely_real,0.9999872446060181
likely_real,likely_real,0.9999879598617554
likely_fake,likely_fake,0.9999067783355713
likely_fake,likely_fake,0.9998922348022461
likely_fake,likely_fake,0.9999011754989624
likely_fake,likely_fake,0.9999277591705322
likely_real,likely_real,0.9999876022338867
likely_real,likely_real,0.9999880790710449
likely_fake,likely_fake,0.9999207258224487
likely_fake,likely_fake,0.9999217987060547
likely_fake,likely_fake,0.9998620748519897
likely_real,likely_real,0.9999878406524658
likely_fake,likely_fake,0.9999291896820068
likely_fake,likely_fake,0.999907374382019
likely_fake,likely_fake,0.9999207258224487
likely_real,likely_real,0.9999872446060181
likely_real,likely_real,0.9999881982803345
likely_fake,likely_fake,0.9999165534973145
likely_real,likely_real,0.9999881982803345
likely_real,likely_real,0.9999879598617554
likely_real,likely_real,0.9999878406524658
likely_fake,likely_fake,0.9999121427536011
likely_fake,likely_fake,0.9998883008956909
likely_real,likely_real,0.9999878406524658
likely_real,likely_real,0.9999874830245972
likely_real,likely_real,0.9999872446060181
likely_fake,likely_fake,0.9998944997787476
likely_fake,likely_fake,0.9999237060546875
likely_real,likely_real,0.999988317489624
likely_real,likely_real,0.9999872446060181
likely_real,likely_real,0.9999876022338867
likely_fake,likely_fake,0.9998950958251953
likely_real,likely_real,0.9999871253967285
likely_fake,likely_fake,0.9999018907546997
likely_fake,likely_fake,0.9999247789382935
likely_real,likely_real,0.9999873638153076
likely_fake,likely_fake,0.9999222755432129
likely_fake,likely_fake,0.9999122619628906
likely_fake,likely_fake,0.999860405921936
likely_real,likely_real,0.9999874830245972
likely_real,likely_real,0.9999876022338867
likely_real,likely_real,0.9999871253967285
likely_real,likely_real,0.9999874830245972
likely_fake,likely_fake,0.9999014139175415
likely_real,likely_real,0.9999876022338867
likely_fake,likely_fake,0.9999250173568726
likely_real,likely_real,0.9999872446060181
likely_fake,likely_fake,0.9998194575309753
likely_real,likely_real,0.9999872446060181
likely_real,likely_real,0.9999871253967285
likely_real,likely_real,0.9999879598617554
likely_real,likely_real,0.9999874830245972
likely_fake,likely_fake,0.9999171495437622
likely_real,likely_real,0.9999879598617554
likely_real,likely_real,0.9999874830245972
likely_fake,likely_fake,0.9999229907989502
likely_real,likely_real,0.9999874830245972
likely_real,likely_real,0.9999876022338867
likely_fake,likely_fake,0.999891996383667
likely_real,likely_real,0.9999874830245972
likely_real,likely_real,0.9999876022338867
likely_real,likely_real,0.9999877214431763
likely_fake,likely_fake,0.9998607635498047
likely_real,likely_real,0.9999877214431763
likely_real,likely_real,0.9999868869781494
likely_fake,likely_fake,0.9999185800552368
likely_fake,likely_fake,0.9999258518218994
likely_fake,likely_fake,0.999896764755249
likely_real,likely_real,0.9999880790710449
likely_real,likely_real,0.9999868869781494
likely_real,likely_real,0.9999871253967285
likely_real,likely_real,0.9999880790710449
likely_real,likely_real,0.9999873638153076
likely_fake,likely_fake,0.9998668432235718
likely_real,likely_real,0.9999878406524658
likely_real,likely_real,0.9999878406524658
likely_fake,likely_fake,0.9999035596847534
likely_fake,likely_fake,0.9999198913574219
likely_real,likely_real,0.9999877214431763
likely_fake,likely_fake,0.9998981952667236
likely_fake,likely_fake,0.9998804330825806
likely_real,likely_real,0.9999878406524658
likely_fake,likely_fake,0.9999159574508667
likely_real,likely_real,0.9999874830245972
likely_real,likely_real,0.9999879598617554
likely_fake,likely_fake,0.9999064207077026
likely_real,likely_real,0.9999872446060181
likely_real,likely_real,0.999987006187439
likely_fake,likely_fake,0.9999134540557861
likely_real,likely_real,0.9999879598617554
likely_fake,likely_fake,0.9998527765274048
likely_real,likely_real,0.9999873638153076
likely_fake,likely_fake,0.9999221563339233
likely_fake,likely_fake,0.9999173879623413
likely_real,likely_real,0.9999876022338867
likely_fake,likely_fake,0.9998892545700073
likely_real,likely_real,0.9999878406524658
likely_real,likely_real,0.9999868869781494
likely_fake,likely_fake,0.9999096393585205
likely_fake,likely_fake,0.9995793700218201
likely_fake,likely_fake,0.9998751878738403
likely_fake,likely_fake,0.9998979568481445
likely_real,likely_real,0.9999873638153076
likely_fake,likely_fake,0.9999107122421265
likely_real,likely_real,0.9999874830245972
likely_fake,likely_fake,0.999923586845398
likely_real,likely_real,0.9999866485595703
likely_fake,likely_fake,0.9999196529388428
likely_fake,likely_fake,0.9999115467071533
likely_fake,likely_fake,0.9999126195907593
likely_fake,likely_fake,0.9999192953109741
likely_real,likely_real,0.9999879598617554
likely_real,likely_real,0.9999874830245972
likely_fake,likely_fake,0.9998741149902344
likely_fake,likely_fake,0.999893069267273
likely_real,likely_real,0.9999877214431763
likely_fake,likely_fake,0.9999080896377563
likely_fake,likely_fake,0.9999200105667114
likely_real,likely_real,0.9999878406524658
likely_real,likely_real,0.9999876022338867
likely_real,likely_real,0.9999872446060181
likely_fake,likely_fake,0.9998980760574341
likely_real,likely_real,0.9999876022338867
likely_fake,likely_fake,0.9999102354049683
likely_fake,likely_fake,0.999906063079834
likely_fake,likely_fake,0.9999251365661621
likely_real,likely_real,0.9999868869781494
likely_real,likely_real,0.9999877214431763
likely_real,likely_real,0.9999871253967285
likely_real,likely_real,0.9999878406524658
likely_real,likely_real,0.9999877214431763
likely_fake,likely_fake,0.9999172687530518
likely_real,likely_real,0.9999878406524658
likely_real,likely_real,0.9999871253967285
likely_fake,likely_fake,0.9998785257339478
likely_real,likely_real,0.9999864101409912
likely_real,likely_real,0.9999879598617554
likely_fake,likely_fake,0.999923586845398
likely_real,likely_real,0.9999878406524658
likely_fake,likely_fake,0.9999189376831055
likely_real,likely_real,0.9999877214431763
likely_real,likely_real,0.9999881982803345
likely_real,likely_real,0.9999873638153076
likely_fake,likely_fake,0.9999053478240967
likely_fake,likely_fake,0.9999157190322876
likely_real,likely_real,0.9999872446060181
likely_fake,likely_fake,0.9999215602874756
likely_real,likely_real,0.9999871253967285
likely_real,likely_real,0.9999873638153076
likely_real,likely_real,0.9999881982803345
likely_fake,likely_fake,0.9999265670776367
likely_real,likely_real,0.9999876022338867
likely_fake,likely_fake,0.9999232292175293
likely_fake,likely_fake,0.9999159574508667
likely_real,likely_real,0.9999879598617554
likely_real,likely_real,0.9999861717224121
likely_fake,likely_fake,0.9999161958694458
likely_real,likely_real,0.9999877214431763
likely_real,likely_real,0.9999876022338867
likely_fake,likely_fake,0.9999210834503174
likely_fake,likely_fake,0.9999094009399414
likely_fake,likely_fake,0.9996951818466187
likely_real,likely_real,0.9999881982803345
likely_real,likely_real,0.9999873638153076
likely_real,likely_real,0.9999877214431763
likely_real,likely_real,0.9999873638153076
likely_real,likely_real,0.9999878406524658
likely_real,likely_real,0.9999880790710449
likely_fake,likely_fake,0.9998869895935059
likely_fake,likely_fake,0.9994139671325684
likely_fake,likely_fake,0.99989914894104
likely_fake,likely_fake,0.9999172687530518
likely_real,likely_real,0.9999868869781494
likely_real,likely_real,0.9999874830245972
likely_real,likely_real,0.9999880790710449
likely_fake,likely_fake,0.9999061822891235
likely_real,likely_real,0.9999868869781494
likely_real,likely_real,0.9999878406524658
likely_fake,likely_fake,0.9999165534973145
likely_fake,likely_fake,0.9998834133148193
likely_fake,likely_fake,0.9999295473098755
likely_fake,likely_fake,0.9998751878738403
likely_fake,likely_fake,0.9998798370361328
likely_fake,likely_fake,0.9999089241027832
likely_fake,likely_fake,0.9999104738235474
likely_fake,likely_fake,0.9999183416366577
likely_fake,likely_fake,0.999885082244873
likely_fake,likely_fake,0.9999185800552368
likely_real,likely_real,0.9999877214431763
likely_real,likely_real,0.9999865293502808
likely_real,likely_real,0.9999876022338867
likely_real,likely_real,0.9999878406524658
likely_fake,likely_fake,0.9998108744621277
likely_fake,likely_fake,0.9998867511749268
likely_real,likely_real,0.9999879598617554
likely_real,likely_real,0.9999878406524658
likely_fake,likely_fake,0.9999138116836548
likely_real,likely_real,0.9999877214431763
likely_fake,likely_fake,0.999919056892395
likely_real,likely_real,0.9999878406524658
likely_real,likely_real,0.9999873638153076
likely_real,likely_real,0.9999874830245972
likely_real,likely_real,0.9999873638153076
likely_fake,likely_fake,0.9999123811721802
likely_real,likely_real,0.9999876022338867
likely_real,likely_real,0.9999873638153076
likely_fake,likely_fake,0.999913215637207
likely_real,likely_real,0.999987006187439
likely_real,likely_real,0.9999880790710449
likely_real,likely_real,0.999988317489624
likely_fake,likely_fake,0.9999046325683594
likely_real,likely_real,0.9999871253967285
likely_real,likely_real,0.9999868869781494
likely_fake,likely_fake,0.9999052286148071
likely_fake,likely_fake,0.9999009370803833
likely_real,likely_real,0.9999873638153076
likely_fake,likely_fake,0.9998618364334106
likely_fake,likely_fake,0.9999129772186279
likely_fake,likely_fake,0.9998989105224609
likely_fake,likely_fake,0.9999210834503174
likely_real,likely_real,0.9999877214431763
likely_fake,likely_fake,0.9999186992645264
likely_real,likely_real,0.999988317489624
likely_real,likely_real,0.9999879598617554
likely_fake,likely_fake,0.9998905658721924
likely_fake,likely_fake,0.9998835325241089
likely_fake,likely_fake,0.9999104738235474
likely_fake,likely_fake,0.9999203681945801
likely_fake,likely_fake,0.999895453453064
likely_fake,likely_fake,0.999920129776001
likely_fake,likely_fake,0.9999277591705322
likely_fake,likely_fake,0.999902606010437
likely_fake,likely_fake,0.9999212026596069
likely_real,likely_real,0.9999876022338867
likely_real,likely_real,0.9999872446060181
likely_fake,likely_fake,0.9998891353607178
likely_real,likely_real,0.9999877214431763
likely_fake,likely_fake,0.9999016523361206
likely_fake,likely_fake,0.9998890161514282
likely_fake,likely_fake,0.9999215602874756
likely_fake,likely_fake,0.9999034404754639
likely_real,likely_real,0.9999876022338867
likely_real,likely_real,0.9999873638153076
likely_fake,likely_fake,0.999901533126831
likely_fake,likely_fake,0.9999121427536011
likely_real,likely_real,0.9999877214431763
likely_fake,likely_fake,0.9998691082000732
likely_fake,likely_fake,0.9999147653579712
likely_fake,likely_fake,0.9999183416366577
likely_real,likely_real,0.9999876022338867
likely_real,likely_real,0.9999880790710449
likely_fake,likely_fake,0.9998774528503418
likely_real,likely_real,0.9999876022338867
likely_real,likely_real,0.9999878406524658
likely_fake,likely_fake,0.9999086856842041
likely_fake,likely_fake,0.999904990196228
likely_fake,likely_fake,0.9999226331710815
likely_fake,likely_fake,0.9999125003814697
likely_real,likely_real,0.9999874830245972
likely_fake,likely_fake,0.9998912811279297
likely_fake,likely_fake,0.9998632669448853
likely_real,likely_real,0.9999878406524658
likely_real,likely_real,0.9999871253967285
likely_fake,likely_fake,0.9999241828918457
likely_fake,likely_fake,0.9998821020126343
likely_real,likely_real,0.9999877214431763
likely_real,likely_real,0.9999872446060181
likely_real,likely_real,0.9999878406524658
likely_real,likely_real,0.9999881982803345
likely_real,likely_real,0.9999871253967285
likely_fake,likely_fake,0.9998331069946289
likely_real,likely_real,0.9999876022338867
likely_real,likely_real,0.9999874830245972
likely_real,likely_real,0.9999876022338867
likely_real,likely_real,0.9999880790710449
likely_real,likely_real,0.9999874830245972
likely_real,likely_real,0.9999876022338867
likely_real,likely_real,0.9999880790710449
likely_real,likely_real,0.9999874830245972
likely_real,likely_real,0.9999876022338867
likely_fake,likely_fake,0.9999265670776367
likely_fake,likely_fake,0.9998884201049805
likely_fake,likely_fake,0.9998865127563477
likely_fake,likely_fake,0.9999222755432129
likely_real,likely_real,0.9999880790710449
likely_real,likely_real,0.9999873638153076
likely_fake,likely_fake,0.9999186992645264
likely_real,likely_real,0.9999873638153076
likely_real,likely_real,0.999987006187439
likely_real,likely_real,0.999988317489624
likely_real,likely_real,0.9999879598617554
likely_fake,likely_fake,0.9994674324989319
likely_fake,likely_fake,0.9998910427093506
likely_real,likely_real,0.9999880790710449
likely_real,likely_real,0.9999879598617554
likely_real,likely_real,0.9999881982803345
likely_fake,likely_fake,0.9998874664306641
likely_real,likely_real,0.9999876022338867
likely_real,likely_real,0.9999868869781494
likely_fake,likely_fake,0.9998598098754883
likely_fake,likely_fake,0.9999195337295532
likely_real,likely_real,0.9999878406524658
likely_real,likely_real,0.9999878406524658
likely_fake,likely_fake,0.9999061822891235
likely_real,likely_real,0.9999884366989136
likely_real,likely_real,0.9999876022338867
likely_fake,likely_fake,0.9999275207519531
likely_fake,likely_fake,0.9998739957809448
likely_real,likely_real,0.9999880790710449
likely_fake,likely_fake,0.9999171495437622
likely_fake,likely_fake,0.9999134540557861
likely_real,likely_real,0.9999878406524658
likely_fake,likely_fake,0.9999213218688965
likely_real,likely_real,0.9999879598617554
likely_real,likely_real,0.9999874830245972
likely_fake,likely_fake,0.9998815059661865
likely_fake,likely_fake,0.9998949766159058
likely_fake,likely_fake,0.9999003410339355
likely_real,likely_real,0.9999881982803345
likely_fake,likely_fake,0.99991774559021
likely_real,likely_real,0.9999880790710449
likely_fake,likely_fake,0.9999231100082397
likely_fake,likely_fake,0.9999096393585205
likely_fake,likely_fake,0.999872088432312
likely_fake,likely_fake,0.9999099969863892
likely_real,likely_real,0.9999877214431763
likely_real,likely_real,0.9999876022338867
likely_real,likely_real,0.999987006187439
likely_fake,likely_fake,0.9999202489852905
likely_real,likely_real,0.9999876022338867
likely_real,likely_real,0.9999878406524658
likely_fake,likely_fake,0.9998916387557983
likely_fake,likely_fake,0.9997702240943909
likely_fake,likely_fake,0.9998981952667236
likely_fake,likely_fake,0.9998844861984253
likely_real,likely_real,0.9999881982803345
likely_real,likely_real,0.9999872446060181
likely_real,likely_real,0.9999876022338867
likely_real,likely_real,0.9999872446060181
likely_real,likely_real,0.9999879598617554
likely_fake,likely_fake,0.9999204874038696
likely_fake,likely_fake,0.9999312162399292
likely_real,likely_real,0.9999884366989136
likely_fake,likely_fake,0.9998985528945923
likely_fake,likely_fake,0.9999008178710938
likely_fake,likely_fake,0.9983737468719482
likely_real,likely_real,0.9999879598617554
likely_real,likely_real,0.9999881982803345
likely_real,likely_real,0.9999868869781494
likely_real,likely_real,0.9999880790710449
likely_fake,likely_fake,0.9998811483383179
likely_fake,likely_fake,0.9999077320098877
likely_fake,likely_fake,0.9999256134033203
likely_fake,likely_fake,0.9999133348464966
likely_real,likely_real,0.9999877214431763
likely_real,likely_real,0.9999874830245972
likely_real,likely_real,0.9999878406524658
likely_fake,likely_fake,0.9999070167541504
likely_fake,likely_fake,0.999881386756897
likely_fake,likely_fake,0.9995935559272766
likely_fake,likely_fake,0.9999302625656128
likely_real,likely_real,0.9999878406524658
likely_real,likely_real,0.9999871253967285
likely_fake,likely_fake,0.9999114274978638
likely_real,likely_real,0.9999876022338867
likely_fake,likely_fake,0.9999152421951294
likely_fake,likely_fake,0.999915599822998
likely_fake,likely_fake,0.9999252557754517
likely_real,likely_real,0.999987006187439
likely_fake,likely_fake,0.9998849630355835
likely_real,likely_real,0.999987006187439
likely_fake,likely_fake,0.9998748302459717
likely_fake,likely_fake,0.9998795986175537
likely_real,likely_real,0.9999879598617554
likely_real,likely_real,0.9999879598617554
likely_fake,likely_fake,0.9999117851257324
likely_real,likely_real,0.9999878406524658
likely_real,likely_real,0.9999878406524658
likely_real,likely_real,0.9999868869781494
likely_real,likely_real,0.9999879598617554
likely_real,likely_real,0.9999876022338867
likely_real,likely_real,0.9999879598617554
likely_real,likely_real,0.9999881982803345
likely_real,likely_real,0.9999872446060181
likely_fake,likely_fake,0.9999160766601562
likely_fake,likely_fake,0.9998955726623535
likely_real,likely_real,0.9999873638153076
likely_real,likely_real,0.9999878406524658
likely_fake,likely_fake,0.9998952150344849
likely_fake,likely_fake,0.9999151229858398
likely_real,likely_real,0.9999874830245972
likely_real,likely_real,0.999987006187439
likely_real,likely_real,0.9999877214431763
likely_fake,likely_fake,0.9998927116394043
likely_fake,likely_fake,0.9999281167984009
likely_real,likely_real,0.9999877214431763
likely_fake,likely_fake,0.9999159574508667
likely_fake,likely_fake,0.999906063079834
likely_real,likely_real,0.9999877214431763
likely_fake,likely_fake,0.9999198913574219
likely_real,likely_real,0.9999865293502808
likely_real,likely_real,0.999983549118042
likely_real,likely_real,0.9999873638153076
likely_fake,likely_fake,0.9998683929443359
likely_real,likely_real,0.9999876022338867
likely_real,likely_real,0.9999877214431763
likely_fake,likely_fake,0.9999303817749023
likely_real,likely_real,0.9999879598617554
likely_fake,likely_fake,0.9998884201049805
likely_real,likely_real,0.9999874830245972
likely_fake,likely_fake,0.9999313354492188
likely_real,likely_real,0.999987006187439
likely_fake,likely_fake,0.9998458623886108
likely_real,likely_real,0.9999872446060181
likely_real,likely_real,0.9999876022338867
likely_real,likely_real,0.9999878406524658
likely_real,likely_real,0.9999881982803345
likely_fake,likely_fake,0.9998927116394043
likely_real,likely_real,0.9999879598617554
likely_real,likely_real,0.9999874830245972
likely_fake,likely_fake,0.9999004602432251
likely_fake,likely_fake,0.9999217987060547
likely_real,likely_real,0.999987006187439
likely_real,likely_real,0.9999878406524658
likely_real,likely_real,0.9999879598617554
likely_real,likely_real,0.9999871253967285
likely_real,likely_real,0.9999878406524658
likely_real,likely_real,0.9999868869781494
likely_fake,likely_fake,0.9999074935913086
likely_fake,likely_fake,0.9999254941940308
likely_real,likely_real,0.9999868869781494
likely_real,likely_real,0.9999874830245972
likely_real,likely_real,0.9999871253967285
likely_real,likely_real,0.9999874830245972
likely_real,likely_real,0.9999877214431763
likely_real,likely_real,0.9999876022338867
likely_real,likely_real,0.9999872446060181
likely_real,likely_real,0.9999874830245972
likely_real,likely_real,0.9999871253967285
likely_fake,likely_fake,0.9999254941940308
likely_real,likely_real,0.9999878406524658
likely_fake,likely_fake,0.9998822212219238
likely_fake,likely_fake,0.9998915195465088
likely_real,likely_real,0.999987006187439
likely_real,likely_real,0.9999748468399048
likely_real,likely_real,0.9999872446060181
likely_real,likely_real,0.999988317489624
likely_real,likely_real,0.9999879598617554
likely_real,likely_real,0.999988317489624
likely_real,likely_real,0.9999873638153076
likely_real,likely_real,0.9999880790710449
likely_fake,likely_fake,0.9999040365219116
likely_real,likely_real,0.9999880790710449
likely_real,likely_real,0.9999878406524658
likely_real,likely_real,0.9999880790710449
likely_real,likely_real,0.9999872446060181
likely_real,likely_real,0.9999874830245972
likely_fake,likely_fake,0.9999290704727173
likely_fake,likely_fake,0.9999146461486816
likely_fake,likely_fake,0.9998407363891602
likely_fake,likely_fake,0.9999260902404785
likely_fake,likely_fake,0.9999246597290039
likely_fake,likely_fake,0.9999154806137085
likely_real,likely_real,0.9999873638153076
likely_real,likely_real,0.9999877214431763
likely_real,likely_real,0.9999874830245972
likely_fake,likely_fake,0.9999092817306519
likely_real,likely_real,0.9999874830245972
likely_real,likely_real,0.9999877214431763
likely_fake,likely_fake,0.9999254941940308
likely_fake,likely_fake,0.9998795986175537
likely_fake,likely_fake,0.9999196529388428
likely_fake,likely_fake,0.9999136924743652
likely_fake,likely_fake,0.9998914003372192
likely_fake,likely_fake,0.9998849630355835
likely_real,likely_real,0.9999880790710449
likely_fake,likely_fake,0.9991506338119507
likely_fake,likely_fake,0.999526858329773
likely_fake,likely_fake,0.9999252557754517
likely_real,likely_real,0.999987006187439
likely_fake,likely_fake,0.9998881816864014
likely_fake,likely_fake,0.9999103546142578
likely_fake,likely_fake,0.9999055862426758
likely_real,likely_real,0.9999867677688599
likely_fake,likely_fake,0.9999164342880249
likely_real,likely_real,0.9999872446060181
likely_fake,likely_fake,0.9999203681945801
likely_real,likely_real,0.9999878406524658
likely_real,likely_real,0.9999873638153076
likely_fake,likely_fake,0.9999178647994995
likely_real,likely_real,0.9999876022338867
likely_real,likely_real,0.9999880790710449
likely_real,likely_real,0.9999879598617554
likely_real,likely_real,0.9999880790710449
likely_fake,likely_fake,0.9998243451118469
likely_fake,likely_fake,0.9999243021011353
likely_fake,likely_fake,0.9999076128005981
likely_real,likely_real,0.9999879598617554
likely_fake,likely_fake,0.9999117851257324
likely_real,likely_real,0.9999880790710449
likely_real,likely_real,0.9999878406524658
likely_real,likely_real,0.9999871253967285
likely_fake,likely_fake,0.999902606010437
likely_real,likely_real,0.9999879598617554
likely_fake,likely_fake,0.9998912811279297
likely_fake,likely_fake,0.9999130964279175
likely_real,likely_real,0.9999878406524658
likely_real,likely_real,0.9999877214431763
likely_fake,likely_fake,0.999910831451416
likely_real,likely_real,0.9999879598617554
likely_fake,likely_fake,0.9999173879623413
likely_fake,likely_fake,0.9999138116836548
likely_fake,likely_fake,0.9999244213104248
likely_fake,likely_fake,0.9999018907546997
likely_fake,likely_fake,0.9999207258224487
likely_fake,likely_fake,0.9999279975891113
likely_fake,likely_fake,0.9999017715454102
likely_fake,likely_fake,0.9999161958694458
likely_real,likely_real,0.9999879598617554
likely_real,likely_real,0.9999879598617554
likely_real,likely_real,0.9999874830245972
likely_fake,likely_fake,0.9999117851257324
likely_real,likely_real,0.9999872446060181
likely_fake,likely_fake,0.9999005794525146
likely_real,likely_real,0.9999878406524658
likely_fake,likely_fake,0.9999179840087891
likely_fake,likely_fake,0.9999077320098877
likely_fake,likely_fake,0.9999159574508667
likely_real,likely_real,0.9999879598617554
likely_fake,likely_fake,0.9999105930328369
likely_real,likely_real,0.9999879598617554
likely_real,likely_real,0.9999876022338867
likely_real,likely_real,0.9999874830245972
likely_real,likely_real,0.9999872446060181
likely_real,likely_real,0.9999878406524658
likely_fake,likely_fake,0.9999229907989502
likely_real,likely_real,0.9999872446060181
likely_real,likely_real,0.9999880790710449
likely_fake,likely_fake,0.9998794794082642
likely_fake,likely_fake,0.999916672706604
likely_fake,likely_fake,0.9999052286148071
likely_fake,likely_fake,0.9999150037765503
likely_real,likely_real,0.9999877214431763
likely_real,likely_real,0.9999878406524658
likely_real,likely_real,0.9999880790710449
likely_real,likely_real,0.9999877214431763
likely_real,likely_real,0.9999876022338867
likely_fake,likely_fake,0.9999138116836548
likely_fake,likely_fake,0.99991774559021
likely_real,likely_real,0.9999879598617554
likely_fake,likely_fake,0.999915361404419
likely_real,likely_real,0.9999879598617554
likely_fake,likely_fake,0.9995574355125427
likely_fake,likely_fake,0.99991774559021
likely_real,likely_real,0.9999873638153076
likely_real,likely_real,0.9999872446060181
likely_real,likely_real,0.9999872446060181
likely_real,likely_real,0.9999873638153076
likely_fake,likely_fake,0.9999306201934814
likely_fake,likely_fake,0.9998493194580078
likely_fake,likely_fake,0.9999181032180786
likely_real,likely_real,0.9999872446060181
likely_real,likely_real,0.9999878406524658
likely_real,likely_real,0.9999880790710449
likely_fake,likely_fake,0.999915361404419
likely_fake,likely_fake,0.9999239444732666
likely_real,likely_real,0.9999878406524658
likely_fake,likely_fake,0.999916672706604
likely_real,likely_real,0.9999866485595703
likely_fake,likely_fake,0.9999227523803711
likely_fake,likely_fake,0.9999295473098755
likely_fake,likely_fake,0.999890923500061
likely_real,likely_real,0.9999879598617554
likely_fake,likely_fake,0.999908447265625
likely_fake,likely_fake,0.9999192953109741
likely_fake,likely_fake,0.9999169111251831
likely_real,likely_real,0.9999878406524658
likely_fake,likely_fake,0.9999176263809204
likely_real,likely_real,0.9999878406524658
likely_real,likely_real,0.9999878406524658
likely_real,likely_real,0.9999878406524658
likely_real,likely_real,0.999985933303833
likely_real,likely_real,0.9999878406524658
likely_fake,likely_fake,0.9999245405197144
likely_fake,likely_fake,0.9997770190238953
likely_fake,likely_fake,0.9999058246612549
likely_fake,likely_fake,0.9999039173126221
likely_real,likely_real,0.999987006187439
likely_real,likely_real,0.9999876022338867
likely_real,likely_real,0.9999877214431763
likely_real,likely_real,0.9999877214431763
likely_real,likely_real,0.9999880790710449
likely_fake,likely_fake,0.9999111890792847
likely_fake,likely_fake,0.9999028444290161
likely_fake,likely_fake,0.9996190071105957
likely_fake,likely_fake,0.9999207258224487
likely_fake,likely_fake,0.9999183416366577
likely_real,likely_real,0.999987006187439
likely_fake,likely_fake,0.9999239444732666
likely_fake,likely_fake,0.9998860359191895
likely_fake,likely_fake,0.9998831748962402
likely_real,likely_real,0.999987006187439
likely_real,likely_real,0.9999879598617554
likely_real,likely_real,0.9999871253967285
likely_fake,likely_fake,0.9999213218688965
likely_real,likely_real,0.9999874830245972
likely_real,likely_real,0.9999878406524658
likely_fake,likely_fake,0.9998805522918701
likely_real,likely_real,0.9999879598617554
likely_real,likely_real,0.9999873638153076
likely_real,likely_real,0.9999876022338867
likely_fake,likely_fake,0.9999097585678101
likely_real,likely_real,0.9999878406524658
likely_real,likely_real,0.9999879598617554
likely_real,likely_real,0.9999876022338867
likely_real,likely_real,0.9999877214431763
likely_real,likely_real,0.9999878406524658
likely_fake,likely_fake,0.9998754262924194
likely_real,likely_real,0.9999879598617554
likely_fake,likely_fake,0.9999256134033203
likely_fake,likely_fake,0.9998886585235596
likely_real,likely_real,0.9999881982803345
likely_fake,likely_fake,0.99991774559021
likely_fake,likely_fake,0.999914288520813
likely_fake,likely_fake,0.9999169111251831
likely_real,likely_real,0.9999877214431763
likely_fake,likely_fake,0.9999020099639893
likely_real,likely_real,0.9999874830245972
likely_fake,likely_fake,0.9999092817306519
likely_fake,likely_fake,0.9999164342880249
likely_real,likely_real,0.9999874830245972
likely_real,likely_real,0.999987006187439
likely_fake,likely_fake,0.9999266862869263
likely_real,likely_real,0.9999880790710449
likely_real,likely_real,0.9999876022338867
likely_real,likely_real,0.9999872446060181
likely_real,likely_real,0.999988317489624
likely_real,likely_real,0.9999874830245972
likely_fake,likely_fake,0.9999295473098755
likely_fake,likely_fake,0.9999178647994995
likely_fake,likely_fake,0.9999117851257324
likely_fake,likely_fake,0.9998574256896973
likely_fake,likely_fake,0.9999181032180786
likely_fake,likely_fake,0.9998857975006104
likely_fake,likely_fake,0.9998972415924072
likely_real,likely_real,0.9999872446060181
likely_fake,likely_fake,0.9998801946640015
likely_real,likely_real,0.9999879598617554
likely_real,likely_real,0.9999873638153076
likely_real,likely_real,0.9999877214431763
likely_real,likely_real,0.9999874830245972
likely_real,likely_real,0.9999881982803345
likely_fake,likely_fake,0.9999074935913086
likely_real,likely_real,0.9999872446060181
likely_fake,likely_fake,0.9998737573623657
likely_real,likely_real,0.9999877214431763
likely_fake,likely_fake,0.9999164342880249
likely_fake,likely_fake,0.9997256398200989
likely_fake,likely_fake,0.9998960494995117
likely_real,likely_real,0.9999877214431763
likely_real,likely_real,0.9999876022338867
likely_real,likely_real,0.9999877214431763
likely_fake,likely_fake,0.9999216794967651
likely_real,likely_real,0.9999879598617554
likely_real,likely_real,0.9999877214431763
likely_fake,likely_fake,0.99991774559021
likely_fake,likely_fake,0.9999020099639893
likely_fake,likely_fake,0.9999136924743652
likely_fake,likely_fake,0.9999127388000488
likely_real,likely_real,0.9999871253967285
likely_real,likely_real,0.9999874830245972
likely_real,likely_real,0.9999879598617554
likely_fake,likely_fake,0.9999146461486816
likely_real,likely_real,0.9999880790710449
likely_real,likely_real,0.9999877214431763
likely_real,likely_real,0.9999873638153076
likely_fake,likely_fake,0.9998949766159058
likely_real,likely_real,0.9999873638153076
likely_fake,likely_fake,0.9999030828475952
likely_real,likely_real,0.9999879598617554
likely_real,likely_real,0.9999867677688599
likely_real,likely_real,0.9999872446060181
likely_real,likely_real,0.9999877214431763
likely_real,likely_real,0.9999876022338867
likely_real,likely_real,0.9999879598617554
likely_fake,likely_fake,0.9998893737792969
likely_real,likely_real,0.9999874830245972
likely_real,likely_real,0.9999868869781494
likely_fake,likely_fake,0.9998373985290527
likely_real,likely_real,0.9999876022338867
likely_fake,likely_fake,0.9998475313186646
likely_real,likely_real,0.9999874830245972
likely_fake,likely_fake,0.9999276399612427
likely_real,likely_real,0.9999873638153076
likely_fake,likely_fake,0.9999185800552368
likely_fake,likely_fake,0.9999186992645264
likely_real,likely_real,0.9999841451644897
likely_fake,likely_fake,0.9999020099639893
likely_fake,likely_fake,0.9999250173568726
likely_fake,likely_fake,0.9998971223831177
likely_real,likely_real,0.9999878406524658
likely_real,likely_real,0.9999877214431763
likely_real,likely_real,0.9999873638153076
likely_real,likely_real,0.9999879598617554
likely_real,likely_real,0.9999876022338867
likely_real,likely_real,0.9999881982803345
likely_real,likely_real,0.9999878406524658
likely_real,likely_real,0.9999880790710449
likely_real,likely_real,0.9999872446060181
likely_real,likely_real,0.9999878406524658
likely_real,likely_real,0.9999877214431763
likely_real,likely_real,0.9999872446060181
likely_fake,likely_fake,0.9999067783355713
likely_real,likely_real,0.9999878406524658
likely_real,likely_real,0.9999877214431763
likely_real,likely_real,0.9999877214431763
likely_real,likely_real,0.9999878406524658
likely_fake,likely_fake,0.9999126195907593
likely_real,likely_real,0.9999877214431763
likely_fake,likely_fake,0.999922513961792
likely_fake,likely_fake,0.9999065399169922
likely_real,likely_real,0.9999876022338867
likely_fake,likely_fake,0.9999245405197144
likely_real,likely_real,0.9999879598617554
likely_fake,likely_fake,0.9999136924743652
likely_real,likely_real,0.9999878406524658
likely_real,likely_real,0.9999876022338867
likely_fake,likely_fake,0.9998980760574341
likely_real,likely_real,0.9999876022338867
likely_real,likely_real,0.9999879598617554
likely_fake,likely_fake,0.999891996383667
likely_real,likely_real,0.9999878406524658
likely_fake,likely_fake,0.9998714923858643
likely_real,likely_real,0.9999878406524658
likely_real,likely_real,0.9999880790710449
likely_real,likely_real,0.9999878406524658
likely_real,likely_real,0.9999872446060181
likely_real,likely_real,0.9999878406524658
likely_real,likely_real,0.9999880790710449
likely_fake,likely_fake,0.9999179840087891
likely_fake,likely_fake,0.9998928308486938
likely_real,likely_real,0.9999879598617554
likely_fake,likely_fake,0.9998953342437744
likely_real,likely_real,0.9999877214431763
likely_fake,likely_fake,0.9999085664749146
likely_fake,likely_fake,0.9998548030853271
likely_real,likely_real,0.9999879598617554
likely_fake,likely_fake,0.9998828172683716
likely_real,likely_real,0.9999871253967285
likely_real,likely_real,0.9999873638153076
likely_real,likely_real,0.9999878406524658
likely_fake,likely_fake,0.999927282333374
likely_real,likely_real,0.9999871253967285
likely_fake,likely_fake,0.9999111890792847
likely_real,likely_real,0.9999876022338867
likely_real,likely_real,0.9999878406524658
likely_real,likely_real,0.9999873638153076
likely_real,likely_real,0.9999879598617554
likely_real,likely_real,0.9999877214431763
likely_fake,likely_fake,0.9999219179153442
likely_fake,likely_fake,0.9999098777770996
likely_fake,likely_fake,0.9999212026596069
likely_fake,likely_fake,0.9999052286148071
likely_fake,likely_fake,0.9999058246612549
likely_real,likely_real,0.9999877214431763
likely_fake,likely_fake,0.9999204874038696
likely_fake,likely_fake,0.9999154806137085
likely_real,likely_real,0.9999874830245972
likely_real,likely_real,0.9999878406524658
likely_fake,likely_fake,0.9999219179153442
likely_fake,likely_fake,0.999927282333374
likely_real,likely_real,0.9999872446060181
likely_fake,likely_fake,0.9999167919158936
likely_real,likely_real,0.9999881982803345
likely_real,likely_real,0.9999872446060181
likely_fake,likely_fake,0.9999098777770996
likely_real,likely_real,0.9999878406524658
likely_fake,likely_fake,0.9999246597290039
likely_real,likely_real,0.999987006187439
likely_real,likely_real,0.999987006187439
likely_fake,likely_fake,0.9997896552085876
likely_fake,likely_fake,0.9999232292175293
likely_fake,likely_fake,0.9999265670776367
likely_real,likely_real,0.9999873638153076
likely_real,likely_real,0.9999873638153076
likely_fake,likely_fake,0.9998656511306763
likely_real,likely_real,0.9999877214431763
likely_fake,likely_fake,0.9999234676361084
likely_fake,likely_fake,0.999911904335022
likely_real,likely_real,0.9999881982803345
likely_fake,likely_fake,0.999834418296814
likely_fake,likely_fake,0.9999024868011475
likely_fake,likely_fake,0.9999145269393921
likely_fake,likely_fake,0.9998112320899963
likely_fake,likely_fake,0.9999197721481323
likely_real,likely_real,0.9999876022338867
likely_fake,likely_fake,0.999921441078186
likely_fake,likely_fake,0.9998992681503296
likely_fake,likely_fake,0.9998670816421509
likely_real,likely_real,0.9999876022338867
likely_fake,likely_fake,0.9999182224273682
likely_real,likely_real,0.9999876022338867
likely_real,likely_real,0.9999881982803345
likely_real,likely_real,0.9999877214431763
likely_real,likely_real,0.9999877214431763
likely_fake,likely_fake,0.9999113082885742
likely_real,likely_real,0.9999879598617554
likely_fake,likely_fake,0.9999114274978638
likely_fake,likely_fake,0.9999130964279175
likely_fake,likely_fake,0.9999274015426636
likely_real,likely_real,0.999987006187439
likely_fake,likely_fake,0.9999171495437622
likely_fake,likely_fake,0.9999164342880249
likely_real,likely_real,0.9999868869781494
likely_real,likely_real,0.999988317489624
likely_fake,likely_fake,0.9999231100082397
likely_fake,likely_fake,0.9999072551727295
likely_real,likely_real,0.9999871253967285
likely_fake,likely_fake,0.9999088048934937
likely_real,likely_real,0.9999879598617554
likely_fake,likely_fake,0.9999103546142578
likely_real,likely_real,0.9999878406524658
likely_real,likely_real,0.9999876022338867
likely_real,likely_real,0.9999880790710449
likely_real,likely_real,0.9999868869781494
likely_real,likely_real,0.9999878406524658
likely_real,likely_real,0.999987006187439
likely_fake,likely_fake,0.9999185800552368
likely_fake,likely_fake,0.9999233484268188
likely_real,likely_real,0.9999874830245972
likely_real,likely_real,0.9999881982803345
likely_fake,likely_fake,0.9999233484268188
likely_real,likely_real,0.9999877214431763
likely_real,likely_real,0.9999862909317017
likely_fake,likely_fake,0.9999110698699951
likely_real,likely_real,0.9999877214431763
likely_fake,likely_fake,0.999915361404419
likely_real,likely_real,0.9999878406524658
likely_fake,likely_fake,0.9998950958251953
likely_fake,likely_fake,0.9999195337295532
likely_real,likely_real,0.9999879598617554
likely_real,likely_real,0.9999880790710449
likely_real,likely_real,0.9999873638153076
likely_real,likely_real,0.9999872446060181
likely_fake,likely_fake,0.9999102354049683
likely_real,likely_real,0.9999394416809082
likely_real,likely_real,0.9999876022338867
likely_fake,likely_fake,0.9999061822891235
likely_real,likely_real,0.9999878406524658
likely_real,likely_real,0.9999872446060181
likely_fake,likely_fake,0.9999113082885742
likely_real,likely_real,0.9999877214431763
likely_fake,likely_fake,0.9998984336853027
likely_fake,likely_fake,0.9995006322860718
likely_fake,likely_fake,0.9998985528945923
likely_fake,likely_fake,0.9998610019683838
likely_fake,likely_fake,0.9997817873954773
likely_fake,likely_fake,0.9999047517776489
likely_real,likely_real,0.9999876022338867
likely_real,likely_real,0.9999880790710449
likely_fake,likely_fake,0.9999170303344727
likely_real,likely_real,0.9999878406524658
likely_fake,likely_fake,0.9999216794967651
likely_fake,likely_fake,0.9998999834060669
likely_fake,likely_fake,0.9998942613601685
likely_real,likely_real,0.9999873638153076
likely_fake,likely_fake,0.9999114274978638
likely_real,likely_real,0.9999877214431763
likely_fake,likely_fake,0.999919056892395
likely_real,likely_real,0.9999877214431763
likely_real,likely_real,0.9999880790710449
likely_real,likely_real,0.9999879598617554
likely_real,likely_real,0.9999877214431763
likely_fake,likely_fake,0.9999183416366577
likely_real,likely_real,0.9999879598617554
likely_fake,likely_fake,0.9999265670776367
likely_real,likely_real,0.9999876022338867
likely_real,likely_real,0.9999874830245972
likely_fake,likely_fake,0.9999006986618042
likely_fake,likely_fake,0.9999277591705322
likely_fake,likely_fake,0.9998997449874878
likely_fake,likely_fake,0.9999140501022339
likely_real,likely_real,0.9999880790710449
likely_real,likely_real,0.9999878406524658
likely_fake,likely_fake,0.9998999834060669
likely_real,likely_real,0.9999866485595703
likely_real,likely_real,0.9999868869781494
likely_fake,likely_fake,0.9999184608459473
likely_fake,likely_fake,0.9997021555900574
likely_fake,likely_fake,0.9999179840087891
likely_real,likely_real,0.9999867677688599
likely_real,likely_real,0.999988317489624
likely_real,likely_real,0.999988317489624
likely_fake,likely_fake,0.9999216794967651
likely_real,likely_real,0.9999879598617554
likely_fake,likely_fake,0.9999030828475952
likely_real,likely_real,0.9999880790710449
likely_fake,likely_fake,0.9999059438705444
likely_real,likely_real,0.9999867677688599
likely_real,likely_real,0.999987006187439
likely_real,likely_real,0.9999878406524658
likely_real,likely_real,0.9999874830245972
likely_fake,likely_fake,0.9999061822891235
likely_fake,likely_fake,0.9999165534973145
likely_real,likely_real,0.9999874830245972
likely_fake,likely_fake,0.9999147653579712
likely_fake,likely_fake,0.9999140501022339
likely_real,likely_real,0.9999873638153076
likely_real,likely_real,0.9999874830245972
likely_fake,likely_fake,0.9999212026596069
likely_fake,likely_fake,0.999922513961792
likely_real,likely_real,0.9999881982803345
likely_real,likely_real,0.9999861717224121
likely_real,likely_real,0.9999874830245972
likely_real,likely_real,0.9999872446060181
likely_real,likely_real,0.9999879598617554
likely_fake,likely_fake,0.9998681545257568
likely_real,likely_real,0.9999874830245972
likely_real,likely_real,0.9999879598617554
likely_fake,likely_fake,0.9999109506607056
likely_real,likely_real,0.9999871253967285
likely_fake,likely_fake,0.9999017715454102
likely_real,likely_real,0.9999872446060181
likely_fake,likely_fake,0.9999189376831055
likely_real,likely_real,0.9999877214431763
likely_real,likely_real,0.9999877214431763
likely_real,likely_real,0.9999874830245972
likely_real,likely_real,0.9999873638153076
likely_fake,likely_fake,0.9998801946640015
likely_real,likely_real,0.9999880790710449
likely_real,likely_real,0.9999871253967285
likely_real,likely_real,0.9999880790710449
likely_fake,likely_fake,0.9998916387557983
likely_real,likely_real,0.9999874830245972
likely_real,likely_real,0.9999880790710449
likely_real,likely_real,0.9999880790710449
likely_real,likely_real,0.9999879598617554
likely_real,likely_real,0.9999874830245972
likely_fake,likely_fake,0.9999203681945801
likely_fake,likely_fake,0.9999223947525024
likely_real,likely_real,0.999987006187439
likely_fake,likely_fake,0.9998836517333984
likely_real,likely_real,0.9999874830245972
likely_real,likely_real,0.9999879598617554
likely_fake,likely_fake,0.999836802482605
likely_real,likely_real,0.9999871253967285
likely_fake,likely_fake,0.9998971223831177
likely_real,likely_real,0.9999877214431763
likely_fake,likely_fake,0.999919056892395
likely_fake,likely_fake,0.9998548030853271
likely_fake,likely_fake,0.9998395442962646
likely_fake,likely_fake,0.9999006986618042
likely_real,likely_real,0.9999879598617554
likely_fake,likely_fake,0.9999110698699951
likely_fake,likely_fake,0.9999129772186279
likely_real,likely_real,0.9999878406524658
likely_real,likely_real,0.9999881982803345
likely_real,likely_real,0.9999873638153076
likely_real,likely_real,0.9999868869781494
likely_real,likely_real,0.9999877214431763
likely_real,likely_real,0.9999874830245972
likely_fake,likely_fake,0.9999089241027832
likely_real,likely_real,0.9999878406524658
likely_real,likely_real,0.999987006187439
likely_real,likely_real,0.9999872446060181
likely_real,likely_real,0.9999884366989136
likely_real,likely_real,0.9999877214431763
likely_real,likely_real,0.9999880790710449
likely_fake,likely_fake,0.9999070167541504
likely_real,likely_real,0.9999876022338867
likely_fake,likely_fake,0.9998605251312256
likely_real,likely_real,0.9999878406524658
likely_real,likely_real,0.9999868869781494
likely_fake,likely_fake,0.9998998641967773
likely_real,likely_real,0.9999872446060181
likely_real,likely_real,0.9999877214431763
likely_real,likely_real,0.9999879598617554
likely_real,likely_real,0.9999879598617554
likely_real,likely_real,0.9999878406524658
likely_fake,likely_fake,0.9999258518218994
likely_real,likely_real,0.9999878406524658
likely_real,likely_real,0.9999872446060181
likely_real,likely_real,0.9999876022338867
likely_fake,likely_fake,0.9998939037322998
likely_fake,likely_fake,0.9998981952667236
likely_fake,likely_fake,0.9999051094055176
likely_real,likely_real,0.9999871253967285
likely_real,likely_real,0.9999874830245972
likely_fake,likely_fake,0.9999217987060547
likely_real,likely_real,0.9999876022338867
likely_fake,likely_fake,0.9999231100082397
likely_real,likely_real,0.9999877214431763
likely_fake,likely_fake,0.9999125003814697
likely_fake,likely_fake,0.9998797178268433
likely_real,likely_real,0.9999880790710449
likely_real,likely_real,0.9999878406524658
likely_fake,likely_fake,0.9999245405197144
likely_fake,likely_fake,0.9999035596847534
likely_real,likely_real,0.9999872446060181
likely_real,likely_real,0.9999876022338867
likely_fake,likely_fake,0.9999219179153442
likely_real,likely_real,0.9999874830245972
likely_real,likely_real,0.9999877214431763
likely_fake,likely_fake,0.9998571872711182
likely_real,likely_real,0.9999873638153076
likely_real,likely_real,0.9999877214431763
likely_fake,likely_fake,0.9998972415924072
likely_real,likely_real,0.9999881982803345
likely_real,likely_real,0.9999877214431763
likely_fake,likely_fake,0.99991774559021
likely_real,likely_real,0.9999872446060181
likely_real,likely_real,0.999987006187439
likely_fake,likely_fake,0.9999191761016846
likely_fake,likely_fake,0.9998475313186646
likely_real,likely_real,0.9999858140945435
likely_fake,likely_fake,0.9999165534973145
likely_real,likely_real,0.9999873638153076
likely_fake,likely_fake,0.9999231100082397
likely_real,likely_real,0.9999878406524658
likely_real,likely_real,0.9999874830245972
likely_real,likely_real,0.9999876022338867
likely_real,likely_real,0.9999876022338867
likely_fake,likely_fake,0.9998927116394043
likely_real,likely_real,0.9999873638153076
likely_real,likely_real,0.9999873638153076
likely_fake,likely_fake,0.9999051094055176
likely_fake,likely_fake,0.9999037981033325
likely_real,likely_real,0.9999877214431763
likely_real,likely_real,0.9999872446060181
likely_fake,likely_fake,0.9998964071273804
likely_real,likely_real,0.9999873638153076
likely_real,likely_real,0.9999871253967285
likely_real,likely_real,0.9999872446060181
likely_real,likely_real,0.9999873638153076
likely_real,likely_real,0.9999878406524658
likely_real,likely_real,0.9999878406524658
likely_real,likely_real,0.9999878406524658
likely_real,likely_real,0.9999872446060181
likely_fake,likely_fake,0.9999219179153442
likely_real,likely_real,0.9999881982803345
likely_fake,likely_fake,0.9999279975891113
likely_real,likely_real,0.9999880790710449
likely_real,likely_real,0.9999876022338867
likely_fake,likely_fake,0.9998971223831177
likely_fake,likely_fake,0.9998193383216858
likely_fake,likely_fake,0.9996975660324097
likely_fake,likely_fake,0.9999227523803711
likely_fake,likely_fake,0.9998788833618164
likely_real,likely_real,0.9999873638153076
likely_real,likely_real,0.9999877214431763
likely_fake,likely_fake,0.9999222755432129
likely_real,likely_real,0.9999879598617554
likely_real,likely_real,0.9999868869781494
likely_real,likely_real,0.9999878406524658
likely_real,likely_real,0.9999879598617554
likely_fake,likely_fake,0.9999120235443115
likely_fake,likely_fake,0.999893069267273
likely_fake,likely_fake,0.9999195337295532
likely_real,likely_real,0.9999878406524658
likely_real,likely_real,0.9999879598617554
likely_fake,likely_fake,0.9999169111251831
likely_fake,likely_fake,0.9999114274978638
likely_fake,likely_fake,0.9998655319213867
likely_fake,likely_fake,0.999846339225769
likely_real,likely_real,0.9999877214431763
likely_real,likely_real,0.9999880790710449
likely_fake,likely_fake,0.9999110698699951
likely_fake,likely_fake,0.9999109506607056
likely_fake,likely_fake,0.9999158382415771
likely_real,likely_real,0.9999873638153076
likely_real,likely_real,0.999988317489624
likely_fake,likely_fake,0.9999147653579712
likely_real,likely_real,0.9999879598617554
likely_real,likely_real,0.9999880790710449
likely_fake,likely_fake,0.9999122619628906
likely_fake,likely_fake,0.9998718500137329
likely_fake,likely_fake,0.999824583530426
likely_real,likely_real,0.9999874830245972
likely_real,likely_real,0.9999876022338867
likely_fake,likely_fake,0.999915599822998
likely_real,likely_real,0.9999878406524658
likely_fake,likely_fake,0.9999061822891235
likely_real,likely_real,0.9999878406524658
likely_fake,likely_fake,0.9998941421508789
likely_fake,likely_fake,0.9998983144760132
likely_fake,likely_fake,0.9999220371246338
likely_real,likely_real,0.9999877214431763
likely_fake,likely_fake,0.9998290538787842
likely_fake,likely_fake,0.9999288320541382
likely_real,likely_real,0.9999864101409912
likely_fake,likely_fake,0.9998763799667358
likely_fake,likely_fake,0.9999103546142578
likely_fake,likely_fake,0.999915361404419
likely_fake,likely_fake,0.9999163150787354
likely_real,likely_real,0.9999878406524658
likely_fake,likely_fake,0.999915599822998
likely_fake,likely_fake,0.999863862991333
likely_real,likely_real,0.9999877214431763
likely_real,likely_real,0.999987006187439
likely_fake,likely_fake,0.9999048709869385
likely_real,likely_real,0.9999880790710449
likely_real,likely_real,0.999969482421875
likely_real,likely_real,0.9999876022338867
likely_real,likely_real,0.999988317489624
likely_fake,likely_fake,0.999862790107727
likely_fake,likely_fake,0.999886155128479
likely_fake,likely_fake,0.9999206066131592
likely_real,likely_real,0.9999880790710449
likely_fake,likely_fake,0.9998704195022583
likely_real,likely_real,0.9999878406524658
likely_real,likely_real,0.9999860525131226
likely_fake,likely_fake,0.9999145269393921
likely_fake,likely_fake,0.999921441078186
likely_real,likely_real,0.9999874830245972
likely_fake,likely_fake,0.9999046325683594
likely_fake,likely_fake,0.9999042749404907
likely_real,likely_real,0.9999871253967285
likely_real,likely_real,0.9999876022338867
likely_real,likely_real,0.9999872446060181
likely_real,likely_real,0.9999878406524658
likely_real,likely_real,0.9999873638153076
likely_real,likely_real,0.9999877214431763
likely_fake,likely_fake,0.9999265670776367
likely_fake,likely_fake,0.9999154806137085
likely_fake,likely_fake,0.9997901320457458
likely_real,likely_real,0.999987006187439
likely_real,likely_real,0.9999877214431763
likely_real,likely_real,0.9999877214431763
likely_real,likely_real,0.9999879598617554
likely_real,likely_real,0.9999860525131226
likely_real,likely_real,0.9999873638153076
likely_real,likely_real,0.999987006187439
likely_fake,likely_fake,0.99991774559021
likely_real,likely_real,0.9999879598617554
likely_real,likely_real,0.9999880790710449
likely_real,likely_real,0.9999873638153076
likely_real,likely_real,0.9999879598617554
likely_fake,likely_fake,0.9999243021011353
likely_real,likely_real,0.9999871253967285
likely_fake,likely_fake,0.9999045133590698
likely_fake,likely_fake,0.9998888969421387
likely_real,likely_real,0.9999874830245972
likely_real,likely_real,0.9999880790710449
likely_fake,likely_fake,0.9999045133590698
likely_fake,likely_fake,0.9999045133590698
likely_real,likely_real,0.9999873638153076
likely_fake,likely_fake,0.9999037981033325
likely_real,likely_real,0.9999866485595703
likely_fake,likely_fake,0.9998921155929565
likely_fake,likely_fake,0.9999170303344727
likely_fake,likely_fake,0.999915599822998
likely_real,likely_real,0.9999876022338867
likely_real,likely_real,0.9999867677688599
likely_fake,likely_fake,0.999908447265625
likely_fake,likely_fake,0.9999265670776367
likely_real,likely_real,0.9999880790710449
likely_fake,likely_fake,0.9999216794967651
likely_fake,likely_fake,0.9999027252197266
likely_real,likely_real,0.9999874830245972
likely_real,likely_real,0.9999878406524658
likely_real,likely_real,0.9999878406524658
likely_real,likely_real,0.9999879598617554
likely_real,likely_real,0.9999879598617554
likely_fake,likely_fake,0.9999035596847534
likely_fake,likely_fake,0.9999169111251831
likely_real,likely_real,0.9999873638153076
likely_real,likely_real,0.9999879598617554
likely_real,likely_real,0.9999867677688599
likely_real,likely_real,0.9999874830245972
likely_real,likely_real,0.9999880790710449
likely_fake,likely_fake,0.9999178647994995
likely_real,likely_real,0.9999878406524658
likely_fake,likely_fake,0.9999194145202637
likely_fake,likely_fake,0.9999253749847412
likely_fake,likely_fake,0.999904990196228
likely_fake,likely_fake,0.9999059438705444
likely_real,likely_real,0.9999878406524658
likely_real,likely_real,0.9999880790710449
likely_fake,likely_fake,0.9999020099639893
likely_real,likely_real,0.999987006187439
likely_real,likely_real,0.9999877214431763
likely_real,likely_real,0.9999877214431763
likely_real,likely_real,0.9999878406524658
likely_fake,likely_fake,0.9999176263809204
likely_real,likely_real,0.9999864101409912
likely_real,likely_real,0.9999880790710449
likely_fake,likely_fake,0.9999033212661743
likely_real,likely_real,0.9999872446060181
likely_real,likely_real,0.9999872446060181
likely_fake,likely_fake,0.9999114274978638
likely_real,likely_real,0.9999880790710449
likely_fake,likely_fake,0.9999107122421265
likely_fake,likely_fake,0.999907374382019
likely_real,likely_real,0.9999874830245972
likely_real,likely_real,0.9999872446060181
likely_real,likely_real,0.9999873638153076
likely_real,likely_real,0.9999878406524658
likely_fake,likely_fake,0.9999262094497681
likely_real,likely_real,0.9999877214431763
likely_real,likely_real,0.9999867677688599
likely_real,likely_real,0.9999877214431763
likely_real,likely_real,0.9999874830245972
likely_real,likely_real,0.9999879598617554
likely_fake,likely_fake,0.9999039173126221
likely_real,likely_real,0.9999872446060181
likely_fake,likely_fake,0.9998829364776611
likely_fake,likely_fake,0.9999167919158936
likely_fake,likely_fake,0.9998934268951416
likely_real,likely_real,0.9999878406524658
likely_fake,likely_fake,0.9998842477798462
likely_fake,likely_fake,0.9999257326126099
likely_fake,likely_fake,0.9999080896377563
likely_real,likely_real,0.999987006187439
likely_real,likely_real,0.9999879598617554
likely_fake,likely_fake,0.999925971031189
likely_real,likely_real,0.9999877214431763
likely_fake,likely_fake,0.9999045133590698
likely_fake,likely_fake,0.9999052286148071
likely_real,likely_real,0.9999876022338867
likely_real,likely_real,0.9999854564666748
likely_real,likely_real,0.9999876022338867
likely_fake,likely_fake,0.9998975992202759
likely_real,likely_real,0.9998488426208496
likely_fake,likely_fake,0.9998898506164551
likely_real,likely_real,0.9999868869781494
likely_real,likely_real,0.9999878406524658
likely_fake,likely_fake,0.9999251365661621
likely_fake,likely_fake,0.9999057054519653
likely_real,likely_real,0.9999878406524658
likely_real,likely_real,0.9999877214431763
likely_fake,likely_fake,0.9999150037765503
likely_fake,likely_fake,0.9998905658721924
likely_real,likely_real,0.9999874830245972
likely_fake,likely_fake,0.9998773336410522
likely_fake,likely_fake,0.999896764755249
likely_real,likely_real,0.9999878406524658
likely_real,likely_real,0.9999877214431763
likely_real,likely_real,0.9999873638153076
likely_fake,likely_fake,0.9999229907989502
likely_real,likely_real,0.9999877214431763
likely_fake,likely_fake,0.9997658133506775
likely_real,likely_real,0.9999879598617554
likely_real,likely_real,0.9999872446060181
likely_real,likely_real,0.9999878406524658
likely_fake,likely_fake,0.9999263286590576
likely_fake,likely_fake,0.9998888969421387
likely_fake,likely_fake,0.9999151229858398
likely_real,likely_real,0.9999874830245972
likely_fake,likely_fake,0.9999147653579712
likely_fake,likely_fake,0.9999195337295532
likely_real,likely_real,0.9999877214431763
likely_real,likely_real,0.9999879598617554
likely_real,likely_real,0.9999876022338867
likely_fake,likely_fake,0.9999191761016846
likely_fake,likely_fake,0.9999077320098877
likely_fake,likely_fake,0.9998936653137207
likely_real,likely_real,0.9999880790710449
likely_real,likely_real,0.9999881982803345
likely_real,likely_real,0.9999876022338867
likely_fake,likely_fake,0.9999164342880249
likely_real,likely_real,0.9999871253967285
likely_real,likely_real,0.9999879598617554
likely_fake,likely_fake,0.9999160766601562
likely_real,likely_real,0.999987006187439
likely_real,likely_real,0.9999880790710449
likely_fake,likely_fake,0.9999134540557861
likely_real,likely_real,0.9999879598617554
likely_real,likely_real,0.9999880790710449
likely_fake,likely_fake,0.9999178647994995
likely_real,likely_real,0.9999879598617554
likely_fake,likely_fake,0.999907374382019
likely_fake,likely_fake,0.9999126195907593
likely_fake,likely_fake,0.9999284744262695
likely_fake,likely_fake,0.9998941421508789
likely_real,likely_real,0.9999876022338867
likely_fake,likely_fake,0.9999034404754639
likely_fake,likely_fake,0.9998855590820312
likely_fake,likely_fake,0.999919056892395
likely_real,likely_real,0.9999878406524658
likely_fake,likely_fake,0.9998258948326111
likely_fake,likely_fake,0.9998891353607178
likely_real,likely_real,0.9999876022338867
likely_fake,likely_fake,0.9998772144317627
likely_fake,likely_fake,0.9999059438705444
likely_real,likely_real,0.9999876022338867
likely_fake,likely_fake,0.9999076128005981
likely_real,likely_real,0.9999880790710449
likely_real,likely_real,0.9999881982803345
likely_fake,likely_fake,0.9998911619186401
likely_real,likely_real,0.9999873638153076
likely_real,likely_real,0.9999873638153076
likely_fake,likely_fake,0.9999275207519531
likely_real,likely_real,0.9999873638153076
likely_real,likely_real,0.9999876022338867
likely_fake,likely_fake,0.9999221563339233
likely_fake,likely_fake,0.9998749494552612
likely_fake,likely_fake,0.9997610449790955
likely_fake,likely_fake,0.9999208450317383
likely_real,likely_real,0.9999873638153076
likely_fake,likely_fake,0.999891996383667
likely_fake,likely_fake,0.9996547698974609
likely_real,likely_real,0.9999876022338867
likely_fake,likely_fake,0.9998986721038818
likely_real,likely_real,0.9999880790710449
likely_fake,likely_fake,0.999910831451416
likely_fake,likely_fake,0.9999175071716309
likely_real,likely_real,0.9999879598617554
likely_real,likely_real,0.9999873638153076
likely_fake,likely_fake,0.9999127388000488
likely_real,likely_real,0.9999878406524658
likely_fake,likely_fake,0.9998847246170044
likely_real,likely_real,0.9999878406524658
likely_real,likely_real,0.9999874830245972
likely_fake,likely_fake,0.9998899698257446
likely_real,likely_real,0.9999868869781494
likely_real,likely_real,0.9999878406524658
likely_real,likely_real,0.9999879598617554
likely_fake,likely_fake,0.9999209642410278
likely_real,likely_real,0.9999873638153076
likely_real,likely_real,0.999987006187439
likely_real,likely_real,0.9999872446060181
likely_real,likely_real,0.9999874830245972
likely_real,likely_real,0.9999878406524658
likely_real,likely_real,0.9999877214431763
likely_fake,likely_fake,0.9999250173568726
likely_real,likely_real,0.9999876022338867
likely_real,likely_real,0.9999877214431763
likely_real,likely_real,0.9999881982803345
likely_real,likely_real,0.999988317489624
likely_fake,likely_fake,0.9999170303344727
likely_real,likely_real,0.9999868869781494
likely_fake,likely_fake,0.9999231100082397
likely_real,likely_real,0.9999879598617554
likely_fake,likely_fake,0.9999134540557861
likely_real,likely_real,0.9999880790710449
likely_real,likely_real,0.9999876022338867
likely_real,likely_real,0.9999877214431763
likely_real,likely_real,0.9999880790710449
likely_fake,likely_fake,0.9998788833618164
likely_real,likely_real,0.9999868869781494
likely_real,likely_real,0.9999864101409912
likely_real,likely_real,0.9999877214431763
likely_real,likely_real,0.9999880790710449
likely_real,likely_real,0.9999877214431763
likely_real,likely_real,0.9999876022338867
likely_fake,likely_fake,0.9999098777770996
likely_real,likely_real,0.9999879598617554
likely_fake,likely_fake,0.9998860359191895
likely_real,likely_real,0.9999874830245972
likely_fake,likely_fake,0.9999223947525024
likely_fake,likely_fake,0.9998984336853027
likely_fake,likely_fake,0.9998875856399536
likely_real,likely_real,0.9999879598617554
likely_real,likely_real,0.9999874830245972
likely_fake,likely_fake,0.9999268054962158
likely_fake,likely_fake,0.9999101161956787
likely_real,likely_real,0.9999879598617554
likely_fake,likely_fake,0.9999293088912964
likely_real,likely_real,0.9999877214431763
likely_fake,likely_fake,0.9999016523361206
likely_fake,likely_fake,0.9998792409896851
likely_real,likely_real,0.9999877214431763
likely_fake,likely_fake,0.9995260238647461
likely_real,likely_real,0.9999878406524658
likely_fake,likely_fake,0.9999239444732666
likely_real,likely_real,0.9999877214431763
likely_fake,likely_fake,0.9998903274536133
likely_real,likely_real,0.9999877214431763
likely_real,likely_real,0.9999880790710449
likely_fake,likely_fake,0.9999072551727295
likely_real,likely_real,0.9999874830245972
likely_fake,likely_fake,0.9999173879623413
likely_real,likely_real,0.999988317489624
likely_fake,likely_fake,0.9994679093360901
likely_real,likely_real,0.9999880790710449
likely_fake,likely_fake,0.9999120235443115
likely_fake,likely_fake,0.9998950958251953
likely_fake,likely_fake,0.9999210834503174
likely_real,likely_real,0.9999872446060181
likely_real,likely_real,0.9999877214431763
likely_real,likely_real,0.9999878406524658
likely_real,likely_real,0.9999873638153076
likely_fake,likely_fake,0.9999212026596069
likely_fake,likely_fake,0.999919056892395
likely_fake,likely_fake,0.9998968839645386
likely_real,likely_real,0.9999877214431763
likely_fake,likely_fake,0.9999203681945801
likely_real,likely_real,0.9999878406524658
likely_real,likely_real,0.999984860420227
likely_fake,likely_fake,0.999915361404419
likely_fake,likely_fake,0.9998816251754761
likely_fake,likely_fake,0.999869704246521
likely_real,likely_real,0.9999871253967285
likely_fake,likely_fake,0.9999154806137085
likely_fake,likely_fake,0.9998569488525391
likely_real,likely_real,0.9999880790710449
likely_real,likely_real,0.9999880790710449
likely_fake,likely_fake,0.9999171495437622
likely_fake,likely_fake,0.9999268054962158
likely_real,likely_real,0.9999878406524658
likely_fake,likely_fake,0.9999147653579712
likely_real,likely_real,0.9999871253967285
likely_fake,likely_fake,0.9999170303344727
likely_real,likely_real,0.9999880790710449
likely_fake,likely_fake,0.9999101161956787
likely_real,likely_real,0.9999877214431763
likely_real,likely_real,0.999988317489624
likely_real,likely_real,0.9999878406524658
likely_real,likely_real,0.9999872446060181
likely_real,likely_real,0.9999867677688599
likely_fake,likely_fake,0.9998599290847778
likely_real,likely_real,0.9999877214431763
likely_real,likely_real,0.9999874830245972
likely_real,likely_real,0.9999881982803345
likely_real,likely_real,0.9999876022338867
likely_fake,likely_fake,0.9998987913131714
likely_real,likely_real,0.9999879598617554
likely_real,likely_real,0.9999877214431763
likely_fake,likely_fake,0.9999271631240845
likely_real,likely_real,0.9999871253967285
likely_fake,likely_fake,0.9999061822891235
likely_real,likely_real,0.9999877214431763
likely_fake,likely_fake,0.99991774559021
likely_real,likely_real,0.9999874830245972
likely_real,likely_real,0.9999872446060181
likely_real,likely_real,0.9999876022338867
likely_real,likely_real,0.9999871253967285
likely_fake,likely_fake,0.9998900890350342
likely_real,likely_real,0.9999873638153076
likely_fake,likely_fake,0.9999102354049683
likely_real,likely_real,0.9999877214431763
likely_fake,likely_fake,0.9999161958694458
likely_fake,likely_fake,0.9998481273651123
likely_fake,likely_fake,0.9999192953109741
likely_real,likely_real,0.9999878406524658
likely_fake,likely_fake,0.999895453453064
likely_fake,likely_fake,0.9999158382415771
likely_real,likely_real,0.9999873638153076
likely_fake,likely_fake,0.9998231530189514
likely_real,likely_real,0.9999876022338867
likely_fake,likely_fake,0.9998959302902222
likely_real,likely_real,0.9999871253967285
likely_real,likely_real,0.9999878406524658
likely_real,likely_real,0.9999877214431763
likely_real,likely_real,0.9999877214431763
likely_real,likely_real,0.9999876022338867
likely_real,likely_real,0.9999871253967285
likely_fake,likely_fake,0.9998857975006104
likely_fake,likely_fake,0.9999204874038696
likely_real,likely_real,0.9999852180480957
likely_fake,likely_fake,0.999774158000946
likely_real,likely_real,0.9999873638153076
likely_fake,likely_fake,0.99989914894104
likely_fake,likely_fake,0.9999054670333862
likely_fake,likely_fake,0.99989914894104
likely_real,likely_real,0.9999873638153076
likely_fake,likely_fake,0.9999216794967651
likely_real,likely_real,0.9999872446060181
likely_real,likely_real,0.9999877214431763
likely_real,likely_real,0.9999876022338867
likely_real,likely_real,0.9999876022338867
likely_real,likely_real,0.9999880790710449
likely_fake,likely_fake,0.999902606010437
likely_real,likely_real,0.9999876022338867
likely_fake,likely_fake,0.9999111890792847
likely_real,likely_real,0.9999879598617554
likely_fake,likely_fake,0.9999243021011353
likely_fake,likely_fake,0.9999104738235474
likely_real,likely_real,0.9999876022338867
likely_fake,likely_fake,0.9998998641967773
likely_fake,likely_fake,0.9999264478683472
likely_fake,likely_fake,0.9998940229415894
likely_real,likely_real,0.999987006187439
likely_real,likely_real,0.9999877214431763
likely_real,likely_real,0.9999873638153076
likely_real,likely_real,0.9999876022338867
likely_real,likely_real,0.9999872446060181
likely_real,likely_real,0.9999876022338867
likely_fake,likely_fake,0.9999126195907593
likely_fake,likely_fake,0.9999147653579712
likely_real,likely_real,0.9999881982803345
likely_real,likely_real,0.9999874830245972
likely_fake,likely_fake,0.9998338222503662
likely_real,likely_real,0.9999878406524658
likely_real,likely_real,0.9999874830245972
likely_real,likely_real,0.9999874830245972
likely_real,likely_real,0.9999879598617554
likely_real,likely_real,0.9999876022338867
likely_fake,likely_fake,0.9998910427093506
likely_real,likely_real,0.9999879598617554
likely_fake,likely_fake,0.9999213218688965
likely_real,likely_real,0.9999876022338867
likely_real,likely_real,0.9999872446060181
likely_real,likely_real,0.9999879598617554
likely_real,likely_real,0.9999876022338867
likely_real,likely_real,0.9999864101409912
likely_fake,likely_fake,0.9999243021011353
likely_real,likely_real,0.9999876022338867
likely_real,likely_real,0.9999873638153076
likely_fake,likely_fake,0.9999147653579712
likely_fake,likely_fake,0.9999123811721802
likely_real,likely_real,0.9999873638153076
likely_fake,likely_fake,0.9999052286148071
likely_fake,likely_fake,0.9999309778213501
likely_real,likely_real,0.999984860420227
likely_real,likely_real,0.9999874830245972
likely_real,likely_real,0.9999877214431763
likely_fake,likely_fake,0.9999173879623413
likely_fake,likely_fake,0.9999250173568726
likely_real,likely_real,0.9999879598617554
likely_real,likely_real,0.9999878406524658
likely_fake,likely_fake,0.999914288520813
likely_fake,likely_fake,0.9999113082885742
likely_real,likely_real,0.9999879598617554
likely_real,likely_real,0.9999876022338867
likely_fake,likely_fake,0.9999239444732666
likely_fake,likely_fake,0.9999128580093384
likely_fake,likely_fake,0.9999120235443115
likely_real,likely_real,0.9999878406524658
likely_fake,likely_fake,0.9999010562896729
likely_real,likely_real,0.9999881982803345
likely_fake,likely_fake,0.9999171495437622
likely_fake,likely_fake,0.9999147653579712
likely_fake,likely_fake,0.999924898147583
likely_fake,likely_fake,0.9999167919158936
likely_real,likely_real,0.9999877214431763
likely_real,likely_real,0.9999881982803345
likely_fake,likely_fake,0.99991774559021
likely_fake,likely_fake,0.9998979568481445
likely_real,likely_real,0.9999877214431763
likely_fake,likely_fake,0.999915361404419
likely_real,likely_real,0.9999872446060181
likely_real,likely_real,0.9999880790710449
likely_fake,likely_fake,0.9999165534973145
likely_fake,likely_fake,0.9999172687530518
likely_fake,likely_fake,0.9999277591705322
likely_fake,likely_fake,0.9999217987060547
likely_fake,likely_fake,0.9998613595962524
likely_real,likely_real,0.9999876022338867
likely_fake,likely_fake,0.9999146461486816
likely_fake,likely_fake,0.9999125003814697
likely_real,likely_real,0.9999872446060181
likely_real,likely_real,0.9999873638153076
likely_real,likely_real,0.9999879598617554
likely_real,likely_real,0.9999881982803345
likely_fake,likely_fake,0.9998956918716431
likely_real,likely_real,0.9999864101409912
likely_fake,likely_fake,0.9999247789382935
likely_real,likely_real,0.9999879598617554
likely_real,likely_real,0.9999877214431763
likely_fake,likely_fake,0.9999208450317383
likely_real,likely_real,0.9999876022338867
likely_fake,likely_fake,0.9999220371246338
likely_fake,likely_fake,0.9999202489852905
likely_fake,likely_fake,0.9999109506607056
likely_fake,likely_fake,0.9999223947525024
likely_fake,likely_fake,0.9998258948326111
likely_fake,likely_fake,0.9999109506607056
likely_real,likely_real,0.9999878406524658
likely_real,likely_real,0.9999874830245972
likely_fake,likely_fake,0.9999048709869385
likely_real,likely_real,0.9999880790710449
likely_real,likely_real,0.9999880790710449
likely_fake,likely_fake,0.9999098777770996
likely_real,likely_real,0.9999878406524658
likely_real,likely_real,0.9999877214431763
likely_real,likely_real,0.9999881982803345
likely_real,likely_real,0.9999874830245972
likely_fake,likely_fake,0.9999077320098877
likely_real,likely_real,0.9999876022338867
likely_real,likely_real,0.9999876022338867
likely_fake,likely_fake,0.9999266862869263
likely_fake,likely_fake,0.999920129776001
likely_fake,likely_fake,0.9999253749847412
likely_real,likely_real,0.9999867677688599
likely_real,likely_real,0.9999876022338867
likely_fake,likely_fake,0.9998571872711182
likely_fake,likely_fake,0.9999217987060547
likely_real,likely_real,0.9999864101409912
likely_real,likely_real,0.9999876022338867
likely_fake,likely_fake,0.9998792409896851
likely_real,likely_real,0.9999878406524658
likely_fake,likely_fake,0.9999125003814697
likely_real,likely_real,0.9999877214431763
likely_fake,likely_fake,0.9999046325683594
likely_real,likely_real,0.9999880790710449
likely_real,likely_real,0.9999872446060181
likely_fake,likely_fake,0.9999173879623413
likely_fake,likely_fake,0.9999271631240845
likely_real,likely_real,0.9999874830245972
likely_real,likely_real,0.9999877214431763
likely_real,likely_real,0.9999872446060181
likely_fake,likely_fake,0.9999090433120728
likely_fake,likely_fake,0.999923586845398
likely_real,likely_real,0.999987006187439
likely_fake,likely_fake,0.9999047517776489
likely_real,likely_real,0.9999880790710449
likely_fake,likely_fake,0.9998764991760254
likely_real,likely_real,0.9999874830245972
likely_real,likely_real,0.9999876022338867
likely_fake,likely_fake,0.9999227523803711
likely_real,likely_real,0.9999879598617554
likely_real,likely_real,0.9999878406524658
likely_real,likely_real,0.9999868869781494
likely_fake,likely_fake,0.9999240636825562
likely_real,likely_real,0.9999879598617554
likely_fake,likely_fake,0.9979355335235596
likely_real,likely_real,0.9999872446060181
likely_real,likely_real,0.9999879598617554
likely_fake,likely_fake,0.9999231100082397
likely_real,likely_real,0.9999878406524658
likely_real,likely_real,0.9999877214431763
likely_real,likely_real,0.9999871253967285
likely_fake,likely_fake,0.9999186992645264
likely_fake,likely_fake,0.9999080896377563
likely_real,likely_real,0.9999861717224121
likely_fake,likely_fake,0.9999125003814697
likely_real,likely_real,0.9999872446060181
likely_fake,likely_fake,0.9998735189437866
likely_real,likely_real,0.9999839067459106
likely_fake,likely_fake,0.9998741149902344
likely_real,likely_real,0.9999876022338867
likely_real,likely_real,0.9999878406524658
likely_real,likely_real,0.9999872446060181
likely_fake,likely_fake,0.9999037981033325
likely_real,likely_real,0.9999854564666748
likely_fake,likely_fake,0.9997509121894836
likely_real,likely_real,0.9999876022338867
likely_real,likely_real,0.9999880790710449
likely_real,likely_real,0.9999874830245972
likely_real,likely_real,0.9999873638153076
likely_real,likely_real,0.9999871253967285
likely_fake,likely_fake,0.9999105930328369
likely_real,likely_real,0.9999873638153076
likely_real,likely_real,0.9999881982803345
likely_real,likely_real,0.9999881982803345
likely_fake,likely_fake,0.9998985528945923
likely_fake,likely_fake,0.9999244213104248
likely_fake,likely_fake,0.9960200190544128
likely_fake,likely_fake,0.9999096393585205
likely_real,likely_real,0.9999879598617554
likely_fake,likely_fake,0.9999098777770996
likely_fake,likely_fake,0.9999130964279175
likely_fake,likely_fake,0.9999264478683472
likely_fake,likely_fake,0.9999229907989502
likely_real,likely_real,0.9999871253967285
likely_fake,likely_fake,0.999901533126831
likely_fake,likely_fake,0.9999125003814697
likely_fake,likely_fake,0.9999297857284546
likely_fake,likely_fake,0.9999096393585205
likely_fake,likely_fake,0.999921441078186
likely_real,likely_real,0.9999878406524658
likely_real,likely_real,0.9999878406524658
likely_real,likely_real,0.9999876022338867
likely_fake,likely_fake,0.9999182224273682
likely_fake,likely_fake,0.9998958110809326
likely_real,likely_real,0.9999881982803345
likely_fake,likely_fake,0.9999288320541382
likely_real,likely_real,0.999988317489624
likely_real,likely_real,0.9999879598617554
likely_fake,likely_fake,0.9998929500579834
likely_real,likely_real,0.9999865293502808
likely_real,likely_real,0.9999871253967285
likely_real,likely_real,0.9999879598617554
likely_real,likely_real,0.9999876022338867
likely_fake,likely_fake,0.9999226331710815
likely_real,likely_real,0.9999878406524658
likely_real,likely_real,0.9999876022338867
likely_fake,likely_fake,0.9997512698173523
likely_real,likely_real,0.9999876022338867
likely_fake,likely_fake,0.9998904466629028
likely_fake,likely_fake,0.9999130964279175
likely_real,likely_real,0.9999873638153076
likely_fake,likely_fake,0.9999234676361084
likely_fake,likely_fake,0.9999063014984131
likely_fake,likely_fake,0.999887228012085
likely_real,likely_real,0.9999879598617554
likely_real,likely_real,0.999988317489624
likely_real,likely_real,0.9999879598617554
likely_fake,likely_fake,0.999915599822998
likely_real,likely_real,0.9999874830245972
likely_fake,likely_fake,0.9999157190322876
likely_real,likely_real,0.9999878406524658
likely_fake,likely_fake,0.9999303817749023
likely_real,likely_real,0.9999878406524658
likely_real,likely_real,0.9999879598617554
likely_real,likely_real,0.9999872446060181
likely_real,likely_real,0.9999874830245972
likely_real,likely_real,0.9999880790710449
likely_fake,likely_fake,0.9999250173568726
likely_real,likely_real,0.9999871253967285
likely_fake,likely_fake,0.9999228715896606
likely_real,likely_real,0.9999877214431763
likely_real,likely_real,0.9999879598617554
likely_fake,likely_fake,0.9999089241027832
likely_real,likely_real,0.9999878406524658
likely_real,likely_real,0.9999874830245972
likely_real,likely_real,0.9999878406524658
likely_fake,likely_fake,0.9999243021011353
likely_fake,likely_fake,0.9999111890792847
likely_fake,likely_fake,0.9999152421951294
likely_real,likely_real,0.9999877214431763
likely_real,likely_real,0.9999879598617554
likely_fake,likely_fake,0.9998883008956909
likely_real,likely_real,0.9999880790710449
likely_real,likely_real,0.9999861717224121
likely_real,likely_real,0.9999881982803345
likely_real,likely_real,0.999987006187439
likely_real,likely_real,0.9999874830245972
likely_real,likely_real,0.9999872446060181
likely_real,likely_real,0.9999878406524658
likely_fake,likely_fake,0.9999186992645264
likely_real,likely_real,0.9999876022338867
likely_real,likely_real,0.9999876022338867
likely_real,likely_real,0.9999877214431763
likely_fake,likely_fake,0.9999290704727173
likely_real,likely_real,0.9999873638153076
likely_real,likely_real,0.9999877214431763
likely_real,likely_real,0.9999874830245972
likely_real,likely_real,0.9999878406524658
likely_real,likely_real,0.9999880790710449
likely_real,likely_real,0.9999872446060181
likely_real,likely_real,0.9999879598617554
likely_fake,likely_fake,0.9998959302902222
likely_fake,likely_fake,0.9999229907989502
likely_fake,likely_fake,0.9999197721481323
likely_fake,likely_fake,0.9999152421951294
likely_fake,likely_fake,0.9999210834503174
likely_real,likely_real,0.9999873638153076
likely_real,likely_real,0.9999867677688599
likely_fake,likely_fake,0.9999150037765503
likely_real,likely_real,0.9999876022338867
likely_real,likely_real,0.9999880790710449
likely_fake,likely_fake,0.999885082244873
likely_fake,likely_fake,0.9999061822891235
likely_fake,likely_fake,0.9999270439147949
likely_fake,likely_fake,0.9999042749404907
likely_real,likely_real,0.9999876022338867
likely_fake,likely_fake,0.9999067783355713
likely_fake,likely_fake,0.9999250173568726
likely_fake,likely_fake,0.9999076128005981
likely_real,likely_real,0.9999876022338867
likely_real,likely_real,0.9999879598617554
likely_real,likely_real,0.9999881982803345
likely_real,likely_real,0.9999879598617554
likely_fake,likely_fake,0.9999245405197144
likely_real,likely_real,0.9999877214431763
likely_real,likely_real,0.9999876022338867
likely_real,likely_real,0.9999874830245972
likely_fake,likely_fake,0.9998993873596191
likely_fake,likely_fake,0.9999127388000488
likely_real,likely_real,0.9999878406524658
likely_real,likely_real,0.9999874830245972
likely_fake,likely_fake,0.9999030828475952
likely_fake,likely_fake,0.9998606443405151
likely_fake,likely_fake,0.9999231100082397
likely_real,likely_real,0.9999868869781494
likely_real,likely_real,0.9999876022338867
likely_real,likely_real,0.9999880790710449
likely_fake,likely_fake,0.9998670816421509
likely_fake,likely_fake,0.9999065399169922
likely_real,likely_real,0.999988317489624
likely_real,likely_real,0.9999871253967285
likely_fake,likely_fake,0.9999198913574219
likely_real,likely_real,0.999987006187439
likely_fake,likely_fake,0.9999163150787354
likely_real,likely_real,0.9999877214431763
likely_real,likely_real,0.9999881982803345
likely_real,likely_real,0.9999874830245972
likely_real,likely_real,0.9999879598617554
likely_real,likely_real,0.9999878406524658
likely_fake,likely_fake,0.9999294281005859
likely_fake,likely_fake,0.9999291896820068
likely_real,likely_real,0.9999877214431763
likely_fake,likely_fake,0.999919056892395
likely_fake,likely_fake,0.9999169111251831
likely_fake,likely_fake,0.999921441078186
likely_real,likely_real,0.9999873638153076
likely_fake,likely_fake,0.9999033212661743
likely_fake,likely_fake,0.9998739957809448
likely_real,likely_real,0.9999877214431763
likely_real,likely_real,0.9999873638153076
likely_real,likely_real,0.9999879598617554
likely_fake,likely_fake,0.9999279975891113
likely_fake,likely_fake,0.9999103546142578
likely_fake,likely_fake,0.9998642206192017
likely_fake,likely_fake,0.999896764755249
likely_fake,likely_fake,0.9999198913574219
likely_real,likely_real,0.9999878406524658
likely_real,likely_real,0.9999866485595703
likely_real,likely_real,0.9999847412109375
likely_real,likely_real,0.9999878406524658
likely_real,likely_real,0.9999872446060181
likely_real,likely_real,0.999987006187439
likely_real,likely_real,0.9999877214431763
likely_real,likely_real,0.9999881982803345
likely_real,likely_real,0.9999878406524658
likely_fake,likely_fake,0.9998109936714172
likely_fake,likely_fake,0.9999208450317383
likely_fake,likely_fake,0.9999048709869385
likely_real,likely_real,0.9999878406524658
likely_real,likely_real,0.9999872446060181
likely_real,likely_real,0.9999880790710449
likely_fake,likely_fake,0.9999229907989502
likely_fake,likely_fake,0.9999263286590576
likely_real,likely_real,0.9999873638153076
likely_real,likely_real,0.9999876022338867
likely_fake,likely_fake,0.9999194145202637
likely_real,likely_real,0.9999876022338867
likely_fake,likely_fake,0.9998807907104492
likely_fake,likely_fake,0.999855637550354
likely_fake,likely_fake,0.9999297857284546
likely_real,likely_real,0.9999871253967285
likely_real,likely_real,0.9999841451644897
likely_fake,likely_fake,0.9999185800552368
likely_real,likely_real,0.9999880790710449
likely_real,likely_real,0.9999877214431763
likely_fake,likely_fake,0.9998331069946289
likely_real,likely_real,0.9999878406524658
likely_fake,likely_fake,0.9999098777770996
likely_real,likely_real,0.9999872446060181
likely_fake,likely_fake,0.9999085664749146
likely_real,likely_real,0.9999879598617554
likely_real,likely_real,0.9999864101409912
likely_real,likely_real,0.999988317489624
likely_fake,likely_fake,0.9999072551727295
likely_fake,likely_fake,0.9999128580093384
likely_fake,likely_fake,0.999920129776001
likely_fake,likely_fake,0.9998992681503296
likely_fake,likely_fake,0.9999200105667114
likely_real,likely_real,0.9999880790710449
likely_real,likely_real,0.9999877214431763
likely_fake,likely_fake,0.9999196529388428
likely_real,likely_real,0.9999873638153076
likely_real,likely_real,0.9999877214431763
likely_real,likely_real,0.9999874830245972
likely_real,likely_real,0.9999874830245972
likely_fake,likely_fake,0.9998511075973511
likely_fake,likely_fake,0.9998767375946045
likely_real,likely_real,0.9999873638153076
likely_fake,likely_fake,0.9999163150787354
likely_fake,likely_fake,0.9998852014541626
likely_real,likely_real,0.9999880790710449
likely_fake,likely_fake,0.999925971031189
likely_real,likely_real,0.999987006187439
likely_real,likely_real,0.9999879598617554
likely_real,likely_real,0.9999876022338867
likely_real,likely_real,0.9999877214431763
likely_fake,likely_fake,0.9999040365219116
likely_real,likely_real,0.9999878406524658
likely_fake,likely_fake,0.9998912811279297
likely_fake,likely_fake,0.9998761415481567
likely_real,likely_real,0.9999878406524658
likely_fake,likely_fake,0.9999243021011353
likely_real,likely_real,0.9999877214431763
likely_real,likely_real,0.9999876022338867
likely_fake,likely_fake,0.999908447265625
likely_real,likely_real,0.9999877214431763
likely_fake,likely_fake,0.9998540878295898
likely_real,likely_real,0.9999876022338867
likely_fake,likely_fake,0.9999059438705444
likely_real,likely_real,0.9999874830245972
likely_fake,likely_fake,0.9998956918716431
likely_fake,likely_fake,0.9999216794967651
likely_real,likely_real,0.9999873638153076
likely_fake,likely_fake,0.9998992681503296
likely_fake,likely_fake,0.999887228012085
likely_fake,likely_fake,0.9999033212661743
likely_fake,likely_fake,0.999913215637207
likely_real,likely_real,0.9999879598617554
likely_fake,likely_fake,0.999902606010437
likely_real,likely_real,0.9999876022338867
likely_real,likely_real,0.9999873638153076
likely_real,likely_real,0.9999874830245972
likely_real,likely_real,0.9999876022338867
likely_fake,likely_fake,0.9999281167984009
likely_fake,likely_fake,0.999883770942688
likely_fake,likely_fake,0.9998832941055298
likely_fake,likely_fake,0.9999135732650757
likely_real,likely_real,0.9999881982803345
likely_real,likely_real,0.9999873638153076
likely_fake,likely_fake,0.9999130964279175
likely_fake,likely_fake,0.9999098777770996
likely_real,likely_real,0.9999881982803345
likely_real,likely_real,0.9999862909317017
likely_real,likely_real,0.9999877214431763
likely_real,likely_real,0.9999877214431763
likely_fake,likely_fake,0.9998476505279541
likely_fake,likely_fake,0.9999277591705322
likely_fake,likely_fake,0.9999028444290161
likely_real,likely_real,0.9999865293502808
likely_fake,likely_fake,0.9999191761016846
likely_real,likely_real,0.9999879598617554
likely_fake,likely_fake,0.9999070167541504
likely_real,likely_real,0.9999874830245972
likely_fake,likely_fake,0.9998378753662109
likely_real,likely_real,0.999987006187439
likely_fake,likely_fake,0.999903678894043
likely_real,likely_real,0.9999879598617554
likely_real,likely_fake,0.9969218373298645
likely_real,likely_real,0.9999874830245972
likely_real,likely_real,0.9999877214431763
likely_real,likely_real,0.9999877214431763
likely_fake,likely_fake,0.9999303817749023
likely_fake,likely_fake,0.9998830556869507
likely_fake,likely_fake,0.9998148083686829
likely_real,likely_real,0.9999879598617554
likely_real,likely_real,0.9999879598617554
likely_fake,likely_fake,0.9999171495437622
likely_real,likely_real,0.9999880790710449
likely_fake,likely_fake,0.9999184608459473
likely_fake,likely_fake,0.9998903274536133
likely_fake,likely_fake,0.9998551607131958
likely_fake,likely_fake,0.9999076128005981
likely_real,likely_real,0.9999880790710449
likely_fake,likely_fake,0.9999209642410278
likely_real,likely_real,0.9999860525131226
likely_fake,likely_fake,0.999901533126831
likely_real,likely_real,0.9999877214431763
likely_fake,likely_fake,0.9999122619628906
likely_real,likely_real,0.9999879598617554
likely_fake,likely_fake,0.9998955726623535
likely_fake,likely_fake,0.9999122619628906
likely_fake,likely_fake,0.9999202489852905
likely_real,likely_real,0.9999879598617554
likely_fake,likely_fake,0.9999196529388428
likely_real,likely_real,0.9999860525131226
likely_fake,likely_fake,0.9999117851257324
likely_real,likely_real,0.9999871253967285
likely_real,likely_real,0.9999860525131226
likely_real,likely_real,0.9999878406524658
likely_fake,likely_fake,0.9999237060546875
likely_real,likely_real,0.9999874830245972
likely_fake,likely_fake,0.9999039173126221
likely_real,likely_real,0.9999872446060181
likely_fake,likely_fake,0.9999173879623413
likely_real,likely_real,0.9999877214431763
likely_fake,likely_fake,0.9999277591705322
likely_real,likely_real,0.9999881982803345
likely_fake,likely_fake,0.9999271631240845
likely_fake,likely_fake,0.9999154806137085
likely_fake,likely_fake,0.9999077320098877
likely_fake,likely_fake,0.9999192953109741
likely_fake,likely_fake,0.9998986721038818
likely_fake,likely_fake,0.9998939037322998
likely_real,likely_real,0.9999871253967285
likely_real,likely_real,0.9999877214431763
likely_fake,likely_fake,0.9998924732208252
likely_fake,likely_fake,0.9999191761016846
likely_fake,likely_fake,0.9997058510780334
likely_fake,likely_fake,0.9998995065689087
likely_real,likely_real,0.9999879598617554
likely_fake,likely_fake,0.9999068975448608
likely_real,likely_real,0.9999879598617554
likely_fake,likely_fake,0.9998966455459595
likely_fake,likely_fake,0.9998317956924438
likely_real,likely_real,0.9999865293502808
likely_fake,likely_fake,0.9999028444290161
likely_fake,likely_fake,0.9999061822891235
likely_fake,likely_fake,0.9999215602874756
likely_real,likely_real,0.9999880790710449
likely_real,likely_real,0.9999871253967285
likely_real,likely_real,0.9999877214431763
likely_fake,likely_fake,0.9999004602432251
likely_fake,likely_fake,0.9998986721038818
likely_real,likely_real,0.9999878406524658
likely_real,likely_real,0.9999872446060181
likely_real,likely_real,0.9999878406524658
likely_fake,likely_fake,0.9999226331710815
likely_fake,likely_fake,0.9999134540557861
likely_fake,likely_fake,0.9999217987060547
likely_real,likely_real,0.999987006187439
likely_real,likely_real,0.9999874830245972
likely_fake,likely_fake,0.9999184608459473
likely_fake,likely_fake,0.9999046325683594
likely_real,likely_real,0.9999872446060181
likely_fake,likely_fake,0.9999010562896729
likely_fake,likely_fake,0.9999141693115234
likely_fake,likely_fake,0.9998964071273804
likely_real,likely_real,0.9999880790710449
likely_real,likely_real,0.9999876022338867
likely_real,likely_real,0.9999879598617554
likely_real,likely_real,0.9999866485595703
likely_real,likely_real,0.9999878406524658
likely_real,likely_real,0.9999879598617554
likely_fake,likely_fake,0.9998949766159058
likely_fake,likely_fake,0.9999020099639893
likely_fake,likely_fake,0.9998877048492432
likely_real,likely_real,0.9999877214431763
likely_real,likely_real,0.9999878406524658
likely_fake,likely_fake,0.9999147653579712
likely_fake,likely_fake,0.999916672706604
likely_fake,likely_fake,0.999894380569458
likely_fake,likely_fake,0.9999203681945801
likely_fake,likely_fake,0.9999145269393921
likely_real,likely_real,0.9999874830245972
likely_real,likely_real,0.9999876022338867
likely_real,likely_real,0.9999874830245972
likely_real,likely_real,0.9999879598617554
likely_real,likely_real,0.9999880790710449
likely_real,likely_real,0.9999876022338867
likely_fake,likely_fake,0.9999170303344727
likely_fake,likely_fake,0.9997598528862
likely_real,likely_real,0.9999879598617554
likely_fake,likely_fake,0.9999237060546875
likely_fake,likely_fake,0.9999008178710938
likely_real,likely_real,0.9999878406524658
likely_real,likely_real,0.9999871253967285
likely_real,likely_real,0.9999874830245972
likely_real,likely_real,0.9999878406524658
likely_real,likely_real,0.9999867677688599
likely_fake,likely_fake,0.999906063079834
likely_fake,likely_fake,0.999919056892395
likely_real,likely_real,0.9999878406524658
likely_fake,likely_fake,0.9999234676361084
likely_real,likely_real,0.9999878406524658
likely_real,likely_real,0.9999877214431763
likely_fake,likely_fake,0.999863862991333
likely_fake,likely_fake,0.999921441078186
likely_fake,likely_fake,0.9998997449874878
likely_real,likely_real,0.9999878406524658
likely_real,likely_real,0.9999877214431763
likely_real,likely_real,0.9999872446060181
likely_fake,likely_fake,0.9999144077301025
likely_real,likely_real,0.9999877214431763
likely_fake,likely_fake,0.9999184608459473
likely_fake,likely_fake,0.9999010562896729
likely_fake,likely_fake,0.9998962879180908
likely_fake,likely_fake,0.9999067783355713
likely_fake,likely_fake,0.9999109506607056
likely_fake,likely_fake,0.9999154806137085
likely_fake,likely_fake,0.9997932314872742
likely_real,likely_real,0.9999879598617554
likely_fake,likely_fake,0.9999128580093384
likely_real,likely_real,0.9999874830245972
likely_fake,likely_fake,0.9999001026153564
likely_fake,likely_fake,0.9999163150787354
likely_fake,likely_fake,0.9998892545700073
likely_real,likely_real,0.9999879598617554
likely_fake,likely_fake,0.9999114274978638
likely_real,likely_real,0.9999877214431763
likely_real,likely_real,0.9999864101409912
likely_fake,likely_fake,0.9998828172683716
likely_real,likely_real,0.9999874830245972
likely_fake,likely_fake,0.9999274015426636
likely_real,likely_real,0.999987006187439
likely_fake,likely_fake,0.9999202489852905
likely_fake,likely_fake,0.9999052286148071
likely_fake,likely_fake,0.9999285936355591
likely_real,likely_real,0.9999879598617554
likely_fake,likely_fake,0.9999217987060547
likely_fake,likely_fake,0.9999063014984131
likely_real,likely_real,0.9999877214431763
likely_real,likely_real,0.9999868869781494
likely_fake,likely_fake,0.9999170303344727
likely_fake,likely_fake,0.9999089241027832
likely_real,likely_real,0.9999873638153076
likely_fake,likely_fake,0.9999188184738159
likely_real,likely_real,0.9999884366989136
likely_fake,likely_fake,0.999823272228241
likely_fake,likely_fake,0.9999126195907593
likely_real,likely_real,0.9999878406524658
likely_real,likely_real,0.9999876022338867
likely_real,likely_real,0.9999876022338867
likely_real,likely_real,0.9999876022338867
likely_real,likely_real,0.9999873638153076
likely_fake,likely_fake,0.9999139308929443
likely_real,likely_real,0.9999876022338867
likely_fake,likely_fake,0.9999246597290039
likely_real,likely_real,0.9999872446060181
likely_real,likely_real,0.9999873638153076
likely_real,likely_real,0.9999879598617554
likely_real,likely_real,0.9999878406524658
likely_real,likely_real,0.9999873638153076
likely_real,likely_real,0.9999877214431763
likely_real,likely_real,0.9999874830245972
likely_real,likely_real,0.9999876022338867
likely_fake,likely_fake,0.9998677968978882
likely_fake,likely_fake,0.9999212026596069
likely_fake,likely_fake,0.9998825788497925
likely_real,likely_real,0.9999879598617554
likely_fake,likely_fake,0.9999277591705322
likely_real,likely_real,0.9999871253967285
likely_fake,likely_fake,0.9999321699142456
likely_real,likely_real,0.9999878406524658
likely_fake,likely_fake,0.9999164342880249
likely_real,likely_real,0.9999879598617554
likely_real,likely_real,0.9999874830245972
likely_fake,likely_fake,0.9999246597290039
likely_fake,likely_fake,0.9999165534973145
likely_real,likely_real,0.9999878406524658
likely_fake,likely_fake,0.9999092817306519
likely_real,likely_real,0.9999866485595703
likely_real,likely_real,0.9999874830245972
likely_real,likely_real,0.9999879598617554
likely_fake,likely_fake,0.9998905658721924
likely_real,likely_real,0.9999873638153076
likely_fake,likely_fake,0.999908447265625
likely_real,likely_real,0.9999878406524658
likely_fake,likely_fake,0.99991774559021
likely_real,likely_real,0.9999879598617554
likely_fake,likely_fake,0.999910831451416
likely_fake,likely_fake,0.9999127388000488
likely_real,likely_real,0.9999877214431763
likely_real,likely_real,0.9999874830245972
likely_real,likely_real,0.9999868869781494
likely_real,likely_real,0.9999881982803345
likely_fake,likely_fake,0.9998421669006348
likely_fake,likely_fake,0.9999125003814697
likely_real,likely_real,0.9999877214431763
likely_fake,likely_fake,0.9999102354049683
likely_fake,likely_fake,0.9998822212219238
likely_fake,likely_fake,0.9999140501022339
likely_real,likely_real,0.9999862909317017
likely_fake,likely_fake,0.9998936653137207
likely_fake,likely_fake,0.9999029636383057
likely_real,likely_real,0.9999876022338867
likely_fake,likely_fake,0.9999133348464966
likely_real,likely_real,0.9999874830245972
likely_fake,likely_fake,0.9998810291290283
likely_real,likely_real,0.9999877214431763
likely_fake,likely_fake,0.9999127388000488
likely_fake,likely_fake,0.9999232292175293
likely_fake,likely_fake,0.9999216794967651
likely_real,likely_real,0.9999864101409912
likely_fake,likely_fake,0.9999040365219116
likely_real,likely_real,0.9999878406524658
likely_fake,likely_fake,0.9999102354049683
likely_real,likely_real,0.9999873638153076
likely_real,likely_real,0.9999873638153076
likely_real,likely_real,0.9999874830245972
likely_real,likely_real,0.9999880790710449
likely_real,likely_real,0.9999871253967285
likely_fake,likely_fake,0.9999191761016846
likely_real,likely_real,0.9999879598617554
likely_real,likely_real,0.9999866485595703
likely_real,likely_real,0.9999876022338867
likely_real,likely_real,0.9999876022338867
likely_fake,likely_fake,0.9999269247055054
likely_real,likely_real,0.9999877214431763
likely_fake,likely_fake,0.9999192953109741
likely_fake,likely_fake,0.999916672706604
likely_fake,likely_fake,0.9998636245727539
likely_fake,likely_fake,0.9999271631240845
likely_fake,likely_fake,0.9999127388000488
likely_real,likely_real,0.9999871253967285
likely_fake,likely_fake,0.9999103546142578
likely_fake,likely_fake,0.9999138116836548
likely_fake,likely_fake,0.9999208450317383
likely_real,likely_real,0.9999746084213257
likely_fake,likely_fake,0.9998773336410522
likely_fake,likely_fake,0.9999127388000488
likely_fake,likely_fake,0.9999231100082397
likely_fake,likely_fake,0.9999275207519531
likely_real,likely_real,0.9999879598617554
likely_fake,likely_fake,0.9999079704284668
likely_real,likely_real,0.9999873638153076
likely_real,likely_real,0.9999876022338867
likely_fake,likely_fake,0.9998527765274048
likely_real,likely_real,0.9999877214431763
likely_real,likely_real,0.9999879598617554
likely_real,likely_real,0.9999877214431763
likely_fake,likely_fake,0.9999219179153442
likely_fake,likely_fake,0.9999086856842041
likely_fake,likely_fake,0.9999129772186279
likely_fake,likely_fake,0.9999085664749146
likely_real,likely_real,0.9999872446060181
likely_real,likely_real,0.999987006187439
likely_real,likely_real,0.9999879598617554
likely_real,likely_fake,0.9267081022262573
likely_fake,likely_fake,0.9998884201049805
likely_real,likely_real,0.9999876022338867
likely_real,likely_real,0.9999873638153076
likely_fake,likely_fake,0.9998831748962402
likely_real,likely_real,0.9999880790710449
likely_real,likely_real,0.999987006187439
likely_fake,likely_fake,0.9999257326126099
likely_fake,likely_fake,0.9999192953109741
likely_real,likely_real,0.9999858140945435
likely_real,likely_real,0.9999881982803345
likely_real,likely_real,0.9999873638153076
likely_fake,likely_fake,0.9999184608459473
likely_real,likely_real,0.9999871253967285
likely_fake,likely_fake,0.9999089241027832
likely_fake,likely_fake,0.999900221824646
likely_real,likely_real,0.9999879598617554
likely_fake,likely_fake,0.9999107122421265
likely_real,likely_real,0.9999873638153076
likely_fake,likely_fake,0.9999221563339233
likely_fake,likely_fake,0.999927282333374
likely_fake,likely_fake,0.9998816251754761
likely_fake,likely_fake,0.9999241828918457
likely_real,likely_real,0.9999876022338867
likely_fake,likely_fake,0.9999173879623413
likely_fake,likely_fake,0.9999314546585083
likely_real,likely_real,0.9999879598617554
likely_fake,likely_fake,0.9998866319656372
likely_fake,likely_fake,0.9999140501022339
likely_fake,likely_fake,0.999921441078186
likely_real,likely_real,0.9999876022338867
likely_real,likely_real,0.9999878406524658
likely_real,likely_real,0.9999876022338867
likely_real,likely_real,0.9999871253967285
likely_fake,likely_fake,0.9998958110809326
likely_fake,likely_fake,0.9998767375946045
likely_real,likely_real,0.9999880790710449
likely_real,likely_real,0.9999873638153076
likely_real,likely_real,0.9999873638153076
likely_real,likely_real,0.999987006187439
likely_real,likely_real,0.9999872446060181
likely_fake,likely_fake,0.9997598528862
likely_real,likely_real,0.9999878406524658
likely_real,likely_real,0.9999873638153076
likely_fake,likely_fake,0.9998886585235596
likely_fake,likely_fake,0.9999055862426758
likely_real,likely_real,0.9999877214431763
likely_real,likely_real,0.9999877214431763
likely_real,likely_real,0.9999868869781494
likely_fake,likely_fake,0.9999188184738159
likely_real,likely_real,0.9999880790710449
likely_fake,likely_fake,0.9999101161956787
likely_real,likely_real,0.9999879598617554
likely_fake,likely_fake,0.999919056892395
likely_fake,likely_fake,0.9999008178710938
likely_real,likely_real,0.9999878406524658
likely_real,likely_real,0.9999872446060181
likely_real,likely_real,0.9999878406524658
likely_fake,likely_fake,0.999922513961792
likely_real,likely_real,0.9999877214431763
likely_real,likely_real,0.9999871253967285
likely_fake,likely_fake,0.9999117851257324
likely_real,likely_real,0.9999871253967285
likely_real,likely_real,0.9999880790710449
likely_real,likely_real,0.9999864101409912
likely_fake,likely_fake,0.9999188184738159
likely_real,likely_real,0.9999880790710449
likely_real,likely_real,0.9999871253967285
likely_fake,likely_fake,0.9998856782913208
likely_real,likely_real,0.9999874830245972
likely_fake,likely_fake,0.9999024868011475
likely_real,likely_real,0.9999877214431763
likely_real,likely_real,0.9999878406524658
likely_fake,likely_fake,0.9999040365219116
likely_fake,likely_fake,0.9999130964279175
likely_fake,likely_fake,0.9999198913574219
likely_real,likely_real,0.9999878406524658
likely_fake,likely_fake,0.9998668432235718
likely_fake,likely_fake,0.9999222755432129
likely_fake,likely_fake,0.9998871088027954
likely_real,likely_real,0.9999880790710449
likely_fake,likely_fake,0.9999151229858398
likely_real,likely_real,0.9999876022338867
likely_fake,likely_fake,0.9999285936355591
likely_real,likely_real,0.9999877214431763
likely_real,likely_real,0.9999866485595703
likely_real,likely_real,0.9999878406524658
likely_real,likely_real,0.9999865293502808
likely_real,likely_real,0.9999877214431763
likely_fake,likely_fake,0.9999097585678101
likely_real,likely_real,0.9999877214431763
likely_fake,likely_fake,0.9998911619186401
likely_real,likely_real,0.9999879598617554
likely_fake,likely_fake,0.999914288520813
likely_fake,likely_fake,0.9999263286590576
likely_fake,likely_fake,0.9998911619186401
likely_fake,likely_fake,0.9999027252197266
likely_real,likely_real,0.9999876022338867
likely_fake,likely_fake,0.9999157190322876
likely_real,likely_real,0.9999878406524658
likely_fake,likely_fake,0.9999278783798218
likely_fake,likely_fake,0.9998741149902344
likely_fake,likely_fake,0.9999203681945801
likely_real,likely_real,0.9999874830245972
likely_real,likely_real,0.9999866485595703
likely_fake,likely_fake,0.9998793601989746
likely_fake,likely_fake,0.9999210834503174
likely_fake,likely_fake,0.9998923540115356
likely_fake,likely_fake,0.9999097585678101
likely_real,likely_real,0.9999877214431763
likely_fake,likely_fake,0.9999289512634277
likely_real,likely_real,0.9999871253967285
likely_fake,likely_fake,0.999915361404419
likely_fake,likely_fake,0.999922513961792
likely_real,likely_real,0.9999873638153076
likely_real,likely_real,0.9999874830245972
likely_fake,likely_fake,0.9998928308486938
likely_fake,likely_fake,0.9998606443405151
likely_real,likely_real,0.9999878406524658
likely_fake,likely_fake,0.999907374382019
likely_real,likely_real,0.9999876022338867
likely_fake,likely_fake,0.9999011754989624
likely_real,likely_real,0.9999872446060181
likely_real,likely_real,0.9999877214431763
likely_fake,likely_fake,0.9999130964279175
likely_real,likely_real,0.9999871253967285
likely_real,likely_real,0.9999877214431763
likely_fake,likely_fake,0.9998804330825806
likely_fake,likely_fake,0.999904990196228
likely_fake,likely_fake,0.9999222755432129
likely_real,likely_real,0.9999877214431763
likely_fake,likely_fake,0.999910831451416
likely_fake,likely_fake,0.9998868703842163
likely_real,likely_real,0.9999874830245972
likely_fake,likely_fake,0.9999076128005981
likely_fake,likely_fake,0.9999105930328369
likely_fake,likely_fake,0.9999176263809204
likely_fake,likely_fake,0.9998929500579834
likely_fake,likely_fake,0.9998884201049805
likely_fake,likely_fake,0.9998898506164551
likely_fake,likely_fake,0.9999113082885742
likely_real,likely_real,0.9999879598617554
likely_real,likely_real,0.9999839067459106
likely_real,likely_real,0.9999868869781494
likely_fake,likely_fake,0.9998974800109863
likely_fake,likely_fake,0.999919056892395
likely_real,likely_real,0.9999874830245972
likely_real,likely_real,0.9999880790710449
likely_real,likely_real,0.9999881982803345
likely_fake,likely_fake,0.9999057054519653
likely_fake,likely_fake,0.9998053908348083
likely_fake,likely_fake,0.9999126195907593
likely_fake,likely_fake,0.999914288520813
likely_real,likely_real,0.9999878406524658
likely_fake,likely_fake,0.9999083280563354
likely_real,likely_real,0.9999874830245972
likely_real,likely_real,0.9999871253967285
likely_fake,likely_fake,0.9999070167541504
likely_fake,likely_fake,0.9999195337295532
likely_real,likely_real,0.9999874830245972
likely_fake,likely_fake,0.9999165534973145
likely_fake,likely_fake,0.9999277591705322
likely_real,likely_real,0.9999879598617554
likely_real,likely_real,0.9999877214431763
likely_fake,likely_fake,0.9999091625213623
likely_real,likely_real,0.9999872446060181
likely_real,likely_real,0.9999865293502808
likely_real,likely_real,0.9999874830245972
likely_fake,likely_fake,0.9999310970306396
likely_real,likely_real,0.9999775886535645
likely_real,likely_real,0.9999874830245972
likely_real,likely_real,0.9999879598617554
likely_real,likely_real,0.9999879598617554
likely_real,likely_real,0.9999876022338867
likely_fake,likely_fake,0.9999138116836548
likely_fake,likely_fake,0.9998912811279297
likely_real,likely_real,0.9999876022338867
likely_fake,likely_fake,0.9998475313186646
likely_fake,likely_fake,0.9999176263809204
likely_fake,likely_fake,0.9998916387557983
likely_real,likely_real,0.9999874830245972
likely_real,likely_real,0.9999874830245972
likely_fake,likely_fake,0.9999037981033325
likely_fake,likely_fake,0.999916672706604
likely_real,likely_real,0.9999872446060181
likely_fake,likely_fake,0.9999128580093384
likely_fake,likely_fake,0.9999148845672607
likely_real,likely_real,0.9999879598617554
likely_fake,likely_fake,0.9999246597290039
likely_real,likely_real,0.9999862909317017
likely_fake,likely_fake,0.9998985528945923
likely_real,likely_real,0.9999880790710449
likely_fake,likely_fake,0.9999029636383057
likely_real,likely_real,0.9999880790710449
likely_fake,likely_fake,0.999909520149231
likely_real,likely_real,0.9999874830245972
likely_real,likely_real,0.9999874830245972
likely_real,likely_real,0.9999878406524658
likely_real,likely_real,0.9999881982803345
likely_real,likely_real,0.9999876022338867
likely_fake,likely_fake,0.9998904466629028
likely_real,likely_real,0.9999880790710449
likely_fake,likely_fake,0.9999171495437622
likely_fake,likely_fake,0.9999229907989502
likely_real,likely_real,0.9999876022338867
likely_real,likely_real,0.9999878406524658
likely_real,likely_real,0.9999876022338867
likely_real,likely_real,0.9999879598617554
likely_real,likely_real,0.9999868869781494
likely_real,likely_real,0.9999873638153076
likely_real,likely_real,0.9999879598617554
likely_real,likely_real,0.9999872446060181
likely_real,likely_real,0.9999872446060181
likely_fake,likely_fake,0.99989914894104
likely_real,likely_real,0.9999877214431763
likely_real,likely_real,0.9999879598617554
likely_real,likely_real,0.999987006187439
likely_real,likely_real,0.9999877214431763
likely_real,likely_real,0.9999877214431763
likely_real,likely_real,0.9999873638153076
likely_real,likely_real,0.9999873638153076
likely_real,likely_real,0.9999873638153076
likely_fake,likely_fake,0.9999289512634277
likely_real,likely_real,0.9999877214431763
likely_real,likely_real,0.9999872446060181
likely_real,likely_real,0.9999876022338867
likely_real,likely_real,0.9999874830245972
likely_fake,likely_fake,0.9999123811721802
likely_real,likely_real,0.9999876022338867
likely_fake,likely_fake,0.9999209642410278
likely_real,likely_real,0.9999877214431763
likely_real,likely_real,0.9999866485595703
likely_real,likely_real,0.999987006187439
likely_fake,likely_fake,0.9997320771217346
likely_fake,likely_fake,0.9999070167541504
likely_real,likely_real,0.9999878406524658
likely_fake,likely_fake,0.9999176263809204
likely_fake,likely_fake,0.999901533126831
likely_real,likely_real,0.9999879598617554
likely_fake,likely_fake,0.9998799562454224
likely_real,likely_real,0.9999879598617554
likely_fake,likely_fake,0.9998786449432373
likely_real,likely_real,0.9999877214431763
likely_fake,likely_fake,0.999919056892395
likely_real,likely_real,0.9999873638153076
likely_real,likely_real,0.9999877214431763
likely_real,likely_real,0.9999871253967285
likely_real,likely_real,0.9999879598617554
likely_real,likely_real,0.999988317489624
likely_fake,likely_fake,0.9998493194580078
likely_real,likely_real,0.9999877214431763
likely_fake,likely_fake,0.9999037981033325
likely_fake,likely_fake,0.9999257326126099
likely_real,likely_real,0.9999877214431763
likely_fake,likely_fake,0.9999105930328369
likely_fake,likely_fake,0.9999133348464966
likely_real,likely_real,0.999987006187439
likely_fake,likely_fake,0.999916672706604
likely_fake,likely_fake,0.9999260902404785
likely_fake,likely_fake,0.9998083710670471
likely_real,likely_real,0.999987006187439
likely_real,likely_real,0.9999878406524658
likely_real,likely_real,0.9999878406524658
likely_fake,likely_fake,0.9999256134033203
likely_real,likely_real,0.9999878406524658
likely_fake,likely_fake,0.9998947381973267
likely_real,likely_real,0.9999879598617554
likely_real,likely_real,0.9999874830245972
likely_real,likely_real,0.9999871253967285
likely_fake,likely_fake,0.999913215637207
likely_fake,likely_fake,0.9999305009841919
likely_real,likely_real,0.9999867677688599
likely_real,likely_real,0.9999877214431763
likely_real,likely_real,0.9999878406524658
likely_fake,likely_fake,0.9999213218688965
likely_real,likely_real,0.9999880790710449
likely_fake,likely_fake,0.9999244213104248
likely_real,likely_real,0.9999873638153076
likely_fake,likely_fake,0.9998488426208496
likely_fake,likely_fake,0.9999014139175415
likely_fake,likely_fake,0.9999122619628906
likely_real,likely_real,0.9999881982803345
likely_fake,likely_fake,0.9999220371246338
likely_fake,likely_fake,0.9999276399612427
likely_fake,likely_fake,0.9999092817306519
likely_real,likely_real,0.9999878406524658
likely_real,likely_real,0.9999878406524658
likely_real,likely_real,0.9999877214431763
likely_fake,likely_fake,0.9997833371162415
likely_real,likely_real,0.9999877214431763
likely_fake,likely_fake,0.9998981952667236
likely_fake,likely_fake,0.9998899698257446
likely_real,likely_real,0.9999877214431763
likely_fake,likely_fake,0.9999059438705444
likely_real,likely_real,0.9999879598617554
likely_fake,likely_fake,0.9998877048492432
likely_fake,likely_fake,0.9999297857284546
likely_real,likely_real,0.9999878406524658
likely_fake,likely_fake,0.9999059438705444
likely_real,likely_real,0.9999879598617554
likely_fake,likely_fake,0.9999120235443115
likely_real,likely_real,0.9999877214431763
likely_real,likely_real,0.9999872446060181
likely_real,likely_real,0.9999880790710449
likely_real,likely_real,0.9999879598617554
likely_real,likely_real,0.9999866485595703
likely_real,likely_real,0.9999878406524658
likely_fake,likely_fake,0.9999216794967651
likely_real,likely_real,0.9999877214431763
likely_fake,likely_fake,0.9999097585678101
likely_real,likely_real,0.9999871253967285
likely_real,likely_real,0.9999860525131226
likely_real,likely_real,0.9999880790710449
likely_real,likely_real,0.9999879598617554
likely_real,likely_real,0.9999860525131226
likely_fake,likely_fake,0.9999161958694458
likely_fake,likely_fake,0.999916672706604
likely_real,likely_real,0.9999879598617554
likely_fake,likely_fake,0.9999165534973145
likely_fake,likely_fake,0.9999213218688965
likely_fake,likely_fake,0.9998942613601685
likely_fake,likely_fake,0.9999053478240967
likely_fake,likely_fake,0.999915599822998
likely_fake,likely_fake,0.9999243021011353
likely_real,likely_real,0.9999879598617554
likely_fake,likely_fake,0.9999171495437622
likely_real,likely_real,0.9999871253967285
likely_real,likely_real,0.9999877214431763
likely_real,likely_real,0.9999880790710449
likely_real,likely_real,0.9999876022338867
likely_real,likely_real,0.9999876022338867
likely_real,likely_real,0.9999880790710449
likely_real,likely_real,0.9999871253967285
likely_fake,likely_fake,0.9999219179153442
likely_real,likely_real,0.9999881982803345
likely_real,likely_real,0.9999871253967285
likely_real,likely_real,0.9999876022338867
likely_real,likely_real,0.9999871253967285
likely_fake,likely_fake,0.9998840093612671
likely_real,likely_real,0.9999880790710449
likely_real,likely_real,0.9999849796295166
likely_fake,likely_fake,0.9998787641525269
likely_fake,likely_fake,0.9999055862426758
likely_real,likely_real,0.9999880790710449
likely_real,likely_real,0.9999878406524658
likely_real,likely_real,0.9999876022338867
likely_real,likely_real,0.9999877214431763
likely_fake,likely_fake,0.9999033212661743
likely_fake,likely_fake,0.9998902082443237
likely_real,likely_real,0.9999876022338867
likely_fake,likely_fake,0.9999152421951294
likely_fake,likely_fake,0.9999022483825684
likely_fake,likely_fake,0.999904990196228
likely_fake,likely_fake,0.9998973608016968
likely_real,likely_real,0.9999877214431763
likely_real,likely_real,0.9999880790710449
likely_fake,likely_fake,0.999913215637207
likely_fake,likely_fake,0.9999165534973145
likely_fake,likely_fake,0.9999058246612549
likely_real,likely_real,0.9999874830245972
likely_real,likely_real,0.9999872446060181
likely_real,likely_real,0.9999867677688599
likely_fake,likely_fake,0.9998984336853027
likely_fake,likely_fake,0.9999288320541382
likely_real,likely_real,0.9999878406524658
likely_real,likely_real,0.9999879598617554
likely_fake,likely_fake,0.9999173879623413
likely_fake,likely_fake,0.9999120235443115
likely_real,likely_real,0.9999876022338867
likely_fake,likely_fake,0.9998782873153687
likely_fake,likely_fake,0.999923586845398
likely_fake,likely_fake,0.9999047517776489
likely_real,likely_real,0.9999876022338867
likely_real,likely_real,0.9999868869781494
likely_fake,likely_fake,0.9999135732650757
likely_real,likely_real,0.9999879598617554
likely_real,likely_real,0.9999872446060181
likely_fake,likely_fake,0.9999229907989502
likely_real,likely_real,0.9999880790710449
likely_fake,likely_fake,0.9999135732650757
likely_fake,likely_fake,0.9999234676361084
likely_real,likely_real,0.9999877214431763
likely_fake,likely_fake,0.9998725652694702
likely_fake,likely_fake,0.999910831451416
likely_real,likely_real,0.9999879598617554
likely_real,likely_real,0.9999876022338867
likely_real,likely_real,0.9999881982803345
likely_fake,likely_fake,0.99988853931427
likely_real,likely_real,0.9999871253967285
likely_real,likely_real,0.9999879598617554
likely_real,likely_real,0.9999879598617554
likely_real,likely_real,0.9999876022338867
likely_real,likely_real,0.9999873638153076
likely_fake,likely_fake,0.9999191761016846
likely_real,likely_real,0.9999881982803345
likely_fake,likely_fake,0.9999184608459473
likely_real,likely_real,0.9999878406524658
likely_fake,likely_fake,0.9998307228088379
likely_fake,likely_fake,0.9998996257781982
likely_fake,likely_fake,0.9995660185813904
likely_real,likely_real,0.9999876022338867
likely_fake,likely_fake,0.9999176263809204
likely_real,likely_real,0.9999878406524658
likely_real,likely_real,0.9999878406524658
likely_real,likely_real,0.9999877214431763
likely_fake,likely_fake,0.9993851184844971
likely_fake,likely_fake,0.9999223947525024
likely_fake,likely_fake,0.999895453453064
likely_fake,likely_fake,0.999922513961792
likely_real,likely_real,0.9999866485595703
likely_real,likely_real,0.9999879598617554
likely_real,likely_real,0.9999877214431763
likely_real,likely_real,0.9999876022338867
likely_fake,likely_fake,0.9998927116394043
likely_fake,likely_fake,0.9999220371246338
likely_fake,likely_fake,0.9998875856399536
likely_real,likely_real,0.9999881982803345
likely_fake,likely_fake,0.9999228715896606
likely_real,likely_real,0.9999872446060181
likely_real,likely_real,0.9999879598617554
likely_real,likely_real,0.9999874830245972
likely_fake,likely_fake,0.9999216794967651
likely_fake,likely_fake,0.9999135732650757
likely_fake,likely_fake,0.9998694658279419
likely_fake,likely_fake,0.9998846054077148
likely_real,likely_real,0.9999878406524658
likely_real,likely_real,0.9999884366989136
likely_real,likely_real,0.9999872446060181
likely_fake,likely_fake,0.9998960494995117
likely_fake,likely_fake,0.9999027252197266
likely_real,likely_real,0.9999874830245972
likely_fake,likely_fake,0.9998865127563477
likely_fake,likely_fake,0.9999239444732666
likely_real,likely_real,0.9999880790710449
likely_fake,likely_fake,0.9999080896377563
likely_real,likely_real,0.9999871253967285
likely_fake,likely_fake,0.9999227523803711
likely_fake,likely_fake,0.9999122619628906
likely_real,likely_real,0.9999866485595703
likely_real,likely_real,0.9999874830245972
likely_fake,likely_fake,0.9999241828918457
likely_fake,likely_fake,0.9999278783798218
likely_fake,likely_fake,0.9999030828475952
likely_real,likely_real,0.999988317489624
likely_fake,likely_fake,0.9998929500579834
likely_fake,likely_fake,0.9998194575309753
likely_fake,likely_fake,0.9998964071273804
likely_fake,likely_fake,0.9997687935829163
likely_fake,likely_fake,0.9998694658279419
likely_fake,likely_fake,0.9999120235443115
likely_fake,likely_fake,0.9997478127479553
likely_real,likely_real,0.9999880790710449
likely_fake,likely_fake,0.9999041557312012
likely_real,likely_real,0.9999877214431763
likely_fake,likely_fake,0.9999169111251831
likely_fake,likely_fake,0.9999150037765503
likely_real,likely_real,0.9999879598617554
likely_real,likely_real,0.9999876022338867
likely_real,likely_real,0.9999876022338867
likely_real,likely_real,0.9999877214431763
likely_real,likely_real,0.9999879598617554
likely_real,likely_real,0.9999876022338867
likely_real,likely_real,0.9999880790710449
likely_real,likely_real,0.9999879598617554
likely_real,likely_real,0.9999880790710449
likely_real,likely_real,0.9999877214431763
likely_fake,likely_fake,0.9998310804367065
likely_fake,likely_fake,0.9998618364334106
likely_fake,likely_fake,0.9998459815979004
likely_real,likely_real,0.9999877214431763
likely_real,likely_real,0.9999871253967285
likely_real,likely_real,0.9999874830245972
likely_real,likely_real,0.9999880790710449
likely_fake,likely_fake,0.9999164342880249
likely_fake,likely_fake,0.9998809099197388
likely_fake,likely_fake,0.9999229907989502
likely_real,likely_real,0.9999872446060181
likely_real,likely_real,0.9999878406524658
likely_real,likely_real,0.9999880790710449
likely_fake,likely_fake,0.9999120235443115
likely_fake,likely_fake,0.9999035596847534
likely_real,likely_real,0.9999876022338867
likely_fake,likely_fake,0.999894380569458
likely_real,likely_real,0.9999877214431763
likely_fake,likely_fake,0.9998880624771118
likely_fake,likely_fake,0.9998390674591064
likely_fake,likely_fake,0.9998842477798462
likely_real,likely_real,0.9999879598617554
likely_fake,likely_fake,0.9998533725738525
likely_real,likely_real,0.9999868869781494
likely_real,likely_real,0.9999872446060181
likely_fake,likely_fake,0.9999114274978638
likely_real,likely_real,0.9999877214431763
likely_fake,likely_fake,0.9999113082885742
likely_fake,likely_fake,0.999900221824646
likely_real,likely_real,0.9999879598617554
likely_fake,likely_fake,0.9999148845672607
likely_real,likely_real,0.999988317489624
likely_real,likely_real,0.9999874830245972
likely_real,likely_real,0.9999874830245972
likely_fake,likely_fake,0.9999220371246338
likely_fake,likely_fake,0.9999251365661621
likely_fake,likely_fake,0.9999078512191772
likely_real,likely_real,0.9999877214431763
likely_fake,likely_fake,0.9998059868812561
likely_real,likely_real,0.9999878406524658
likely_real,likely_real,0.9999866485595703
likely_real,likely_real,0.999987006187439
likely_fake,likely_fake,0.9999178647994995
likely_fake,likely_fake,0.999908447265625
likely_real,likely_real,0.9999871253967285
likely_real,likely_real,0.9999876022338867
likely_real,likely_real,0.9999879598617554
likely_fake,likely_fake,0.9998743534088135
likely_fake,likely_fake,0.9998897314071655
likely_fake,likely_fake,0.9999163150787354
likely_fake,likely_fake,0.99988853931427
likely_real,likely_real,0.9999878406524658
likely_fake,likely_fake,0.9999160766601562
likely_fake,likely_fake,0.9999282360076904
likely_real,likely_real,0.9999872446060181
likely_fake,likely_fake,0.9999117851257324
likely_real,likely_real,0.9999881982803345
likely_real,likely_real,0.9999874830245972
likely_real,likely_real,0.9999877214431763
likely_real,likely_real,0.9999872446060181
likely_fake,likely_fake,0.9999217987060547
likely_real,likely_real,0.9999868869781494
likely_fake,likely_fake,0.9999004602432251
likely_real,likely_real,0.9999867677688599
likely_real,likely_real,0.9999876022338867
likely_real,likely_real,0.9999878406524658
likely_fake,likely_fake,0.9998724460601807
likely_real,likely_real,0.9999879598617554
likely_real,likely_real,0.9999878406524658
likely_real,likely_real,0.9999871253967285
likely_real,likely_real,0.9999878406524658
likely_fake,likely_fake,0.999906063079834
likely_real,likely_real,0.9999864101409912
likely_real,likely_real,0.9999874830245972
likely_real,likely_real,0.999987006187439
likely_fake,likely_fake,0.9998961687088013
likely_real,likely_real,0.9999874830245972
likely_fake,likely_fake,0.999915599822998
likely_real,likely_real,0.9999876022338867
likely_fake,likely_fake,0.9998778104782104
likely_fake,likely_fake,0.9999127388000488
likely_real,likely_real,0.9999874830245972
likely_real,likely_real,0.9999871253967285
likely_fake,likely_fake,0.9998880624771118
likely_fake,likely_fake,0.9999064207077026
likely_real,likely_real,0.9999874830245972
likely_fake,likely_fake,0.9999195337295532
likely_real,likely_real,0.9999878406524658
likely_real,likely_real,0.9999784231185913
likely_real,likely_real,0.9999873638153076
likely_fake,likely_fake,0.999778687953949
likely_real,likely_real,0.9999878406524658
likely_fake,likely_fake,0.9999192953109741
likely_real,likely_real,0.9999878406524658
likely_real,likely_real,0.9999861717224121
likely_fake,likely_fake,0.9999215602874756
likely_real,likely_real,0.9999867677688599
likely_real,likely_real,0.999988317489624
likely_fake,likely_fake,0.9999003410339355
likely_fake,likely_fake,0.9996452331542969
likely_real,likely_real,0.9999876022338867
likely_real,likely_real,0.9999880790710449
likely_fake,likely_fake,0.9999183416366577
likely_fake,likely_fake,0.9998828172683716
likely_real,likely_real,0.9999877214431763
likely_real,likely_real,0.9999850988388062
likely_real,likely_real,0.9999874830245972
likely_fake,likely_fake,0.9999067783355713
likely_fake,likely_fake,0.9998447895050049
likely_fake,likely_fake,0.999909520149231
likely_real,likely_real,0.9999880790710449
likely_real,likely_real,0.9999880790710449
likely_real,likely_real,0.9999871253967285
likely_real,likely_real,0.9999876022338867
likely_real,likely_real,0.9999874830245972
likely_fake,likely_fake,0.9999139308929443
likely_fake,likely_fake,0.9999046325683594
likely_fake,likely_fake,0.9998894929885864
likely_real,likely_real,0.9999879598617554
likely_fake,likely_fake,0.9999111890792847
likely_fake,likely_fake,0.9999281167984009
likely_real,likely_real,0.9999874830245972
likely_fake,likely_fake,0.9999125003814697
likely_real,likely_real,0.9999880790710449
likely_real,likely_real,0.9999879598617554
likely_fake,likely_fake,0.9999072551727295
likely_fake,likely_fake,0.9998947381973267
likely_fake,likely_fake,0.9998593330383301
likely_real,likely_real,0.9999877214431763
likely_real,likely_real,0.9999877214431763
likely_real,likely_real,0.9999879598617554
likely_real,likely_real,0.9999850988388062
likely_real,likely_real,0.9999872446060181
likely_fake,likely_fake,0.9998182654380798
likely_fake,likely_fake,0.9999260902404785
likely_real,likely_real,0.9999867677688599
likely_fake,likely_fake,0.9999264478683472
likely_real,likely_real,0.9999876022338867
likely_fake,likely_fake,0.9999104738235474
likely_real,likely_real,0.9999879598617554
likely_real,likely_real,0.9999877214431763
likely_real,likely_real,0.9999879598617554
likely_real,likely_real,0.9999877214431763
likely_fake,likely_fake,0.9998717308044434
likely_real,likely_real,0.9999878406524658
likely_fake,likely_fake,0.9999240636825562
likely_real,likely_real,0.9999861717224121
likely_real,likely_real,0.9999878406524658
likely_real,likely_real,0.9999872446060181
likely_real,likely_real,0.9999877214431763
likely_fake,likely_fake,0.9998990297317505
likely_real,likely_real,0.999987006187439
likely_real,likely_real,0.9999877214431763
likely_real,likely_real,0.9999878406524658
likely_real,likely_real,0.9999877214431763
likely_real,likely_real,0.9999861717224121
likely_fake,likely_fake,0.9999233484268188
likely_fake,likely_fake,0.9999045133590698
likely_fake,likely_fake,0.9999250173568726
likely_real,likely_real,0.9999878406524658
likely_real,likely_real,0.9999877214431763
likely_real,likely_real,0.9999872446060181
likely_fake,likely_fake,0.9999146461486816
likely_fake,likely_fake,0.9999217987060547
likely_fake,likely_fake,0.999862551689148
likely_real,likely_real,0.9999876022338867
likely_real,likely_real,0.9999878406524658
likely_fake,likely_fake,0.9999130964279175
likely_fake,likely_fake,0.9999063014984131
likely_fake,likely_fake,0.9999191761016846
likely_real,likely_real,0.9999876022338867
likely_fake,likely_fake,0.999895453453064
likely_real,likely_real,0.9999878406524658
likely_real,likely_real,0.999985933303833
likely_real,likely_real,0.9999876022338867
likely_real,likely_real,0.9999876022338867
likely_real,likely_real,0.9999873638153076
likely_fake,likely_fake,0.9998750686645508
likely_real,likely_real,0.9999874830245972
likely_fake,likely_fake,0.9999127388000488
likely_real,likely_real,0.9999874830245972
likely_fake,likely_fake,0.9998922348022461
likely_real,likely_real,0.9999877214431763
likely_fake,likely_fake,0.9999198913574219
likely_fake,likely_fake,0.9999198913574219
likely_real,likely_real,0.9999873638153076
likely_fake,likely_fake,0.9999234676361084
likely_real,likely_real,0.9999881982803345
likely_fake,likely_fake,0.9999152421951294
likely_real,likely_real,0.9999872446060181
likely_fake,likely_fake,0.9998694658279419
likely_fake,likely_fake,0.999910831451416
likely_fake,likely_fake,0.9998935461044312
likely_real,likely_real,0.9999868869781494
likely_fake,likely_fake,0.9999279975891113
likely_fake,likely_fake,0.9999146461486816
likely_fake,likely_fake,0.9999042749404907
likely_real,likely_real,0.9999873638153076
likely_real,likely_real,0.9999874830245972
likely_fake,likely_fake,0.9999228715896606
likely_real,likely_real,0.9999876022338867
likely_fake,likely_fake,0.9999058246612549
likely_real,likely_real,0.9999880790710449
likely_real,likely_real,0.9999879598617554
likely_fake,likely_fake,0.9999063014984131
likely_real,likely_real,0.9999876022338867
likely_real,likely_real,0.9999873638153076
likely_real,likely_real,0.9999881982803345
likely_real,likely_real,0.999987006187439
likely_real,likely_real,0.9999873638153076
likely_real,likely_real,0.9999873638153076
likely_fake,likely_fake,0.9999109506607056
likely_real,likely_real,0.9999881982803345
likely_fake,likely_fake,0.9998986721038818
likely_fake,likely_fake,0.9999061822891235
likely_real,likely_real,0.9999878406524658
likely_real,likely_real,0.9999872446060181
likely_real,likely_real,0.9999874830245972
likely_fake,likely_fake,0.9999139308929443
likely_real,likely_real,0.9999876022338867
likely_fake,likely_fake,0.9999278783798218
likely_real,likely_real,0.9999871253967285
likely_real,likely_real,0.9999878406524658
likely_real,likely_real,0.9999874830245972
likely_fake,likely_fake,0.9999191761016846
likely_fake,likely_fake,0.9999097585678101
likely_real,likely_real,0.9999868869781494
likely_fake,likely_fake,0.9999123811721802
likely_real,likely_real,0.9999866485595703
likely_fake,likely_fake,0.999875545501709
likely_real,likely_real,0.999988317489624
likely_real,likely_real,0.9999880790710449
likely_real,likely_real,0.9999881982803345
likely_real,likely_real,0.9999874830245972
likely_fake,likely_fake,0.9999192953109741
likely_real,likely_real,0.9999880790710449
likely_real,likely_real,0.9999867677688599
likely_real,likely_real,0.9999868869781494
likely_real,likely_real,0.9999871253967285
likely_real,likely_real,0.9999877214431763
likely_real,likely_real,0.9999878406524658
likely_real,likely_real,0.9999876022338867
likely_fake,likely_fake,0.9999221563339233
likely_real,likely_real,0.9999876022338867
likely_real,likely_real,0.9999874830245972
likely_fake,likely_fake,0.9999154806137085
likely_real,likely_real,0.9999871253967285
likely_fake,likely_fake,0.99991774559021
likely_real,likely_real,0.9999878406524658
likely_real,likely_real,0.9999872446060181
likely_real,likely_real,0.9999880790710449
likely_real,likely_real,0.9999878406524658
likely_real,likely_real,0.9999880790710449
likely_real,likely_real,0.9999876022338867
likely_real,likely_real,0.9999878406524658
likely_fake,likely_fake,0.9999276399612427
likely_real,likely_real,0.9999878406524658
likely_real,likely_real,0.9999877214431763
likely_real,likely_real,0.9999879598617554
likely_fake,likely_fake,0.9999071359634399
likely_real,likely_real,0.9999877214431763
likely_fake,likely_fake,0.9998990297317505
likely_real,likely_real,0.9999864101409912
likely_fake,likely_fake,0.9999167919158936
likely_fake,likely_fake,0.9999113082885742
likely_real,likely_real,0.9999872446060181
likely_real,likely_real,0.9999873638153076
likely_fake,likely_fake,0.9985015392303467
likely_fake,likely_fake,0.9999173879623413
likely_fake,likely_fake,0.9999182224273682
likely_real,likely_real,0.9999866485595703
likely_real,likely_real,0.9999881982803345
likely_real,likely_real,0.9999876022338867
likely_fake,likely_fake,0.9998452663421631
likely_real,likely_real,0.9999873638153076
likely_real,likely_real,0.9999874830245972
likely_real,likely_real,0.9999876022338867
likely_real,likely_real,0.9999867677688599
likely_real,likely_real,0.9999872446060181
likely_real,likely_real,0.9999876022338867
likely_fake,likely_fake,0.9999040365219116
likely_real,likely_real,0.9999858140945435
likely_real,likely_real,0.9999878406524658
likely_fake,likely_fake,0.9999165534973145
likely_fake,likely_fake,0.9999217987060547
likely_real,likely_real,0.9999877214431763
likely_real,likely_real,0.9999862909317017
likely_fake,likely_fake,0.999922513961792
likely_fake,likely_fake,0.9999158382415771
likely_real,likely_real,0.9999877214431763
likely_real,likely_real,0.999987006187439
likely_real,likely_real,0.9999877214431763
likely_fake,likely_fake,0.999914288520813
likely_real,likely_real,0.9999876022338867
likely_fake,likely_fake,0.999910831451416
likely_real,likely_real,0.999987006187439
likely_fake,likely_fake,0.9999020099639893
likely_fake,likely_fake,0.9998689889907837
likely_real,likely_real,0.9999876022338867
likely_fake,likely_fake,0.9999178647994995
likely_fake,likely_fake,0.9999039173126221
likely_fake,likely_fake,0.9998931884765625
likely_fake,likely_fake,0.9999085664749146
likely_real,likely_real,0.9999876022338867
likely_fake,likely_fake,0.9999228715896606
likely_real,likely_real,0.9999877214431763
likely_fake,likely_fake,0.9998703002929688
likely_real,likely_real,0.9999880790710449
likely_fake,likely_fake,0.9999289512634277
likely_fake,likely_fake,0.9999047517776489
likely_fake,likely_fake,0.9999114274978638
likely_real,likely_real,0.9999874830245972
likely_fake,likely_fake,0.9999241828918457
likely_real,likely_real,0.9999877214431763
likely_fake,likely_fake,0.9999144077301025
likely_fake,likely_fake,0.9999122619628906
likely_real,likely_real,0.9999872446060181
likely_fake,likely_fake,0.9998842477798462
likely_fake,likely_fake,0.9999110698699951
likely_real,likely_real,0.9999873638153076
likely_fake,likely_fake,0.9999092817306519
likely_fake,likely_fake,0.9999203681945801
likely_real,likely_real,0.9999877214431763
likely_real,likely_real,0.9999878406524658
likely_fake,likely_fake,0.9999191761016846
likely_fake,likely_fake,0.9999147653579712
likely_real,likely_real,0.9999872446060181
likely_real,likely_real,0.9999879598617554
likely_real,likely_real,0.9999878406524658
likely_real,likely_real,0.9999877214431763
likely_real,likely_real,0.9999868869781494
likely_real,likely_real,0.9999877214431763
likely_real,likely_real,0.9999877214431763
likely_fake,likely_fake,0.9999169111251831
likely_real,likely_real,0.9999871253967285
likely_real,likely_real,0.9999884366989136
likely_fake,likely_fake,0.9999176263809204
likely_fake,likely_fake,0.9998843669891357
likely_fake,likely_fake,0.9999042749404907
likely_fake,likely_fake,0.9998276233673096
likely_fake,likely_fake,0.9999185800552368
likely_real,likely_real,0.9999877214431763
likely_fake,likely_fake,0.9999094009399414
likely_real,likely_real,0.9999879598617554
likely_real,likely_real,0.9999858140945435
likely_fake,likely_fake,0.9998331069946289
likely_real,likely_real,0.9999877214431763
likely_real,likely_real,0.9999879598617554
likely_real,likely_real,0.9999877214431763
likely_real,likely_real,0.9999876022338867
likely_real,likely_real,0.999988317489624
likely_real,likely_real,0.9999872446060181
likely_real,likely_real,0.9999873638153076
likely_fake,likely_fake,0.9999182224273682
likely_real,likely_real,0.9999878406524658
likely_real,likely_real,0.9999874830245972
likely_fake,likely_fake,0.9998804330825806
likely_fake,likely_fake,0.9998966455459595
likely_fake,likely_fake,0.9998972415924072
likely_fake,likely_fake,0.9999051094055176
likely_real,likely_real,0.9999879598617554
likely_fake,likely_fake,0.9998917579650879
likely_fake,likely_fake,0.9999163150787354
likely_real,likely_real,0.9999880790710449
likely_real,likely_real,0.9999877214431763
likely_fake,likely_fake,0.9999004602432251
likely_fake,likely_fake,0.9998964071273804
likely_fake,likely_fake,0.9999144077301025
likely_real,likely_real,0.9999873638153076
likely_real,likely_real,0.9999871253967285
likely_fake,likely_fake,0.999915361404419
likely_fake,likely_fake,0.9999175071716309
likely_real,likely_real,0.9999877214431763
likely_real,likely_real,0.9999879598617554
likely_fake,likely_fake,0.9999195337295532
likely_fake,likely_fake,0.9999072551727295
likely_fake,likely_fake,0.9999213218688965
likely_fake,likely_fake,0.9999189376831055
likely_real,likely_real,0.9999877214431763
likely_real,likely_real,0.9999878406524658
likely_real,likely_real,0.9999877214431763
likely_real,likely_real,0.9999873638153076
likely_fake,likely_fake,0.999910831451416
likely_real,likely_real,0.9999880790710449
likely_fake,likely_fake,0.9999212026596069
likely_real,likely_real,0.9999878406524658
likely_fake,likely_fake,0.9999113082885742
likely_fake,likely_fake,0.9999213218688965
likely_real,likely_real,0.9999873638153076
likely_real,likely_real,0.9999878406524658
likely_real,likely_real,0.9999876022338867
likely_fake,likely_fake,0.9999154806137085
likely_fake,likely_fake,0.9999096393585205
likely_real,likely_real,0.9999877214431763
likely_fake,likely_fake,0.9999028444290161
likely_real,likely_real,0.9999873638153076
likely_fake,likely_fake,0.9998487234115601
likely_fake,likely_fake,0.9998750686645508
likely_real,likely_real,0.9999877214431763
likely_fake,likely_fake,0.9999237060546875
likely_fake,likely_fake,0.9999059438705444
likely_fake,likely_fake,0.9999209642410278
likely_fake,likely_fake,0.999915599822998
likely_real,likely_real,0.9999879598617554
likely_real,likely_real,0.9999873638153076
likely_real,likely_real,0.9999864101409912
likely_fake,likely_fake,0.999910831451416
likely_fake,likely_fake,0.9999148845672607
likely_real,likely_real,0.9999878406524658
likely_fake,likely_fake,0.9997289776802063
likely_real,likely_real,0.9999878406524658
likely_real,likely_real,0.9999874830245972
likely_real,likely_real,0.9999873638153076
likely_real,likely_real,0.9999878406524658
likely_fake,likely_fake,0.9999237060546875
likely_real,likely_real,0.9999880790710449
likely_real,likely_real,0.9999873638153076
likely_fake,likely_fake,0.9999134540557861
likely_real,likely_real,0.9999876022338867
likely_real,likely_real,0.9999876022338867
likely_real,likely_real,0.999987006187439
likely_fake,likely_fake,0.9998989105224609
likely_real,likely_real,0.9999873638153076
likely_fake,likely_fake,0.9998579025268555
likely_real,likely_real,0.999987006187439
likely_real,likely_real,0.9999877214431763
likely_real,likely_real,0.9999879598617554
likely_real,likely_real,0.9999878406524658
likely_fake,likely_fake,0.9999160766601562
likely_real,likely_real,0.9999877214431763
likely_fake,likely_fake,0.9999033212661743
likely_real,likely_real,0.9999872446060181
likely_fake,likely_fake,0.9999126195907593
likely_fake,likely_fake,0.9999110698699951
likely_fake,likely_fake,0.9999078512191772
likely_fake,likely_fake,0.9999033212661743
likely_real,likely_real,0.9999878406524658
likely_real,likely_real,0.9999873638153076
likely_fake,likely_fake,0.9998726844787598
likely_fake,likely_fake,0.9999176263809204
likely_real,likely_real,0.9999878406524658
likely_fake,likely_fake,0.999894380569458
likely_real,likely_real,0.9999877214431763
likely_real,likely_real,0.9999880790710449
likely_fake,likely_fake,0.9999134540557861
likely_real,likely_real,0.9999880790710449
likely_real,likely_real,0.9999861717224121
likely_real,likely_real,0.9999877214431763
likely_real,likely_real,0.9999874830245972
likely_fake,likely_fake,0.9999072551727295
likely_fake,likely_fake,0.999734103679657
likely_fake,likely_fake,0.9998602867126465
likely_real,likely_real,0.9999861717224121
likely_real,likely_real,0.9999864101409912
likely_fake,likely_fake,0.999906063079834
likely_real,likely_real,0.9999879598617554
likely_real,likely_real,0.9999873638153076
likely_real,likely_real,0.9999879598617554
likely_fake,likely_fake,0.9998993873596191
likely_fake,likely_fake,0.999909520149231
likely_fake,likely_fake,0.9999024868011475
likely_fake,likely_fake,0.9999216794967651
likely_fake,likely_fake,0.99989914894104
likely_real,likely_real,0.9999872446060181
likely_real,likely_real,0.9999879598617554
likely_real,likely_real,0.9999877214431763
likely_real,likely_real,0.9999865293502808
likely_fake,likely_fake,0.9998853206634521
likely_fake,likely_fake,0.9999221563339233
likely_real,likely_real,0.9999878406524658
likely_fake,likely_fake,0.9999200105667114
likely_fake,likely_fake,0.9999240636825562
likely_real,likely_real,0.9999871253967285
likely_real,likely_real,0.9999877214431763
likely_real,likely_real,0.9999876022338867
likely_real,likely_real,0.9999879598617554
likely_real,likely_real,0.9999881982803345
likely_fake,likely_fake,0.9998776912689209
likely_real,likely_real,0.9999872446060181
likely_real,likely_real,0.9999867677688599
likely_real,likely_real,0.9999872446060181
likely_fake,likely_fake,0.9999082088470459
likely_real,likely_real,0.9999879598617554
likely_real,likely_real,0.9999871253967285
likely_real,likely_real,0.9999872446060181
likely_fake,likely_fake,0.99982088804245
likely_fake,likely_fake,0.9999171495437622
likely_fake,likely_fake,0.9999206066131592
likely_fake,likely_fake,0.9999275207519531
likely_fake,likely_fake,0.9999220371246338
likely_fake,likely_fake,0.9998544454574585
likely_real,likely_real,0.9999877214431763
likely_fake,likely_fake,0.9981149435043335
likely_real,likely_real,0.9999879598617554
likely_fake,likely_fake,0.9998983144760132
likely_real,likely_real,0.9999878406524658
likely_real,likely_real,0.9999878406524658
likely_fake,likely_fake,0.9999086856842041
likely_real,likely_real,0.9999864101409912
likely_real,likely_real,0.999987006187439
likely_real,likely_real,0.9999872446060181
likely_fake,likely_fake,0.9998446702957153
likely_fake,likely_fake,0.9998726844787598
likely_fake,likely_fake,0.9999027252197266
likely_real,likely_real,0.9999880790710449
likely_real,likely_real,0.9999879598617554
likely_fake,likely_fake,0.9999055862426758
likely_fake,likely_fake,0.9998966455459595
likely_real,likely_real,0.9999868869781494
likely_real,likely_real,0.9999873638153076
likely_real,likely_real,0.9999878406524658
likely_fake,likely_fake,0.9996839761734009
likely_real,likely_real,0.9999880790710449
likely_real,likely_real,0.9999864101409912
likely_fake,likely_fake,0.9999022483825684
likely_real,likely_real,0.9999878406524658
likely_fake,likely_fake,0.999879002571106
likely_fake,likely_fake,0.9996353387832642
likely_fake,likely_fake,0.9998749494552612
likely_fake,likely_fake,0.9998986721038818
likely_real,likely_real,0.9999880790710449
likely_fake,likely_fake,0.9999114274978638
likely_real,likely_real,0.9999874830245972
likely_real,likely_real,0.9999879598617554
likely_fake,likely_fake,0.9999179840087891
likely_real,likely_real,0.9999862909317017
likely_fake,likely_fake,0.9999041557312012
likely_real,likely_real,0.9999877214431763
likely_fake,likely_fake,0.9999163150787354
likely_real,likely_real,0.9999877214431763
likely_fake,likely_fake,0.999879002571106
likely_fake,likely_fake,0.9998989105224609
likely_real,likely_real,0.9999871253967285
likely_real,likely_real,0.9999866485595703
likely_fake,likely_fake,0.9999045133590698
likely_fake,likely_fake,0.9998886585235596
likely_fake,likely_fake,0.999915599822998
likely_fake,likely_fake,0.9999141693115234
likely_real,likely_real,0.9999862909317017
likely_fake,likely_fake,0.9998519420623779
likely_real,likely_real,0.9999868869781494
likely_fake,likely_fake,0.9999287128448486
likely_fake,likely_fake,0.9999059438705444
likely_real,likely_real,0.9999860525131226
likely_fake,likely_fake,0.9999030828475952
likely_real,likely_real,0.9999867677688599
likely_real,likely_real,0.9999872446060181
likely_fake,likely_fake,0.9997795224189758
likely_fake,likely_fake,0.9999247789382935
likely_fake,likely_fake,0.9999246597290039
likely_fake,likely_fake,0.9999125003814697
likely_fake,likely_fake,0.9995883107185364
likely_fake,likely_fake,0.9999088048934937
likely_real,likely_real,0.9999879598617554
likely_real,likely_real,0.9999877214431763
likely_fake,likely_fake,0.9998997449874878
likely_fake,likely_fake,0.9999277591705322
likely_fake,likely_fake,0.9999027252197266
likely_real,likely_real,0.9999867677688599
likely_real,likely_real,0.9999876022338867
likely_fake,likely_fake,0.9999070167541504
likely_fake,likely_fake,0.9998389482498169
likely_real,likely_real,0.9999879598617554
likely_real,likely_real,0.9999880790710449
likely_fake,likely_fake,0.9999028444290161
likely_fake,likely_fake,0.9999103546142578
likely_real,likely_real,0.9999876022338867
likely_fake,likely_fake,0.9999170303344727
likely_fake,likely_fake,0.9999247789382935
likely_fake,likely_fake,0.9999229907989502
likely_real,likely_real,0.9999880790710449
likely_real,likely_real,0.9999874830245972
likely_real,likely_real,0.999987006187439
likely_real,likely_real,0.9999878406524658
likely_real,likely_real,0.9999872446060181
likely_real,likely_real,0.9999877214431763
likely_real,likely_real,0.9999878406524658
likely_real,likely_real,0.9999872446060181
likely_real,likely_real,0.9999876022338867
likely_real,likely_real,0.9999879598617554
likely_fake,likely_fake,0.99991774559021
likely_fake,likely_fake,0.9999233484268188
likely_fake,likely_fake,0.999904990196228
likely_fake,likely_fake,0.999721348285675
likely_real,likely_real,0.9999880790710449
likely_fake,likely_fake,0.9999160766601562
likely_real,likely_real,0.9999878406524658
likely_real,likely_real,0.9999874830245972
likely_fake,likely_fake,0.9999097585678101
likely_real,likely_real,0.9999879598617554
likely_real,likely_real,0.9999874830245972
likely_fake,likely_fake,0.9999301433563232
likely_real,likely_real,0.9999876022338867
likely_fake,likely_fake,0.9998999834060669
likely_real,likely_real,0.9999874830245972
likely_fake,likely_fake,0.9999173879623413
likely_real,likely_real,0.9999868869781494
likely_real,likely_real,0.9999872446060181
likely_fake,likely_fake,0.9999057054519653
likely_fake,likely_fake,0.9998894929885864
likely_real,likely_real,0.9999880790710449
likely_fake,likely_fake,0.9999094009399414
likely_fake,likely_fake,0.9999269247055054
likely_real,likely_real,0.9999876022338867
likely_fake,likely_fake,0.9998877048492432
likely_fake,likely_fake,0.9999217987060547
likely_real,likely_real,0.9999865293502808
likely_real,likely_real,0.9999877214431763
likely_real,likely_real,0.9999876022338867
likely_real,likely_real,0.9999872446060181
likely_fake,likely_fake,0.9999157190322876
likely_real,likely_real,0.9999879598617554
likely_real,likely_real,0.9999879598617554
likely_real,likely_real,0.9999880790710449
likely_fake,likely_fake,0.9999276399612427
likely_real,likely_real,0.9999874830245972
likely_real,likely_real,0.9999881982803345
likely_real,likely_real,0.9999879598617554
likely_real,likely_real,0.9999879598617554
likely_real,likely_real,0.9999872446060181
likely_fake,likely_fake,0.9999222755432129
likely_real,likely_real,0.999987006187439
likely_fake,likely_fake,0.9998961687088013
likely_fake,likely_fake,0.9998507499694824
likely_fake,likely_fake,0.9999001026153564
likely_fake,likely_fake,0.9999257326126099
likely_fake,likely_fake,0.9998306035995483
likely_real,likely_real,0.9999873638153076
likely_fake,likely_fake,0.9998971223831177
likely_fake,likely_fake,0.99991774559021
likely_real,likely_real,0.9999874830245972
likely_real,likely_real,0.9999877214431763
likely_real,likely_real,0.9999874830245972
likely_real,likely_real,0.9999878406524658
likely_fake,likely_fake,0.9999291896820068
likely_real,likely_real,0.9999879598617554
likely_real,likely_real,0.9999880790710449
likely_real,likely_real,0.9999878406524658
likely_real,likely_real,0.9999865293502808
likely_real,likely_real,0.9999873638153076
likely_real,likely_real,0.9999872446060181
likely_fake,likely_fake,0.9999254941940308
likely_fake,likely_fake,0.9999251365661621
likely_fake,likely_fake,0.9999244213104248
likely_fake,likely_fake,0.9998935461044312
likely_fake,likely_fake,0.9998809099197388
likely_real,likely_real,0.9999879598617554
likely_real,likely_real,0.9999880790710449
likely_fake,likely_fake,0.9999043941497803
likely_real,likely_real,0.9999879598617554
likely_fake,likely_fake,0.9999185800552368
likely_real,likely_real,0.9999879598617554
likely_fake,likely_fake,0.9999067783355713
likely_fake,likely_fake,0.9999200105667114
likely_real,likely_real,0.9999873638153076
likely_fake,likely_fake,0.9998940229415894
likely_fake,likely_fake,0.9999216794967651
likely_real,likely_real,0.9999872446060181
likely_real,likely_real,0.9999879598617554
likely_fake,likely_fake,0.9998940229415894
likely_real,likely_real,0.9999881982803345
likely_real,likely_real,0.9999873638153076
likely_real,likely_real,0.9999868869781494
likely_fake,likely_fake,0.9999064207077026
likely_fake,likely_fake,0.9999058246612549
likely_fake,likely_fake,0.999914288520813
likely_fake,likely_fake,0.9999215602874756
likely_fake,likely_fake,0.9999189376831055
likely_fake,likely_fake,0.9998657703399658
likely_fake,likely_fake,0.9998787641525269
likely_fake,likely_fake,0.9999080896377563
likely_real,likely_real,0.9999880790710449
likely_real,likely_real,0.9999878406524658
likely_fake,likely_fake,0.9998800754547119
likely_real,likely_real,0.9999877214431763
likely_real,likely_real,0.9999876022338867
likely_real,likely_real,0.9999880790710449
likely_fake,likely_fake,0.9998953342437744
likely_real,likely_real,0.9999877214431763
likely_fake,likely_fake,0.9999040365219116
likely_real,likely_real,0.9999871253967285
likely_real,likely_real,0.9999880790710449
likely_real,likely_real,0.9999867677688599
likely_real,likely_real,0.9999880790710449
likely_fake,likely_fake,0.9999189376831055
likely_fake,likely_fake,0.9999252557754517
likely_real,likely_real,0.9999879598617554
likely_real,likely_real,0.9999874830245972
likely_real,likely_real,0.9999876022338867
likely_fake,likely_fake,0.9999165534973145
likely_real,likely_real,0.9999876022338867
likely_fake,likely_fake,0.9999011754989624
likely_real,likely_real,0.9999873638153076
likely_real,likely_real,0.9999872446060181
likely_real,likely_real,0.9999876022338867
likely_real,likely_real,0.9999877214431763
likely_real,likely_real,0.9999877214431763
likely_fake,likely_fake,0.9999198913574219
likely_fake,likely_fake,0.9998683929443359
likely_fake,likely_fake,0.9998677968978882
likely_real,likely_real,0.9999874830245972
likely_fake,likely_fake,0.9999265670776367
likely_fake,likely_fake,0.999927282333374
likely_fake,likely_fake,0.9999074935913086
likely_fake,likely_fake,0.9999186992645264
likely_fake,likely_fake,0.9999164342880249
likely_real,likely_real,0.9999879598617554
likely_real,likely_real,0.9999877214431763
likely_fake,likely_fake,0.9999088048934937
likely_fake,likely_fake,0.999909520149231
likely_fake,likely_fake,0.9999200105667114
likely_real,likely_real,0.9999872446060181
likely_real,likely_real,0.9999878406524658
likely_real,likely_real,0.9999880790710449
likely_fake,likely_fake,0.9999068975448608
likely_real,likely_real,0.9999877214431763
likely_real,likely_real,0.9999872446060181
likely_fake,likely_fake,0.9999064207077026
likely_real,likely_real,0.9999876022338867
likely_fake,likely_fake,0.9999167919158936
likely_real,likely_real,0.9999877214431763
likely_fake,likely_fake,0.9998911619186401
likely_real,likely_real,0.9999878406524658
likely_real,likely_real,0.999983549118042
likely_real,likely_real,0.9999880790710449
likely_fake,likely_fake,0.9996606111526489
likely_real,likely_real,0.9999877214431763
likely_real,likely_real,0.9999877214431763
likely_real,likely_real,0.9999879598617554
likely_fake,likely_fake,0.9999204874038696
likely_real,likely_real,0.9999880790710449
likely_fake,likely_fake,0.9997121691703796
likely_fake,likely_fake,0.9999037981033325
likely_fake,likely_fake,0.9999088048934937
likely_real,likely_real,0.9999878406524658
likely_fake,likely_fake,0.9999103546142578
likely_fake,likely_fake,0.9999297857284546
likely_fake,likely_fake,0.9999204874038696
likely_real,likely_real,0.9999871253967285
likely_real,likely_real,0.9999879598617554
likely_real,likely_real,0.9999876022338867
likely_fake,likely_fake,0.9999268054962158
likely_fake,likely_fake,0.9999247789382935
likely_fake,likely_fake,0.9999057054519653
likely_real,likely_real,0.9999881982803345
likely_fake,likely_fake,0.9998742341995239
likely_real,likely_real,0.9999879598617554
likely_real,likely_real,0.9999878406524658
likely_real,likely_real,0.9999878406524658
likely_real,likely_real,0.9999872446060181
likely_real,likely_real,0.999987006187439
likely_fake,likely_fake,0.9999154806137085
likely_real,likely_real,0.9999865293502808
likely_fake,likely_fake,0.9999233484268188
likely_real,likely_real,0.9999878406524658
likely_fake,likely_fake,0.9998894929885864
likely_fake,likely_fake,0.9999215602874756
likely_real,likely_real,0.9999876022338867
likely_fake,likely_fake,0.999923825263977
likely_fake,likely_fake,0.9998989105224609
likely_fake,likely_fake,0.9998775720596313
likely_fake,likely_fake,0.9999210834503174
likely_real,likely_real,0.9999877214431763
likely_fake,likely_fake,0.9998528957366943
likely_real,likely_real,0.9999880790710449
likely_fake,likely_fake,0.9999222755432129
likely_real,likely_real,0.9999879598617554
likely_fake,likely_fake,0.9999135732650757
likely_fake,likely_fake,0.9999220371246338
likely_fake,likely_fake,0.9998823404312134
likely_fake,likely_fake,0.999922513961792
likely_real,likely_real,0.9999877214431763
likely_fake,likely_fake,0.999884843826294
likely_real,likely_real,0.9999876022338867
likely_fake,likely_fake,0.9998760223388672
likely_real,likely_real,0.9999879598617554
likely_real,likely_real,0.9620776176452637
likely_real,likely_real,0.9999864101409912
likely_fake,likely_fake,0.9998499155044556
likely_fake,likely_fake,0.9998949766159058
likely_real,likely_real,0.9999872446060181
likely_fake,likely_fake,0.9999200105667114
likely_real,likely_real,0.9999874830245972
likely_fake,likely_fake,0.9999262094497681
likely_fake,likely_fake,0.9998306035995483
likely_fake,likely_fake,0.9999001026153564
likely_real,likely_real,0.999987006187439
likely_real,likely_real,0.9999879598617554
likely_real,likely_real,0.9999876022338867
likely_real,likely_real,0.999988317489624
likely_fake,likely_fake,0.9999183416366577
likely_fake,likely_fake,0.99985671043396
likely_fake,likely_fake,0.9999192953109741
likely_real,likely_real,0.9999878406524658
likely_fake,likely_fake,0.9999215602874756
likely_real,likely_real,0.9999879598617554
likely_real,likely_real,0.9999862909317017
likely_real,likely_real,0.9999884366989136
likely_real,likely_real,0.9999872446060181
likely_fake,likely_fake,0.9999176263809204
likely_real,likely_real,0.9999881982803345
likely_real,likely_real,0.9999874830245972
likely_fake,likely_fake,0.9999266862869263
likely_real,likely_real,0.9999878406524658
likely_real,likely_real,0.9999876022338867
likely_fake,likely_fake,0.9999274015426636
likely_fake,likely_fake,0.9999206066131592
likely_real,likely_real,0.9999881982803345
likely_fake,likely_fake,0.9998883008956909
likely_real,likely_real,0.9999877214431763
likely_real,likely_real,0.999988317489624
likely_fake,likely_fake,0.9999048709869385
likely_fake,likely_fake,0.9999181032180786
likely_real,likely_real,0.9999880790710449
likely_fake,likely_fake,0.999907374382019
likely_real,likely_real,0.9999874830245972
likely_real,likely_real,0.9999878406524658
likely_fake,likely_fake,0.9998767375946045
likely_fake,likely_fake,0.9999054670333862
likely_fake,likely_fake,0.9999213218688965
likely_real,likely_real,0.9999874830245972
likely_fake,likely_fake,0.9999170303344727
likely_fake,likely_fake,0.9998871088027954
likely_fake,likely_fake,0.9999191761016846
likely_fake,likely_fake,0.9999074935913086
likely_real,likely_real,0.9999871253967285
likely_real,likely_real,0.9999868869781494
likely_fake,likely_fake,0.9999086856842041
likely_fake,likely_fake,0.9999045133590698
likely_real,likely_real,0.9999880790710449
likely_real,likely_real,0.9999876022338867
likely_fake,likely_fake,0.9998953342437744
likely_real,likely_real,0.9999877214431763
likely_real,likely_real,0.9999877214431763
likely_fake,likely_fake,0.9999183416366577
likely_real,likely_real,0.9999877214431763
likely_fake,likely_fake,0.9999148845672607
likely_real,likely_real,0.9999876022338867
likely_real,likely_real,0.9999874830245972
likely_real,likely_real,0.9999877214431763
likely_fake,likely_fake,0.9998703002929688
likely_fake,likely_fake,0.9999141693115234
likely_real,likely_real,0.9999880790710449
likely_real,likely_real,0.9999874830245972
likely_fake,likely_fake,0.9997794032096863
likely_real,likely_real,0.9999873638153076
likely_real,likely_real,0.9999879598617554
likely_real,likely_real,0.9999879598617554
likely_real,likely_real,0.9999879598617554
likely_fake,likely_fake,0.9998868703842163
likely_real,likely_real,0.9999879598617554
likely_real,likely_real,0.9999871253967285
likely_fake,likely_fake,0.999913215637207
likely_real,likely_real,0.9999873638153076
likely_fake,likely_fake,0.9999209642410278
likely_real,likely_real,0.9999876022338867
likely_real,likely_real,0.9999873638153076
likely_fake,likely_fake,0.9999066591262817
likely_real,likely_real,0.9999874830245972
likely_real,likely_real,0.9999879598617554
likely_real,likely_real,0.9999879598617554
likely_fake,likely_fake,0.99991774559021
likely_fake,likely_fake,0.999870777130127
likely_fake,likely_fake,0.9999303817749023
likely_fake,likely_fake,0.9998767375946045
likely_fake,likely_fake,0.9999021291732788
likely_fake,likely_fake,0.9999186992645264
likely_real,likely_real,0.9999877214431763
likely_real,likely_real,0.9999879598617554
likely_real,likely_real,0.9999872446060181
likely_real,likely_real,0.9999877214431763
likely_real,likely_real,0.9999874830245972
likely_fake,likely_fake,0.9999022483825684
likely_fake,likely_fake,0.9999105930328369
likely_real,likely_real,0.9999879598617554
likely_real,likely_real,0.9999876022338867
likely_real,likely_real,0.9999874830245972
likely_real,likely_real,0.9999872446060181
likely_fake,likely_fake,0.9999147653579712
likely_fake,likely_fake,0.9998822212219238
likely_real,likely_real,0.9999872446060181
likely_real,likely_real,0.9999877214431763
likely_fake,likely_fake,0.9999104738235474
likely_fake,likely_fake,0.9999154806137085
likely_real,likely_real,0.9999880790710449
likely_fake,likely_fake,0.9998233914375305
likely_fake,likely_fake,0.999923586845398
likely_fake,likely_fake,0.9998157620429993
likely_fake,likely_fake,0.9999204874038696
likely_real,likely_real,0.9999880790710449
likely_real,likely_real,0.9999878406524658
likely_real,likely_real,0.9999880790710449
likely_real,likely_real,0.9999878406524658
likely_real,likely_real,0.999987006187439
likely_real,likely_real,0.9999880790710449
likely_fake,likely_fake,0.9999127388000488
likely_real,likely_real,0.9999879598617554
likely_fake,likely_fake,0.9998935461044312
likely_fake,likely_fake,0.9998860359191895
likely_real,likely_real,0.9999876022338867
likely_fake,likely_fake,0.999927282333374
likely_real,likely_real,0.9999881982803345
likely_fake,likely_fake,0.999907374382019
likely_real,likely_real,0.9999876022338867
likely_fake,likely_fake,0.9999054670333862
likely_fake,likely_fake,0.9998878240585327
likely_fake,likely_fake,0.9998942613601685
likely_real,likely_real,0.9999876022338867
likely_real,likely_real,0.9999878406524658
likely_real,likely_real,0.9999877214431763
likely_fake,likely_fake,0.9998579025268555
likely_fake,likely_fake,0.9999010562896729
likely_fake,likely_fake,0.9999109506607056
likely_real,likely_real,0.9999879598617554
likely_fake,likely_fake,0.9998996257781982
likely_real,likely_real,0.9999868869781494
likely_fake,likely_fake,0.9999293088912964
likely_fake,likely_fake,0.9998995065689087
likely_real,likely_real,0.9999872446060181
likely_fake,likely_fake,0.999881386756897
likely_fake,likely_fake,0.9998956918716431
likely_fake,likely_fake,0.9999071359634399
likely_real,likely_real,0.9999874830245972
likely_real,likely_real,0.9999872446060181
likely_real,likely_real,0.9999877214431763
likely_fake,likely_fake,0.9998883008956909
likely_real,likely_real,0.9999878406524658
likely_real,likely_real,0.9999873638153076
likely_real,likely_real,0.9999872446060181
likely_fake,likely_fake,0.9999178647994995
likely_real,likely_real,0.999988317489624
likely_fake,likely_fake,0.999922513961792
likely_real,likely_real,0.9999877214431763
likely_real,likely_real,0.9999871253967285
likely_real,likely_real,0.9999879598617554
likely_fake,likely_fake,0.9999121427536011
likely_fake,likely_fake,0.9998921155929565
likely_real,likely_real,0.9999878406524658
likely_real,likely_real,0.9999880790710449
likely_real,likely_real,0.9999877214431763
likely_real,likely_real,0.9999876022338867
likely_fake,likely_fake,0.9999188184738159
likely_real,likely_real,0.9999879598617554
likely_fake,likely_fake,0.9999196529388428
likely_real,likely_real,0.999987006187439
likely_real,likely_real,0.9999878406524658
likely_real,likely_real,0.9999879598617554
likely_real,likely_real,0.9999873638153076
likely_fake,likely_fake,0.9999161958694458
likely_fake,likely_fake,0.9999150037765503
likely_fake,likely_fake,0.9999241828918457
likely_real,likely_real,0.9999876022338867
likely_fake,likely_fake,0.9999184608459473
likely_fake,likely_fake,0.9998729228973389
likely_real,likely_real,0.9999873638153076
likely_fake,likely_fake,0.9998738765716553
likely_real,likely_real,0.9999874830245972
likely_real,likely_real,0.9999876022338867
likely_real,likely_real,0.9999878406524658
likely_real,likely_real,0.9999874830245972
likely_real,likely_real,0.9999877214431763
likely_real,likely_real,0.9999867677688599
likely_fake,likely_fake,0.999911904335022
likely_real,likely_real,0.9999879598617554
likely_real,likely_real,0.9999880790710449
likely_real,likely_real,0.9999878406524658
likely_real,likely_real,0.9999871253967285
likely_fake,likely_fake,0.9999065399169922
likely_real,likely_real,0.9999877214431763
likely_real,likely_real,0.9999878406524658
likely_fake,likely_fake,0.9998817443847656
likely_fake,likely_fake,0.9999107122421265
likely_fake,likely_fake,0.9998654127120972
likely_real,likely_real,0.9999880790710449
likely_fake,likely_fake,0.9998959302902222
likely_fake,likely_fake,0.9998924732208252
likely_real,likely_real,0.9999878406524658
likely_real,likely_real,0.999988317489624
likely_real,likely_real,0.9999877214431763
likely_real,likely_real,0.9999877214431763
likely_real,likely_real,0.9999872446060181
likely_real,likely_real,0.9999879598617554
likely_fake,likely_fake,0.9999159574508667
likely_fake,likely_fake,0.9999210834503174
likely_real,likely_real,0.9999878406524658
likely_fake,likely_fake,0.9998843669891357
likely_real,likely_real,0.9999871253967285
likely_real,likely_real,0.9999878406524658
likely_real,likely_real,0.9999871253967285
likely_real,likely_real,0.9999867677688599
likely_fake,likely_fake,0.9999183416366577
likely_real,likely_real,0.9999874830245972
likely_fake,likely_fake,0.9998946189880371
likely_fake,likely_fake,0.999914288520813
likely_fake,likely_fake,0.9999059438705444
likely_fake,likely_fake,0.9998852014541626
likely_real,likely_real,0.9999877214431763
likely_fake,likely_fake,0.9999041557312012
likely_real,likely_real,0.9999873638153076
likely_real,likely_real,0.9999879598617554
likely_real,likely_real,0.9999868869781494
likely_real,likely_real,0.9999873638153076
likely_real,likely_real,0.9999878406524658
likely_fake,likely_fake,0.9998816251754761
likely_real,likely_real,0.9999874830245972
likely_real,likely_real,0.9999876022338867
likely_real,likely_real,0.9999872446060181
likely_fake,likely_fake,0.9998960494995117
likely_real,likely_real,0.9999879598617554
likely_real,likely_real,0.9999879598617554
likely_real,likely_real,0.9999840259552002
likely_real,likely_real,0.9999872446060181
likely_real,likely_real,0.9999878406524658
likely_real,likely_real,0.9999879598617554
likely_fake,likely_fake,0.9999099969863892
likely_fake,likely_fake,0.9999152421951294
likely_fake,likely_fake,0.999910831451416
likely_fake,likely_fake,0.9999263286590576
likely_real,likely_real,0.9999847412109375
likely_real,likely_real,0.999987006187439
likely_real,likely_real,0.9999874830245972
likely_real,likely_real,0.9999873638153076
likely_real,likely_real,0.9999876022338867
likely_real,likely_real,0.9999877214431763
likely_fake,likely_fake,0.9999172687530518
likely_fake,likely_fake,0.9999234676361084
likely_fake,likely_fake,0.9999295473098755
likely_real,likely_real,0.9999874830245972
likely_fake,likely_fake,0.999922513961792
likely_real,likely_real,0.9999877214431763
likely_fake,likely_fake,0.9998959302902222
likely_real,likely_real,0.9999871253967285
likely_real,likely_real,0.9999876022338867
likely_fake,likely_fake,0.999922513961792
likely_fake,likely_fake,0.9998296499252319
likely_real,likely_real,0.9999878406524658
likely_fake,likely_fake,0.9999105930328369
likely_real,likely_real,0.9999866485595703
likely_real,likely_real,0.9999874830245972
likely_fake,likely_fake,0.9998973608016968
likely_fake,likely_fake,0.9999183416366577
likely_real,likely_real,0.9999861717224121
likely_fake,likely_fake,0.999618649482727
likely_real,likely_real,0.9999878406524658
likely_real,likely_real,0.9999871253967285
likely_real,likely_real,0.999988317489624
likely_real,likely_real,0.999987006187439
likely_real,likely_real,0.9999867677688599
likely_real,likely_real,0.9999874830245972
likely_fake,likely_fake,0.9998915195465088
likely_real,likely_real,0.9999872446060181
likely_fake,likely_fake,0.9999229907989502
likely_real,likely_real,0.9999874830245972
likely_real,likely_real,0.999987006187439
likely_fake,likely_fake,0.9999241828918457
likely_fake,likely_fake,0.9999057054519653
likely_real,likely_real,0.9999866485595703
likely_real,likely_real,0.9999879598617554
likely_real,likely_real,0.9999874830245972
likely_real,likely_real,0.9999873638153076
likely_fake,likely_fake,0.9999175071716309
likely_real,likely_real,0.9999878406524658
likely_real,likely_real,0.9999878406524658
likely_real,likely_real,0.9999880790710449
likely_real,likely_real,0.9999876022338867
likely_fake,likely_fake,0.9999018907546997
likely_real,likely_real,0.9999867677688599
likely_fake,likely_fake,0.9998842477798462
likely_real,likely_real,0.9999879598617554
likely_real,likely_real,0.9999873638153076
likely_real,likely_real,0.999988317489624
likely_real,likely_real,0.9999879598617554
likely_real,likely_real,0.9999873638153076
likely_real,likely_real,0.9999871253967285
likely_fake,likely_fake,0.9999146461486816
likely_fake,likely_fake,0.9999146461486816
likely_fake,likely_fake,0.9999219179153442
likely_fake,likely_fake,0.9998831748962402
likely_real,likely_real,0.9999877214431763
likely_real,likely_real,0.999987006187439
likely_real,likely_real,0.9999866485595703
likely_real,likely_real,0.9999877214431763
likely_fake,likely_fake,0.9999057054519653
likely_fake,likely_fake,0.9999121427536011
likely_real,likely_real,0.9999853372573853
likely_real,likely_real,0.9999862909317017
likely_fake,likely_fake,0.999897837638855
likely_fake,likely_fake,0.9998834133148193
likely_real,likely_real,0.9999880790710449
likely_fake,likely_fake,0.999896764755249
likely_fake,likely_fake,0.9999182224273682
likely_real,likely_real,0.999988317489624
likely_real,likely_real,0.9999879598617554
likely_real,likely_real,0.9999876022338867
likely_fake,likely_fake,0.999915361404419
likely_real,likely_real,0.9999879598617554
likely_fake,likely_fake,0.9999195337295532
likely_real,likely_real,0.9999877214431763
likely_real,likely_real,0.9999876022338867
likely_real,likely_real,0.9999877214431763
likely_fake,likely_fake,0.999886155128479
likely_real,likely_real,0.9999877214431763
likely_real,likely_real,0.9999878406524658
likely_fake,likely_fake,0.9999101161956787
likely_fake,likely_fake,0.9999024868011475
likely_real,likely_real,0.9999881982803345
likely_real,likely_real,0.9999877214431763
likely_real,likely_real,0.9999866485595703
likely_real,likely_real,0.9999878406524658
likely_fake,likely_fake,0.9999295473098755
likely_fake,likely_fake,0.9998730421066284
likely_real,likely_real,0.9999878406524658
likely_real,likely_real,0.9999877214431763
likely_fake,likely_fake,0.9999083280563354
likely_real,likely_real,0.9999878406524658
likely_fake,likely_fake,0.9999158382415771
likely_real,likely_real,0.9999876022338867
likely_real,likely_real,0.9999879598617554
likely_fake,likely_fake,0.9998655319213867
likely_real,likely_real,0.9999879598617554
likely_real,likely_real,0.9999865293502808
likely_real,likely_real,0.9999872446060181
likely_real,likely_real,0.9999876022338867
likely_fake,likely_fake,0.9998378753662109
likely_real,likely_real,0.9999878406524658
likely_real,likely_real,0.9999874830245972
likely_fake,likely_fake,0.9999046325683594
likely_real,likely_real,0.9999876022338867
likely_real,likely_real,0.9999877214431763
likely_real,likely_real,0.9999879598617554
likely_real,likely_real,0.9999862909317017
likely_real,likely_real,0.999987006187439
likely_fake,likely_fake,0.9999086856842041
likely_real,likely_real,0.9999877214431763
likely_real,likely_real,0.9999877214431763
likely_real,likely_real,0.9999876022338867
likely_fake,likely_fake,0.9999257326126099
likely_fake,likely_fake,0.9998959302902222
likely_real,likely_real,0.9999876022338867
likely_real,likely_real,0.9999881982803345
likely_fake,likely_fake,0.9999264478683472
likely_fake,likely_fake,0.9998804330825806
likely_real,likely_real,0.9999879598617554
likely_fake,likely_fake,0.9999030828475952
likely_fake,likely_fake,0.9999234676361084
likely_real,likely_real,0.9999877214431763
likely_fake,likely_fake,0.9999191761016846
likely_fake,likely_fake,0.9999144077301025
likely_fake,likely_fake,0.9999021291732788
likely_fake,likely_fake,0.9998494386672974
likely_real,likely_real,0.9999873638153076
likely_real,likely_real,0.9999877214431763
likely_fake,likely_fake,0.9999200105667114
likely_real,likely_real,0.9999874830245972
likely_fake,likely_fake,0.9999274015426636
likely_real,likely_real,0.9999878406524658
likely_fake,likely_fake,0.9999231100082397
likely_real,likely_real,0.999987006187439
likely_fake,likely_fake,0.9998899698257446
likely_fake,likely_fake,0.9999122619628906
likely_real,likely_real,0.9998847246170044
likely_real,likely_real,0.9999877214431763
likely_real,likely_real,0.9999868869781494
likely_fake,likely_fake,0.9999152421951294
likely_real,likely_real,0.9999880790710449
likely_fake,likely_fake,0.9998980760574341
likely_fake,likely_fake,0.9999198913574219
likely_real,likely_real,0.9999877214431763
likely_fake,likely_fake,0.9999167919158936
likely_real,likely_real,0.9999880790710449
likely_fake,likely_fake,0.9998717308044434
likely_real,likely_real,0.9999874830245972
likely_real,likely_real,0.9999874830245972
likely_fake,likely_fake,0.9999101161956787
likely_real,likely_real,0.9999879598617554
likely_fake,likely_fake,0.9997921586036682
likely_fake,likely_fake,0.999896764755249
likely_fake,likely_fake,0.9999144077301025
likely_fake,likely_fake,0.9999207258224487
likely_fake,likely_fake,0.9999271631240845
likely_real,likely_real,0.9999877214431763
likely_fake,likely_fake,0.9998857975006104
likely_fake,likely_fake,0.9998118281364441
likely_fake,likely_fake,0.9999088048934937
likely_real,likely_real,0.9999876022338867
likely_fake,likely_fake,0.999927282333374
likely_fake,likely_fake,0.999913215637207
likely_real,likely_real,0.9999881982803345
likely_fake,likely_fake,0.9999068975448608
likely_fake,likely_fake,0.9999257326126099
likely_fake,likely_fake,0.9999250173568726
likely_real,likely_real,0.9999877214431763
likely_fake,likely_fake,0.9998853206634521
likely_fake,likely_fake,0.999893307685852
likely_fake,likely_fake,0.999910831451416
likely_real,likely_real,0.9999878406524658
likely_real,likely_real,0.9999840259552002
likely_fake,likely_fake,0.999897837638855
likely_fake,likely_fake,0.9999268054962158
likely_fake,likely_fake,0.9999009370803833
likely_fake,likely_fake,0.9999145269393921
likely_real,likely_real,0.9999879598617554
likely_fake,likely_fake,0.9999005794525146
likely_real,likely_real,0.9999876022338867
likely_real,likely_real,0.999988317489624
likely_real,likely_real,0.9999878406524658
likely_real,likely_real,0.9999871253967285
likely_fake,likely_fake,0.9999219179153442
likely_fake,likely_fake,0.9998317956924438
likely_fake,likely_fake,0.9999219179153442
likely_fake,likely_fake,0.9999175071716309
likely_fake,likely_fake,0.9999183416366577
likely_fake,likely_fake,0.9999005794525146
likely_real,likely_real,0.9999878406524658
likely_real,likely_real,0.999988317489624
likely_real,likely_real,0.9999878406524658
likely_fake,likely_fake,0.9999104738235474
likely_real,likely_real,0.9999874830245972
likely_fake,likely_fake,0.9999145269393921
likely_real,likely_real,0.9999874830245972
likely_real,likely_real,0.999985933303833
likely_real,likely_real,0.9999874830245972
likely_fake,likely_fake,0.9999189376831055
likely_real,likely_real,0.999988317489624
likely_real,likely_real,0.9999878406524658
likely_fake,likely_fake,0.999862551689148
likely_fake,likely_fake,0.9998975992202759
likely_real,likely_real,0.9999877214431763
likely_fake,likely_fake,0.9999178647994995
likely_real,likely_real,0.9999880790710449
likely_fake,likely_fake,0.9998224377632141
likely_real,likely_real,0.9999877214431763
likely_real,likely_real,0.9999880790710449
likely_fake,likely_fake,0.9999088048934937
likely_fake,likely_fake,0.9999105930328369
likely_real,likely_real,0.9999876022338867
likely_fake,likely_fake,0.9995474219322205
likely_fake,likely_fake,0.9999256134033203
likely_fake,likely_fake,0.9998981952667236
likely_real,likely_real,0.9999871253967285
likely_real,likely_real,0.9999871253967285
likely_real,likely_real,0.9999876022338867
likely_fake,likely_fake,0.9999226331710815
likely_fake,likely_fake,0.9999037981033325
likely_real,likely_real,0.9999871253967285
likely_fake,likely_fake,0.9998137354850769
likely_real,likely_real,0.9999874830245972
likely_real,likely_real,0.9999873638153076
likely_fake,likely_fake,0.9999037981033325
likely_real,likely_real,0.9999880790710449
likely_real,likely_real,0.9999867677688599
likely_fake,likely_fake,0.999909520149231
likely_real,likely_real,0.9999845027923584
likely_fake,likely_fake,0.999923825263977
likely_fake,likely_fake,0.9999250173568726
likely_fake,likely_fake,0.999901294708252
likely_fake,likely_fake,0.999913215637207
likely_real,likely_real,0.9999873638153076
likely_fake,likely_fake,0.9999213218688965
likely_fake,likely_fake,0.999902606010437
